t_low,t_high,fraud_loss,customer_loss,op_cost,total_cost,savings,effective_recall,n_challenged,n_blocked,challenge_rate,block_rate,legit_challenged,legit_blocked
0.02,0.02,105162.015,595303917.2179999,0.0,595409079.2329999,-537468660.6729999,0.9950787401574803,0,107463,0.0,0.909870626883869,0,103419
0.02,0.04,132797.40675,522631499.26175994,93920.0,522858216.66850996,-464917798.10850996,0.9940083661417323,18784,88679,0.15904087784062046,0.7508297490432485,18755,84664
0.02,0.06,208723.55099999998,463108665.56000006,164680.0,463482069.11100006,-405541650.55100006,0.992310531496063,32936,74527,0.2788634131472889,0.6310072137365801,32861,70558
0.02,0.08,278627.1045,415603484.78636,216190.0,416098301.89086,-358157883.33086,0.9906496062992126,43238,64225,0.36608866461205,0.543781962271819,43118,60301
0.02,0.1,379063.53900000005,376022318.19163996,256015.0,376657396.73063993,-318716978.17063993,0.9885088582677166,51203,56260,0.4335269414434247,0.47634368544044436,51025,52394
0.02,0.12000000000000001,501408.63375,340109688.94036,288640.0,340899737.57411003,-282959319.01411,0.9868110236220473,57728,49735,0.4887729874352288,0.4210976394486402,57504,45915
0.02,0.13999999999999999,579562.92225,310010283.53111994,314895.0,310904741.4533699,-252964322.8933699,0.9848548228346456,62979,44484,0.5332322958648017,0.3766383310190673,62702,40717
0.02,0.16,642239.871,282535992.65808,337125.0,283515357.52908,-225574938.96907997,0.9828986220472441,67425,40038,0.5708758085819758,0.3389948183018932,67095,36324
0.02,0.18,719499.8047499999,259879514.41628,355530.0,260954544.22103,-203014125.66103,0.9812376968503937,71106,36357,0.602042198665628,0.3078284282182409,70731,32688
0.02,0.19999999999999998,819392.82675,238394801.82312,371560.0,239585754.64987,-181645336.08987,0.9794660433070866,74312,33151,0.6291868459376164,0.28068378094625257,73889,29530
0.02,0.22,916999.389,219404290.53080004,385390.0,220706679.91980004,-162766261.35980004,0.9778051181102363,77078,30385,0.6526060893419582,0.2572645375419108,76610,26809
0.02,0.24,1060300.8667499998,203958168.94136,397130.0,205415599.80811,-147475181.24811,0.9761811023622047,79426,28037,0.6724861990720358,0.23738442781183325,78914,24505
0.02,0.26,1130689.16775,190379464.50116,407500.0,191917653.66891,-133977235.10891,0.9748892716535432,81500,25963,0.6900463982118061,0.21982422867206286,80953,22466
0.02,0.28,1224730.0004999998,177175553.57636,417225.0,178817508.57685998,-120877090.01685998,0.9732652559055118,83445,24018,0.7065143766721983,0.20335625021167067,82854,20565
0.02,0.30000000000000004,1351672.0597499998,166555260.80159998,425755.0,168332687.86134997,-110392269.30134997,0.9714197834645669,85151,22312,0.7209587834863007,0.18891184339756834,84510,18909
0.02,0.32,1550623.3005,155513366.73544002,433785.0,157497775.03594002,-99557356.47594002,0.9689837598425196,86757,20706,0.7345565076032107,0.17531411928065838,86050,17369
0.02,0.34,1660576.67025,145799908.63196,441155.0,147901640.30221,-89961221.74221,0.9672859251968504,88231,19232,0.7470366105598266,0.1628340163240424,87478,15941
0.02,0.36000000000000004,1781880.6134999995,137426578.91264,447485.0,139655944.52614,-81715525.96614,0.9655511811023622,89497,17966,0.7577556135062824,0.15211501337758662,88697,14722
0.02,0.38,1855849.9964999997,129863561.08556,453305.0,132172716.08206,-74232297.52205999,0.9641486220472442,90661,16802,0.7676110001016019,0.14225962678226708,89823,13596
0.02,0.4,1940195.4262499998,122740927.09392002,458825.0,125139947.52017002,-67199528.96017002,0.962376968503937,91765,15698,0.776958377078606,0.13291224980526298,90879,12540
0.02,0.42000000000000004,2062023.2557499998,116991777.56060001,463700.0,119517500.81635001,-61577082.25635001,0.960568405511811,92740,14723,0.7852135333762319,0.12465709350763708,91805,11614
0.02,0.44,2151666.6217499995,110872700.68132001,468590.0,113492957.30307001,-55552538.74307001,0.9585383858267716,93718,13745,0.7934940901547736,0.1163765367290954,92728,10691
0.02,0.46,2329652.436,105187824.87248,473145.0,107990622.30848001,-50050203.74848001,0.9562130905511812,94629,12834,0.8012073695261963,0.10866325735767264,93576,9843
0.02,0.48000000000000004,2425597.1572499997,100372583.45308,477215.0,103275395.61033,-45334977.05033,0.9542199803149606,95443,12020,0.8080993666813425,0.1017712602025265,94336,9083
0.02,0.5,2565467.832,95532466.7282,481175.0,98579109.5602,-40638691.0002,0.9517101377952756,96235,11228,0.8148050936431063,0.0950655332407627,95060,8359
0.02,0.52,2699486.898,90101293.05156001,485030.0,93285809.94956002,-35345391.389560014,0.9496432086614173,97006,10457,0.8213330172384598,0.08853760964540928,95775,7644
0.02,0.54,2856509.7795,85158467.62644002,488690.0,88503667.40594003,-30563248.845940024,0.9470595472440945,97738,9725,0.8275307345819081,0.08233989230196091,96437,6982
0.02,0.56,3051891.97725,80761198.50704001,492180.0,84305270.48429,-26364851.92429,0.9445866141732284,98436,9027,0.833440579808311,0.07643004707555796,97068,6351
0.02,0.5800000000000001,3260119.2644999996,76631270.75188,495280.0,80386670.01638001,-22446251.45638001,0.9421136811023622,99056,8407,0.8386900125309039,0.07118061435296508,97621,5798
0.02,0.6,3404706.9240000006,72805451.99803999,498105.0,76708263.92203999,-18767845.362039983,0.9398622047244094,99621,7842,0.843473769770041,0.06639685711382802,98125,5294
0.02,0.62,3540381.318,69007354.20264,501000.0,73048735.52064,-15108316.960639998,0.9373892716535434,100200,7263,0.848376062586785,0.061494564297084026,98637,4782
0.02,0.64,3708458.4352499996,65887661.51036,503635.0,70099754.94561,-12159336.38561,0.9348794291338582,100727,6736,0.852838080400989,0.05703254648288007,99096,4323
0.02,0.66,3892882.4467499997,62397535.73284,506315.0,66796733.17959,-8856314.61959,0.9321481299212598,101263,6200,0.8573762996579402,0.05249432722592881,99558,3861
0.02,0.68,4025893.9057499995,58860377.0972,508755.0,63395026.00295,-5454607.442949995,0.9300812007874015,101751,5712,0.8615081112202391,0.048362515663629896,99990,3429
0.02,0.7000000000000001,4276149.308999999,55544198.81204,511365.0,60331713.12104,-2391294.561039999,0.9270915354330708,102273,5190,0.8659277948995834,0.04394283198428557,100431,2988
0.02,0.7200000000000001,4512571.236,52414761.72644,513745.0,57441077.96244,499340.5975600034,0.9238065944881889,102749,4714,0.8699580045382193,0.03991262234564975,100818,2601
0.02,0.74,4759559.31,49394087.82179999,515860.0,54669507.131799996,3270911.4282000065,0.9208907480314961,103172,4291,0.8735394723473431,0.03633115453652589,101162,2257
0.02,0.76,5024680.876499999,46533268.00771999,518085.0,52076033.88421999,5864384.675780013,0.9175319881889764,103617,3846,0.8773072103498493,0.03256341653401971,101516,1903
0.02,0.78,5300542.75725,44070131.86396,519900.0,49890574.621209994,8049843.938790008,0.914431594488189,103980,3483,0.8803806685406577,0.0294899583432113,101795,1624
0.02,0.8,5532225.650249999,41833291.078360006,521820.0,47887336.72861001,10053081.831389993,0.9111097440944882,104364,3099,0.8836319300978766,0.026238696785992482,102089,1330
0.02,0.8200000000000001,5773636.79925,39996909.22256,523455.0,46294001.02181,11646417.53819,0.9081200787401574,104691,2772,0.8864005825176957,0.023470044366173334,102335,1084
0.02,0.8400000000000001,6068661.6532499995,38051697.45316,525120.0,44645479.106410004,13294939.453589998,0.9048351377952756,105024,2439,0.8892200358993464,0.02065059098452264,102579,840
0.02,0.86,6350457.173999999,36184706.5514,526715.0,43061878.7254,14878539.834600002,0.9007750984251969,105343,2120,0.8919209537033901,0.017949673180478885,102788,631
0.02,0.88,6625189.160999999,35079356.2674,527915.0,42232460.428399995,15707958.131600007,0.8977485236220472,105583,1880,0.8939529921766519,0.01591763470721712,102946,473
0.02,0.9,6957636.683249999,34155978.40304,529110.0,41642725.08629,16297693.47371,0.8936884842519685,105822,1641,0.8959765638229417,0.013894063060927287,103075,344
0.02,0.92,7104744.1695,33355505.202920005,530105.0,40990354.372420006,16950064.187579997,0.889886811023622,106021,1442,0.8976614623903546,0.01220916449351441,103171,248
0.02,0.9400000000000001,7373202.755999999,32841603.773120005,531130.0,40745936.529120006,17194482.030879997,0.8852362204724409,106226,1237,0.8993971619195991,0.01047346496426999,103250,169
0.02,0.9600000000000001,7654249.18425,32639514.49592,532185.0,40825948.68017,17114469.879830003,0.8795152559055118,106437,1026,0.9011836624106749,0.008686964473194026,103306,113
0.02,0.98,8106110.734499998,32499796.327759996,534320.0,41140227.062259994,16800191.497740008,0.8659694881889763,106864,599,0.9047989975276866,0.005071629356182477,103366,53
0.04,0.04,289397.96,518639283.22199994,0.0,518928681.1819999,-460988262.6219999,0.9879429133858267,0,88679,0.0,0.7508297490432485,0,84664
0.04,0.06,365324.10425000003,459116449.52024007,70760.0,459552533.6244901,-401612115.0644901,0.9862450787401574,14152,74527,0.11982253530666848,0.6310072137365801,14106,70558
0.04,0.08,435227.65775,411611268.74660003,122270.0,412168766.40435004,-354228347.84435004,0.9845841535433071,24454,64225,0.20704778677142954,0.543781962271819,24363,60301
0.04,0.1,535664.09225,372030102.15187997,162095.0,372727861.24412996,-314787442.68412995,0.9824434055118111,32419,56260,0.2744860636028042,0.47634368544044436,32270,52394
0.04,0.12000000000000001,658009.1869999999,336117472.9006,194720.0,336970202.0876,-279029783.5276,0.9807455708661418,38944,49735,0.3297321095946083,0.4210976394486402,38749,45915
0.04,0.13999999999999999,736163.4755,306018067.49135995,220975.0,306975205.96685994,-249034787.40685993,0.9787893700787402,44195,44484,0.37419141802418127,0.3766383310190673,43947,40717
0.04,0.16,798840.4242499999,278543776.61832,243205.0,279585822.04257,-221645403.48257,0.9768331692913386,48641,40038,0.41183493074135535,0.3389948183018932,48340,36324
0.04,0.18,876100.358,255887298.37652,261610.0,257025008.73452002,-199084590.17452002,0.9751722440944882,52322,36357,0.4430013208250076,0.3078284282182409,51976,32688
0.04,0.19999999999999998,975993.3799999999,234402585.78336,277640.0,235656219.16336,-177715800.60336,0.9734005905511811,55528,33151,0.470145968096996,0.28068378094625257,55134,29530
0.04,0.22,1073599.94225,215412074.49104002,291470.0,216777144.43329003,-158836725.87329003,0.9717396653543308,58294,30385,0.49356521150133775,0.2572645375419108,57855,26809
0.04,0.24,1216901.4200000002,199965952.9016,303210.0,201486064.3216,-143545645.7616,0.9701156496062993,60642,28037,0.5134453212314153,0.23738442781183325,60159,24505
0.04,0.26,1287289.721,186387248.4614,313580.0,187988118.1824,-130047699.62239999,0.9688238188976378,62716,25963,0.5310055203711856,0.21982422867206286,62198,22466
0.04,0.28,1381330.55375,173183337.5366,323305.0,174887973.09035,-116947554.53035,0.9671998031496063,64661,24018,0.5474734988315779,0.20335625021167067,64099,20565
0.04,0.30000000000000004,1508272.613,162563044.76184,331835.0,164403152.37484,-106462733.81483999,0.9653543307086614,66367,22312,0.5619179056456802,0.18891184339756834,65755,18909
0.04,0.32,1707223.85375,151521150.69568,339865.0,153568239.54942998,-95627820.98942998,0.9629183070866142,67973,20706,0.5755156297625902,0.17531411928065838,67295,17369
0.04,0.34,1817177.2234999998,141807692.5922,347235.0,143972104.81570002,-86031686.25570002,0.9612204724409449,69447,19232,0.5879957327192061,0.1628340163240424,68723,15941
0.04,0.36000000000000004,1938481.16675,133434362.87288001,353565.0,135726409.03963003,-77785990.47963002,0.9594857283464566,70713,17966,0.5987147356656619,0.15211501337758662,69942,14722
0.04,0.38,2012450.54975,125871345.0458,359385.0,128243180.59555,-70302762.03555,0.9580831692913386,71877,16802,0.6085701222609815,0.14225962678226708,71068,13596
0.04,0.4,2096795.9794999997,118748711.05416003,364905.0,121210412.03366002,-63269993.47366002,0.9563115157480314,72981,15698,0.6179174992379856,0.13291224980526298,72124,12540
0.04,0.42000000000000004,2218623.809,112999561.52084002,369780.0,115587965.32984002,-57647546.76984002,0.9545029527559055,73956,14723,0.6261726555356115,0.12465709350763708,73050,11614
0.04,0.44,2308267.175,106880484.64156,374670.0,109563421.81656,-51623003.25656,0.9524729330708661,74934,13745,0.6344532123141532,0.1163765367290954,73973,10691
0.04,0.46,2486252.98925,101195608.83272001,379225.0,104061086.82197002,-46120668.26197001,0.9501476377952757,75845,12834,0.6421664916855759,0.10866325735767264,74821,9843
0.04,0.48000000000000004,2582197.7105,96380367.41332,383295.0,99345860.12382,-41405441.563820004,0.9481545275590552,76659,12020,0.649058488840722,0.1017712602025265,75581,9083
0.04,0.5,2722068.38525,91540250.68844001,387255.0,94649574.07369001,-36709155.51369001,0.94564468503937,77451,11228,0.6557642158024859,0.0950655332407627,76305,8359
0.04,0.52,2856087.4512499995,86109077.01180002,391110.0,89356274.46305002,-31415855.90305002,0.9435777559055117,78222,10457,0.6622921393978393,0.08853760964540928,77020,7644
0.04,0.54,3013110.3327499996,81166251.58668001,394770.0,84574131.91943,-26633713.35943,0.9409940944881889,78954,9725,0.6684898567412876,0.08233989230196091,77682,6982
0.04,0.56,3208492.5305,76768982.46728,398260.0,80375734.99778,-22435316.437779993,0.9385211614173228,79652,9027,0.6743997019676906,0.07643004707555796,78313,6351
0.04,0.5800000000000001,3416719.81775,72639054.71212001,401360.0,76457134.52987002,-18516715.969870016,0.9360482283464566,80272,8407,0.6796491346902834,0.07118061435296508,78866,5798
0.04,0.6,3561307.4772499995,68813235.95828,404185.0,72778728.43552999,-14838309.87552999,0.9337967519685039,80837,7842,0.6844328919294206,0.06639685711382802,79370,5294
0.04,0.62,3696981.87125,65015138.16288,407080.0,69119200.03413,-11178781.474130005,0.9313238188976377,81416,7263,0.6893351847461645,0.061494564297084026,79882,4782
0.04,0.64,3865058.9884999995,61895445.4706,409715.0,66170219.4591,-8229800.899099998,0.9288139763779527,81943,6736,0.6937972025603685,0.05703254648288007,80341,4323
0.04,0.66,4049483.0,58405319.69308001,412395.0,62867197.69308001,-4926779.133080006,0.9260826771653543,82479,6200,0.6983354218173198,0.05249432722592881,80803,3861
0.04,0.68,4182494.459,54868161.05744,414835.0,59465490.51644,-1525071.9564399943,0.924015748031496,82967,5712,0.7024672333796187,0.048362515663629896,81235,3429
0.04,0.7000000000000001,4432749.86225,51551982.77228001,417445.0,56402177.63453001,1538240.9254699945,0.9210260826771653,83489,5190,0.706886917058963,0.04394283198428557,81676,2988
0.04,0.7200000000000001,4669171.789249999,48422545.686680004,419825.0,53511542.475930005,4428876.084069997,0.9177411417322834,83965,4714,0.7109171266975988,0.03991262234564975,82063,2601
0.04,0.74,4916159.86325,45401871.78204,421940.0,50739971.64529,7200446.91471,0.9148252952755905,84388,4291,0.7144985945067227,0.03633115453652589,82407,2257
0.04,0.76,5181281.429749999,42541051.96796,424165.0,48146498.397709996,9793920.162290007,0.9114665354330708,84833,3846,0.7182663325092289,0.03256341653401971,82761,1903
0.04,0.78,5457143.3105,40077915.824200004,425980.0,45961039.1347,11979379.425300002,0.9083661417322835,85196,3483,0.7213397907000373,0.0294899583432113,83040,1624
0.04,0.8,5688826.203500001,37841075.038600005,427900.0,43957801.24210001,13982617.317899995,0.9050442913385827,85580,3099,0.7245910522572561,0.026238696785992482,83334,1330
0.04,0.8200000000000001,5930237.3525,36004693.1828,429535.0,42364465.5353,15575953.0247,0.9020546259842519,85907,2772,0.7273597046770752,0.023470044366173334,83580,1084
0.04,0.8400000000000001,6225262.2065,34059481.4134,431200.0,40715943.6199,17224474.9401,0.89876968503937,86240,2439,0.7301791580587259,0.02065059098452264,83824,840
0.04,0.86,6507057.727249999,32192490.511640005,432795.0,39132343.23889001,18808075.321109995,0.8947096456692913,86559,2120,0.7328800758627697,0.017949673180478885,84033,631
0.04,0.88,6781789.71425,31087140.227639996,433995.0,38302924.941889994,19637493.61811001,0.8916830708661416,86799,1880,0.7349121143360314,0.01591763470721712,84191,473
0.04,0.9,7114237.236500001,30163762.363279995,435190.0,37713189.59977999,20227228.96022001,0.8876230314960629,87038,1641,0.7369356859823213,0.013894063060927287,84320,344
0.04,0.92,7261344.72275,29363289.163160004,436185.0,37060818.885910004,20879599.674089998,0.8838213582677165,87237,1442,0.7386205845497341,0.01220916449351441,84416,248
0.04,0.9400000000000001,7529803.309249999,28849387.733360004,437210.0,36816401.042610005,21124017.517389998,0.8791707677165354,87442,1237,0.7403562840789786,0.01047346496426999,84495,169
0.04,0.9600000000000001,7810849.737499999,28647298.456159998,438265.0,36896413.19366,21044005.366340004,0.8734498031496063,87653,1026,0.7421427845700546,0.008686964473194026,84551,113
0.04,0.98,8262711.287749999,28507580.288000003,440400.0,37210691.57575,20729726.98425,0.8599040354330709,88080,599,0.7457581196870661,0.005071629356182477,84611,53
0.06,0.06,795572.255,455803326.51800007,0.0,456598898.77300006,-398658480.21300006,0.9766240157480315,0,74527,0.0,0.6310072137365801,0,70558
0.06,0.08,865475.8085,408298145.74436,51510.0,409215131.55286,-351274712.99286,0.9749630905511811,10302,64225,0.08722525146476107,0.543781962271819,10257,60301
0.06,0.1,965912.243,368716979.14963996,91335.0,369774226.39263994,-311833807.83263993,0.9728223425196851,18267,56260,0.15466352829613575,0.47634368544044436,18164,52394
0.06,0.12000000000000001,1088257.33775,332804349.89836,123960.0,334016567.23611003,-276076148.67611,0.9711245078740157,24792,49735,0.20990957428793985,0.4210976394486402,24643,45915
0.06,0.13999999999999999,1166411.62625,302704944.48911995,150215.0,304021571.11537,-246081152.55536997,0.9691683070866142,30043,44484,0.2543688827175128,0.3766383310190673,29841,40717
0.06,0.16,1229088.575,275230653.61608,172445.0,276632187.19108,-218691768.63107997,0.9672121062992126,34489,40038,0.2920123954346869,0.3389948183018932,34234,36324
0.06,0.18,1306348.50875,252574175.37428,190850.0,254071373.88303,-196130955.32303,0.9655511811023622,38170,36357,0.3231787855183392,0.3078284282182409,37870,32688
0.06,0.19999999999999998,1406241.53075,231089462.78112,206880.0,232702584.31187,-174762165.75187,0.9637795275590552,41376,33151,0.3503234327903275,0.28068378094625257,41028,29530
0.06,0.22,1503848.0929999999,212098951.48880002,220710.0,213823509.5818,-155883091.0218,0.9621186023622048,44142,30385,0.3737426761946693,0.2572645375419108,43749,26809
0.06,0.24,1647149.57075,196652829.89936,232450.0,198532429.47011,-140592010.91011,0.9604945866141732,46490,28037,0.39362278592474687,0.23738442781183325,46053,24505
0.06,0.26,1717537.87175,183074125.45916,242820.0,185034483.33091,-127094064.77091,0.9592027559055117,48564,25963,0.4111829850645172,0.21982422867206286,48092,22466
0.06,0.28,1811578.7045,169870214.53436,252545.0,171934338.23885998,-113993919.67885998,0.9575787401574803,50509,24018,0.4276509635249094,0.20335625021167067,49993,20565
0.06,0.30000000000000004,1938520.76375,159249921.75959998,261075.0,161449517.52334997,-103509098.96334997,0.9557332677165354,52215,22312,0.44209537033901175,0.18891184339756834,51649,18909
0.06,0.32,2137472.0045,148208027.69344002,269105.0,150614604.69794002,-92674186.13794002,0.9532972440944881,53821,20706,0.4556930944559217,0.17531411928065838,53189,17369
0.06,0.34,2247425.37425,138494569.58996,276475.0,141018469.96421,-83078051.40421,0.9515994094488189,55295,19232,0.46817319741253766,0.1628340163240424,54617,15941
0.06,0.36000000000000004,2368729.3175,130121239.87064001,282805.0,132772774.18814,-74832355.62814,0.9498646653543307,56561,17966,0.47889220035899344,0.15211501337758662,55836,14722
0.06,0.38,2442698.7005,122558222.04356,288625.0,125289545.74406,-67349127.18405999,0.9484621062992127,57725,16802,0.48874758695431303,0.14225962678226708,56962,13596
0.06,0.4,2527044.13025,115435588.05192003,294145.0,118256777.18217003,-60316358.62217003,0.9466904527559055,58829,15698,0.4980949639313171,0.13291224980526298,58018,12540
0.06,0.42000000000000004,2648871.95975,109686438.51860002,299020.0,112634330.47835001,-54693911.91835001,0.9448818897637795,59804,14723,0.506350120228943,0.12465709350763708,58944,11614
0.06,0.44,2738515.32575,103567361.63932,303910.0,106609786.96507,-48669368.40506999,0.9428518700787402,60782,13745,0.5146306770074847,0.1163765367290954,59867,10691
0.06,0.46,2916501.1399999997,97882485.83048001,308465.0,101107451.97048001,-43167033.41048001,0.9405265748031496,61693,12834,0.5223439563789074,0.10866325735767264,60715,9843
0.06,0.48000000000000004,3012445.8612499996,93067244.41108,312535.0,96392225.27233,-38451806.71233,0.9385334645669291,62507,12020,0.5292359535340536,0.1017712602025265,61475,9083
0.06,0.5,3152316.536,88227127.68620001,316495.0,91695939.2222,-33755520.662200004,0.9360236220472441,63299,11228,0.5359416804958174,0.0950655332407627,62199,8359
0.06,0.52,3286335.602,82795954.00956002,320350.0,86402639.61156002,-28462221.051560014,0.9339566929133858,64070,10457,0.5424696040911708,0.08853760964540928,62914,7644
0.06,0.54,3443358.4834999996,77853128.58444001,324010.0,81620497.06794001,-23680078.50794001,0.931373031496063,64802,9725,0.5486673214346192,0.08233989230196091,63576,6982
0.06,0.56,3638740.68125,73455859.46504,327500.0,77422100.14629,-19481681.586290002,0.9289000984251969,65500,9027,0.5545771666610221,0.07643004707555796,64207,6351
0.06,0.5800000000000001,3846967.9685,69325931.70988,330600.0,73503499.67838,-15563081.118379995,0.9264271653543307,66120,8407,0.559826599383615,0.07118061435296508,64760,5798
0.06,0.6,3991555.628,65500112.956039995,333425.0,69825093.58404,-11884675.024039999,0.9241756889763779,66685,7842,0.564610356622752,0.06639685711382802,65264,5294
0.06,0.62,4127230.022,61702015.16064,336320.0,66165565.18264,-8225146.622639999,0.9217027559055119,67264,7263,0.5695126494394961,0.061494564297084026,65776,4782
0.06,0.64,4295307.139250001,58582322.46836,338955.0,63216584.60761,-5276166.04761,0.9191929133858268,67791,6736,0.5739746672537,0.05703254648288007,66235,4323
0.06,0.66,4479731.15075,55092196.690840006,341635.0,59913562.84159,-1973144.2815899998,0.9164616141732284,68327,6200,0.5785128865106512,0.05249432722592881,66697,3861
0.06,0.68,4612742.60975,51555038.0552,344075.0,56511855.664950006,1428562.8950499967,0.91439468503937,68815,5712,0.5826446980729502,0.048362515663629896,67129,3429
0.06,0.7000000000000001,4862998.012999999,48238859.770040005,346685.0,53448542.78304,4491875.77696,0.9114050196850393,69337,5190,0.5870643817522945,0.04394283198428557,67570,2988
0.06,0.7200000000000001,5099419.9399999995,45109422.68444,349065.0,50557907.62444,7382510.935560003,0.9081200787401574,69813,4714,0.5910945913909303,0.03991262234564975,67957,2601
0.06,0.74,5346408.014,42088748.7798,351180.0,47786336.7938,10154081.766200006,0.9052042322834646,70236,4291,0.5946760592000542,0.03633115453652589,68301,2257
0.06,0.76,5611529.580499999,39227928.965720005,353405.0,45192863.546220005,12747555.013779998,0.9018454724409448,70681,3846,0.5984437972025604,0.03256341653401971,68655,1903
0.06,0.78,5887391.46125,36764792.82196,355220.0,43007404.28321,14933014.27679,0.8987450787401575,71044,3483,0.6015172553933688,0.0294899583432113,68934,1624
0.06,0.8,6119074.354250001,34527952.03636,357140.0,41004166.39061,16936252.16939,0.8954232283464567,71428,3099,0.6047685169505876,0.026238696785992482,69228,1330
0.06,0.8200000000000001,6360485.50325,32691570.18056,358775.0,39410830.68381,18529587.87619,0.892433562992126,71755,2772,0.6075371693704067,0.023470044366173334,69474,1084
0.06,0.8400000000000001,6655510.357249999,30746358.41116,360440.0,37762308.76841,20178109.791590005,0.8891486220472441,72088,2439,0.6103566227520575,0.02065059098452264,69718,840
0.06,0.86,6937305.878,28879367.509400003,362035.0,36178708.3874,21761710.1726,0.8850885826771654,72407,2120,0.6130575405561012,0.017949673180478885,69927,631
0.06,0.88,7212037.864999999,27774017.225399997,363235.0,35349290.090399995,22591128.469600007,0.8820620078740157,72647,1880,0.615089579029363,0.01591763470721712,70085,473
0.06,0.9,7544485.387250001,26850639.36104,364430.0,34759554.74829,23180863.81171,0.878001968503937,72886,1641,0.6171131506756528,0.013894063060927287,70214,344
0.06,0.92,7691592.8735,26050166.16092,365425.0,34107184.03442,23833234.525580004,0.8742002952755905,73085,1442,0.6187980492430657,0.01220916449351441,70310,248
0.06,0.9400000000000001,7960051.46,25536264.731119998,366450.0,33862766.19112,24077652.368880004,0.8695497047244094,73290,1237,0.62053374877231,0.01047346496426999,70389,169
0.06,0.9600000000000001,8241097.88825,25334175.45392,367505.0,33942778.34217,23997640.217830002,0.8638287401574803,73501,1026,0.622320249263386,0.008686964473194026,70445,113
0.06,0.98,8692959.4385,25194457.28576,369640.0,34257056.72426,23683361.83574,0.8502829724409449,73928,599,0.6259355843803976,0.005071629356182477,70505,53
0.08,0.08,1261595.945,405619439.31200004,0.0,406881035.257,-348940616.697,0.9655511811023622,0,64225,0.0,0.543781962271819,0,60301
0.08,0.1,1362032.3795,366038272.71728,39825.0,367440130.09677994,-309499711.53677994,0.9634104330708662,7965,56260,0.06743827683137467,0.47634368544044436,7907,52394
0.08,0.12000000000000001,1484377.47425,330125643.466,72450.0,331682470.94025004,-273742052.38025004,0.9617125984251969,14490,49735,0.12268432282317879,0.4210976394486402,14386,45915
0.08,0.13999999999999999,1562531.76275,300026238.05675995,98705.0,301687474.81951,-243747056.25950998,0.9597563976377952,19741,44484,0.16714363125275172,0.3766383310190673,19584,40717
0.08,0.16,1625208.7115,272551947.18372,120935.0,274298090.89522,-216357672.33521998,0.9578001968503937,24187,40038,0.20478714396992584,0.3389948183018932,23977,36324
0.08,0.18,1702468.64525,249895468.94192,139340.0,251737277.58717,-193796859.02717,0.9561392716535433,27868,36357,0.23595353405357808,0.3078284282182409,27613,32688
0.08,0.19999999999999998,1802361.66725,228410756.34876,155370.0,230368488.01601002,-172428069.45601,0.9543676181102363,31074,33151,0.26309818132556645,0.28068378094625257,30771,29530
0.08,0.22,1899968.2295,209420245.05644003,169200.0,211489413.28594002,-153548994.72594002,0.9527066929133858,33840,30385,0.2865174247299082,0.2572645375419108,33492,26809
0.08,0.24,2043269.70725,193974123.467,180940.0,196198333.17425,-138257914.61425,0.9510826771653543,36188,28037,0.3063975344599858,0.23738442781183325,35796,24505
0.08,0.26,2113658.00825,180395419.02679998,191310.0,182700387.03504997,-124759968.47504997,0.9497908464566929,38262,25963,0.32395773359975616,0.21982422867206286,37835,22466
0.08,0.28,2207698.841,167191508.102,201035.0,169600241.943,-111659823.38299999,0.9481668307086614,40207,24018,0.3404257120601483,0.20335625021167067,39736,20565
0.08,0.30000000000000004,2334640.90025,156571215.32724,209565.0,159115421.22748998,-101175002.66748998,0.9463213582677165,41913,22312,0.3548701188742507,0.18891184339756834,41392,18909
0.08,0.32,2533592.141,145529321.26108,217595.0,148280508.40208,-90340089.84208,0.9438853346456693,43519,20706,0.36846784299116064,0.17531411928065838,42932,17369
0.08,0.34,2643545.5107500004,135815863.15760002,224965.0,138684373.66835,-80743955.10835001,0.9421875000000001,44993,19232,0.3809479459477766,0.1628340163240424,44360,15941
0.08,0.36000000000000004,2764849.454,127442533.43828,231295.0,130438677.89228,-72498259.33228,0.9404527559055118,46259,17966,0.3916669488942324,0.15211501337758662,45579,14722
0.08,0.38,2838818.837,119879515.6112,237115.0,122955449.4482,-65015030.8882,0.9390501968503937,47423,16802,0.40152233548955196,0.14225962678226708,46705,13596
0.08,0.4,2923164.26675,112756881.61956002,242635.0,115922680.88631001,-57982262.32631001,0.9372785433070866,48527,15698,0.410869712466556,0.13291224980526298,47761,12540
0.08,0.42000000000000004,3044992.0962500004,107007732.08624002,247510.0,110300234.18249002,-52359815.62249002,0.9354699803149606,49502,14723,0.4191248687641819,0.12465709350763708,48687,11614
0.08,0.44,3134635.46225,100888655.20696,252400.0,104275690.66920999,-46335272.109209985,0.9334399606299213,50480,13745,0.4274054255427236,0.1163765367290954,49610,10691
0.08,0.46,3312621.2765,95203779.39812,256955.0,98773355.67462,-40832937.11462,0.9311146653543307,51391,12834,0.4351187049141464,0.10866325735767264,50458,9843
0.08,0.48000000000000004,3408565.99775,90388537.97872,261025.0,94058128.97647,-36117710.41646999,0.9291215551181102,52205,12020,0.4420107020692925,0.1017712602025265,51218,9083
0.08,0.5,3548436.6725000003,85548421.25384001,264985.0,89361842.92634001,-31421424.36634001,0.9266117125984252,52997,11228,0.4487164290310563,0.0950655332407627,51942,8359
0.08,0.52,3682455.7385,80117247.57720001,268840.0,84068543.31570001,-26128124.755700007,0.9245447834645669,53768,10457,0.4552443526264097,0.08853760964540928,52657,7644
0.08,0.54,3839478.62,75174422.15208001,272500.0,79286400.77208002,-21345982.212080017,0.9219611220472441,54500,9725,0.4614420699698581,0.08233989230196091,53319,6982
0.08,0.56,4034860.8177499995,70777153.03268,275990.0,75088003.85043001,-17147585.29043001,0.919488188976378,55198,9027,0.46735191519626107,0.07643004707555796,53950,6351
0.08,0.5800000000000001,4243088.1049999995,66647225.27752,279090.0,71169403.38252,-13228984.822520003,0.9170152559055118,55818,8407,0.47260134791885394,0.07118061435296508,54503,5798
0.08,0.6,4387675.7645000005,62821406.52368,281915.0,67490997.28818001,-9550578.728180006,0.914763779527559,56383,7842,0.477385105157991,0.06639685711382802,55007,5294
0.08,0.62,4523350.158500001,59023308.72828001,284810.0,63831468.88678001,-5891050.326780006,0.912290846456693,56962,7263,0.48228739797473497,0.061494564297084026,55519,4782
0.08,0.64,4691427.27575,55903616.036,287445.0,60882488.311749995,-2942069.7517499924,0.9097810039370079,57489,6736,0.48674941578893893,0.05703254648288007,55978,4323
0.08,0.66,4875851.28725,52413490.258480005,290125.0,57579466.54573,360952.01427000016,0.9070497047244095,58025,6200,0.4912876350458902,0.05249432722592881,56440,3861
0.08,0.68,5008862.74625,48876331.62284,292565.0,54177759.369090006,3762659.1909099966,0.9049827755905512,58513,5712,0.4954194466081891,0.048362515663629896,56872,3429
0.08,0.7000000000000001,5259118.1495,45560153.33768,295175.0,51114446.487179995,6825972.072820008,0.9019931102362204,59035,5190,0.49983913028753346,0.04394283198428557,57313,2988
0.08,0.7200000000000001,5495540.0764999995,42430716.25208001,297555.0,48223811.32858001,9716607.231419995,0.8987081692913386,59511,4714,0.5038693399261692,0.03991262234564975,57700,2601
0.08,0.74,5742528.1504999995,39410042.347440004,299670.0,45452240.497940004,12488178.062059999,0.8957923228346457,59934,4291,0.5074508077352932,0.03633115453652589,58044,2257
0.08,0.76,6007649.717,36549222.533360004,301895.0,42858767.250360005,15081651.309639998,0.892433562992126,60379,3846,0.5112185457377993,0.03256341653401971,58398,1903
0.08,0.78,6283511.597750001,34086086.38960001,303710.0,40673307.98735001,17267110.572649993,0.8893331692913385,60742,3483,0.5142920039286077,0.0294899583432113,58677,1624
0.08,0.8,6515194.49075,31849245.604000002,305630.0,38670070.09475,19270348.46525,0.8860113188976378,61126,3099,0.5175432654858265,0.026238696785992482,58971,1330
0.08,0.8200000000000001,6756605.639750001,30012863.7482,307265.0,37076734.38795,20863684.17205,0.8830216535433071,61453,2772,0.5203119179056457,0.023470044366173334,59217,1084
0.08,0.8400000000000001,7051630.49375,28067651.9788,308930.0,35428212.47255,22512206.087450005,0.8797367125984252,61786,2439,0.5231313712872964,0.02065059098452264,59461,840
0.08,0.86,7333426.0145000005,26200661.077040005,310525.0,33844612.09154001,24095806.468459994,0.8756766732283464,62105,2120,0.5258322890913402,0.017949673180478885,59670,631
0.08,0.88,7608158.0015,25095310.793040007,311725.0,33015193.794540007,24925224.765459996,0.8726500984251968,62345,1880,0.5278643275646019,0.01591763470721712,59828,473
0.08,0.9,7940605.52375,24171932.928680003,312920.0,32425458.452430002,25514960.10757,0.8685900590551181,62584,1641,0.5298878992108917,0.013894063060927287,59957,344
0.08,0.92,8087713.010000001,23371459.728560004,313915.0,31773087.738560006,26167330.821439996,0.8647883858267716,62783,1442,0.5315727977783046,0.01220916449351441,60053,248
0.08,0.9400000000000001,8356171.596500001,22857558.298759997,314940.0,31528669.89526,26411748.664740004,0.8601377952755905,62988,1237,0.533308497307549,0.01047346496426999,60132,169
0.08,0.9600000000000001,8637218.024749998,22655469.02156,315995.0,31608682.046309996,26331736.513690006,0.8544168307086614,63199,1026,0.535094997798625,0.008686964473194026,60188,113
0.08,0.98,9089079.575,22515750.853400003,318130.0,31922960.428400002,26017458.1316,0.8408710629921259,63626,599,0.5387103329156365,0.005071629356182477,60248,53
0.1,0.1,1931172.1749999998,363784354.42399997,0.0,365715526.599,-307775108.039,0.9512795275590551,0,56260,0.0,0.47634368544044436,0,52394
0.1,0.12000000000000001,2053517.2697499997,327871725.17272,32625.0,329957867.44247,-272017448.88247,0.9495816929133858,6525,49735,0.05524604599180411,0.4210976394486402,6479,45915
0.1,0.13999999999999999,2131671.55825,297772319.76347995,58880.0,299962871.32172996,-242022452.76172996,0.9476254921259842,11776,44484,0.09970535442137704,0.3766383310190673,11677,40717
0.1,0.16,2194348.5069999998,270298028.89044,81110.0,272573487.39744,-214633068.83744,0.9456692913385827,16222,40038,0.13734886713855116,0.3389948183018932,16070,36324
0.1,0.18,2271608.4407499996,247641550.64864,99515.0,250012674.08939,-192072255.52939,0.9440083661417322,19903,36357,0.1685152572222034,0.3078284282182409,19706,32688
0.1,0.19999999999999998,2371501.46275,226156838.05548,115545.0,228643884.51823,-170703465.95823,0.9422367125984252,23109,33151,0.19565990449419177,0.28068378094625257,22864,29530
0.1,0.22,2469108.025,207166326.76316002,129375.0,209764809.78816003,-151824391.22816002,0.9405757874015748,25875,30385,0.21907914789853355,0.2572645375419108,25585,26809
0.1,0.24,2612409.50275,191720205.17372,141115.0,194473729.67647,-136533311.11647,0.9389517716535434,28223,28037,0.2389592576286111,0.23738442781183325,27889,24505
0.1,0.26,2682797.80375,178141500.73352,151485.0,180975783.53727,-123035364.97727,0.9376599409448819,30297,25963,0.2565194567683815,0.21982422867206286,29928,22466
0.1,0.28,2776838.6365,164937589.80872,161210.0,167875638.44522,-109935219.88521999,0.9360359251968504,32242,24018,0.27298743522877367,0.20335625021167067,31829,20565
0.1,0.30000000000000004,2903780.69575,154317297.03395998,169740.0,157390817.72970998,-99450399.16970998,0.9341904527559055,33948,22312,0.28743184204287603,0.18891184339756834,33485,18909
0.1,0.32,3102731.9365,143275402.96780002,177770.0,146555904.90430003,-88615486.34430003,0.9317544291338583,35554,20706,0.30102956615978593,0.17531411928065838,35025,17369
0.1,0.34,3212685.3062499994,133561944.86432,185140.0,136959770.17057,-79019351.61056998,0.930056594488189,37028,19232,0.31350966911640193,0.1628340163240424,36453,15941
0.1,0.36000000000000004,3333989.2495,125188615.145,191470.0,128714074.3945,-70773655.8345,0.9283218503937007,38294,17966,0.3242286720628577,0.15211501337758662,37672,14722
0.1,0.38,3407958.6325,117625597.31792,197290.0,121230845.95041999,-63290427.39041999,0.9269192913385826,39458,16802,0.33408405865817725,0.14225962678226708,38798,13596
0.1,0.4,3492304.0622499995,110502963.32628003,202810.0,114198077.38853003,-56257658.82853003,0.9251476377952756,40562,15698,0.34343143563518136,0.13291224980526298,39854,12540
0.1,0.42000000000000004,3614131.8917499995,104753813.79296002,207685.0,108575630.68471001,-50635212.12471001,0.9233390748031496,41537,14723,0.35168659193280727,0.12465709350763708,40780,11614
0.1,0.44,3703775.25775,98634736.91368,212575.0,102551087.17143,-44610668.611430004,0.9213090551181102,42515,13745,0.35996714871134894,0.1163765367290954,41703,10691
0.1,0.46,3881761.0719999997,92949861.10484001,217130.0,97048752.17684,-39108333.616840005,0.9189837598425197,43426,12834,0.3676804280827717,0.10866325735767264,42551,9843
0.1,0.48000000000000004,3977705.7932499996,88134619.68544,221200.0,92333525.47869,-34393106.918689996,0.9169906496062993,44240,12020,0.37457242523791784,0.1017712602025265,43311,9083
0.1,0.5,4117576.468,83294502.96056001,225160.0,87637239.42856,-29696820.86856,0.9144808070866142,45032,11228,0.38127815219968164,0.0950655332407627,44035,8359
0.1,0.52,4251595.534,77863329.28392002,229015.0,82343939.81792001,-24403521.257920012,0.912413877952756,45803,10457,0.38780607579503507,0.08853760964540928,44750,7644
0.1,0.54,4408618.4155,72920503.85880001,232675.0,77561797.27430001,-19621378.714300007,0.9098302165354332,46535,9725,0.39400379313848344,0.08233989230196091,45412,6982
0.1,0.56,4604000.61325,68523234.7394,236165.0,73363400.35265,-15422981.79265,0.9073572834645669,47233,9027,0.39991363836488636,0.07643004707555796,46043,6351
0.1,0.5800000000000001,4812227.9004999995,64393306.98424,239265.0,69444799.88474,-11504381.324739993,0.9048843503937007,47853,8407,0.40516307108747923,0.07118061435296508,46596,5798
0.1,0.6,4956815.56,60567488.230399996,242090.0,65766393.7904,-7825975.230399996,0.9026328740157481,48418,7842,0.40994682832661633,0.06639685711382802,47100,5294
0.1,0.62,5092489.954,56769390.435,244985.0,62106865.389,-4166446.828999996,0.9001599409448819,48997,7263,0.4148491211433603,0.061494564297084026,47612,4782
0.1,0.64,5260567.07125,53649697.74272,247620.0,59157884.81397,-1217466.2539699972,0.8976500984251969,49524,6736,0.4193111389575643,0.05703254648288007,48071,4323
0.1,0.66,5444991.08275,50159571.96520001,250300.0,55854863.04795001,2085555.5120499954,0.8949187992125984,50060,6200,0.4238493582145155,0.05249432722592881,48533,3861
0.1,0.68,5578002.54175,46622413.329560004,252740.0,52453155.87131,5487262.688689999,0.8928518700787402,50548,5712,0.42798116977681444,0.048362515663629896,48965,3429
0.1,0.7000000000000001,5828257.945,43306235.04440001,255350.0,49389842.98940001,8550575.570599996,0.8898622047244094,51070,5190,0.43240085345615875,0.04394283198428557,49406,2988
0.1,0.7200000000000001,6064679.8719999995,40176797.9588,257730.0,46499207.830800004,11441210.729199998,0.8865772637795276,51546,4714,0.43643106309479457,0.03991262234564975,49793,2601
0.1,0.74,6311667.9459999995,37156124.05416,259845.0,43727637.00016,14212781.559840001,0.8836614173228347,51969,4291,0.44001253090391845,0.03633115453652589,50137,2257
0.1,0.76,6576789.512499999,34295304.24008,262070.0,41134163.75258,16806254.80742,0.880302657480315,52414,3846,0.44378026890642464,0.03256341653401971,50491,1903
0.1,0.78,6852651.39325,31832168.09632,263885.0,38948704.48957,18991714.070430003,0.8772022637795275,52777,3483,0.44685372709723303,0.0294899583432113,50770,1624
0.1,0.8,7084334.28625,29595327.310720004,265805.0,36945466.59697001,20994951.963029996,0.8738804133858268,53161,3099,0.45010498865445187,0.026238696785992482,51064,1330
0.1,0.8200000000000001,7325745.435249999,27758945.454919998,267440.0,35352130.89016999,22588287.66983001,0.8708907480314961,53488,2772,0.452873641074271,0.023470044366173334,51310,1084
0.1,0.8400000000000001,7620770.289249999,25813733.68552,269105.0,33703608.97477,24236809.58523,0.8676058070866142,53821,2439,0.4556930944559217,0.02065059098452264,51554,840
0.1,0.86,7902565.81,23946742.78376,270700.0,32120008.59376,25820409.966240004,0.8635457677165354,54140,2120,0.45839401225996546,0.017949673180478885,51763,631
0.1,0.88,8177297.797,22841392.499760002,271900.0,31290590.29676,26649828.263240002,0.8605191929133859,54380,1880,0.46042605073322723,0.01591763470721712,51921,473
0.1,0.9,8509745.319249999,21918014.6354,273095.0,30700854.95465,27239563.605350003,0.8564591535433072,54619,1641,0.46244962237951703,0.013894063060927287,52050,344
0.1,0.92,8656852.8055,21117541.435280003,274090.0,30048484.240780003,27891934.31922,0.8526574803149606,54818,1442,0.4641345209469299,0.01220916449351441,52146,248
0.1,0.9400000000000001,8925311.392,20603640.00548,275115.0,29804066.39748,28136352.162520003,0.8480068897637795,55023,1237,0.4658702204761743,0.01047346496426999,52225,169
0.1,0.9600000000000001,9206357.82025,20401550.728279997,276170.0,29884078.548529997,28056340.011470005,0.8422859251968503,55234,1026,0.4676567209672503,0.008686964473194026,52281,113
0.1,0.98,9658219.370499998,20261832.56012,278305.0,30198356.93062,27742061.629380003,0.8287401574803149,55661,599,0.47127205608426187,0.005071629356182477,52341,53
0.12000000000000001,0.12000000000000001,2746806.1399999997,325802748.412,0.0,328549554.552,-270609135.992,0.9399606299212598,0,49735,0.0,0.4210976394486402,0,45915
0.12000000000000001,0.13999999999999999,2824960.4284999995,295703343.00275993,26255.0,298554558.43125993,-240614139.87125993,0.9380044291338583,5251,44484,0.044459308429572936,0.3766383310190673,5198,40717
0.12000000000000001,0.16,2887637.37725,268229052.12972,48485.0,271165174.50697,-213224755.94697,0.9360482283464566,9697,40038,0.08210282114674705,0.3389948183018932,9591,36324
0.12000000000000001,0.18,2964897.3109999998,245572573.88792,66890.0,248604361.19891998,-190663942.63891998,0.9343873031496063,13378,36357,0.11326921123039929,0.3078284282182409,13227,32688
0.12000000000000001,0.19999999999999998,3064790.3329999996,224087861.29476,82920.0,227235571.62776,-169295153.06776,0.9326156496062993,16584,33151,0.14041385850238763,0.28068378094625257,16385,29530
0.12000000000000001,0.22,3162396.8952499996,205097350.00244004,96750.0,208356496.89769003,-150416078.33769003,0.9309547244094488,19350,30385,0.16383310190672942,0.2572645375419108,19106,26809
0.12000000000000001,0.24,3305698.3729999997,189651228.41300002,108490.0,193065416.786,-135124998.226,0.9293307086614173,21698,28037,0.18371321163680698,0.23738442781183325,21410,24505
0.12000000000000001,0.26,3376086.6739999996,176072523.9728,118860.0,179567470.64679998,-121627052.08679998,0.928038877952756,23772,25963,0.20127341077657737,0.21982422867206286,23449,22466
0.12000000000000001,0.28,3470127.5067499997,162868613.048,128585.0,166467325.55475,-108526906.99475,0.9264148622047244,25717,24018,0.21774138923696956,0.20335625021167067,25350,20565
0.12000000000000001,0.30000000000000004,3597069.5659999996,152248320.27324,137115.0,155982504.83924,-98042086.27924001,0.9245693897637794,27423,22312,0.2321857960510719,0.18891184339756834,27006,18909
0.12000000000000001,0.32,3796020.8067499995,141206426.20708,145145.0,145147592.01383,-87207173.45383,0.9221333661417324,29029,20706,0.24578352016798186,0.17531411928065838,28546,17369
0.12000000000000001,0.34,3905974.1764999996,131492968.1036,152515.0,135551457.2801,-77611038.72009999,0.920435531496063,30503,19232,0.25826362312459783,0.1628340163240424,29974,15941
0.12000000000000001,0.36000000000000004,4027278.1197499996,123119638.38428,158845.0,127305761.50402999,-69365342.94402999,0.9187007874015748,31769,17966,0.2689826260710536,0.15211501337758662,31193,14722
0.12000000000000001,0.38,4101247.50275,115556620.5572,164665.0,119822533.05995,-61882114.49994999,0.9172982283464567,32933,16802,0.27883801266637315,0.14225962678226708,32319,13596
0.12000000000000001,0.4,4185592.932499999,108433986.56556003,170185.0,112789764.49806003,-54849345.93806003,0.9155265748031496,34037,15698,0.28818538964337725,0.13291224980526298,33375,12540
0.12000000000000001,0.42000000000000004,4307420.761999999,102684837.03224002,175060.0,107167317.79424001,-49226899.23424001,0.9137180118110236,35012,14723,0.29644054594100316,0.12465709350763708,34301,11614
0.12000000000000001,0.44,4397064.128,96565760.15296,179950.0,101142774.28096001,-43202355.720960006,0.9116879921259843,35990,13745,0.30472110271954483,0.1163765367290954,35224,10691
0.12000000000000001,0.46,4575049.942249999,90880884.34412001,184505.0,95640439.28637001,-37700020.72637001,0.9093626968503937,36901,12834,0.3124343820909676,0.10866325735767264,36072,9843
0.12000000000000001,0.48000000000000004,4670994.6635,86065642.92472,188575.0,90925212.58822,-32984794.028219998,0.9073695866141732,37715,12020,0.31932637924611373,0.1017712602025265,36832,9083
0.12000000000000001,0.5,4810865.33825,81225526.19984001,192535.0,86228926.53809,-28288507.978090003,0.9048597440944882,38507,11228,0.32603210620787754,0.0950655332407627,37556,8359
0.12000000000000001,0.52,4944884.40425,75794352.52320002,196390.0,80935626.92745002,-22995208.367450014,0.9027928149606299,39278,10457,0.33256002980323096,0.08853760964540928,38271,7644
0.12000000000000001,0.54,5101907.28575,70851527.09808001,200050.0,76153484.38383001,-18213065.82383001,0.900209153543307,40010,9725,0.33875774714667933,0.08233989230196091,38933,6982
0.12000000000000001,0.56,5297289.4835,66454257.97868001,203540.0,71955087.46218,-14014668.902180001,0.897736220472441,40708,9027,0.34466759237308225,0.07643004707555796,39564,6351
0.12000000000000001,0.5800000000000001,5505516.770749999,62324330.22352,206640.0,68036486.99427,-10096068.434269994,0.8952632874015748,41328,8407,0.3499170250956751,0.07118061435296508,40117,5798
0.12000000000000001,0.6,5650104.43025,58498511.46968,209465.0,64358080.89993,-6417662.339929998,0.893011811023622,41893,7842,0.3547007823348122,0.06639685711382802,40621,5294
0.12000000000000001,0.62,5785778.82425,54700413.67428,212360.0,60698552.49853,-2758133.938529998,0.8905388779527558,42472,7263,0.3596030751515562,0.061494564297084026,41133,4782
0.12000000000000001,0.64,5953855.941499999,51580720.982,214995.0,57749571.9235,190846.63650000095,0.8880290354330708,42999,6736,0.3640650929657602,0.05703254648288007,41592,4323
0.12000000000000001,0.66,6138279.953,48090595.20448001,217675.0,54446550.15748001,3493868.4025199935,0.8852977362204724,43535,6200,0.3686033122227114,0.05249432722592881,42054,3861
0.12000000000000001,0.68,6271291.412,44553436.568840005,220115.0,51044842.980840005,6895575.579159997,0.8832308070866142,44023,5712,0.37273512378501034,0.048362515663629896,42486,3429
0.12000000000000001,0.7000000000000001,6521546.81525,41237258.28368001,222725.0,47981530.09893001,9958888.461069994,0.8802411417322835,44545,5190,0.37715480746435465,0.04394283198428557,42927,2988
0.12000000000000001,0.7200000000000001,6757968.742249999,38107821.19808,225105.0,45090894.94033,12849523.619670004,0.8769562007874016,45021,4714,0.38118501710299046,0.03991262234564975,43314,2601
0.12000000000000001,0.74,7004956.816249999,35087147.29344,227220.0,42319324.109689996,15621094.450310007,0.8740403543307086,45444,4291,0.38476648491211435,0.03633115453652589,43658,2257
0.12000000000000001,0.76,7270078.382749999,32226327.479360007,229445.0,39725850.862110004,18214567.69789,0.8706815944881889,45889,3846,0.38853422291462053,0.03256341653401971,44012,1903
0.12000000000000001,0.78,7545940.263499999,29763191.3356,231260.0,37540391.5991,20400026.9609,0.8675812007874015,46252,3483,0.39160768110542893,0.0294899583432113,44291,1624
0.12000000000000001,0.8,7777623.1565,27526350.550000004,233180.0,35537153.7065,22403264.8535,0.8642593503937007,46636,3099,0.39485894266264776,0.026238696785992482,44585,1330
0.12000000000000001,0.8200000000000001,8019034.3055,25689968.6942,234815.0,33943817.9997,23996600.5603,0.8612696850393701,46963,2772,0.39762759508246687,0.023470044366173334,44831,1084
0.12000000000000001,0.8400000000000001,8314059.1595,23744756.9248,236480.0,32295296.0843,25645122.475700002,0.8579847440944882,47296,2439,0.4004470484641176,0.02065059098452264,45075,840
0.12000000000000001,0.86,8595854.68025,21877766.02304,238075.0,30711695.70329,27228722.85671,0.8539247047244094,47615,2120,0.40314796626816135,0.017949673180478885,45284,631
0.12000000000000001,0.88,8870586.66725,20772415.73904,239275.0,29882277.40629,28058141.153710004,0.8508981299212598,47855,1880,0.4051800047414231,0.01591763470721712,45442,473
0.12000000000000001,0.9,9203034.1895,19849037.874679998,240470.0,29292542.064179998,28647876.495820004,0.8468380905511811,48094,1641,0.40720357638771293,0.013894063060927287,45571,344
0.12000000000000001,0.92,9350141.675749999,19048564.67456,241465.0,28640171.350309998,29300247.209690005,0.8430364173228346,48293,1442,0.4088884749551258,0.01220916449351441,45667,248
0.12000000000000001,0.9400000000000001,9618600.262249999,18534663.24476,242490.0,28395753.507009998,29544665.052990004,0.8383858267716535,48498,1237,0.4106241744843702,0.01047346496426999,45746,169
0.12000000000000001,0.9600000000000001,9899646.690499999,18332573.96756,243545.0,28475765.65806,29464652.901940003,0.8326648622047244,48709,1026,0.4124106749754462,0.008686964473194026,45802,113
0.12000000000000001,0.98,10351508.24075,18192855.7994,245680.0,28790044.04015,29150374.51985,0.819119094488189,49136,599,0.41602601009245777,0.005071629356182477,45862,53
0.13999999999999999,0.13999999999999999,3267834.7299999995,293961269.46599996,0.0,297229104.196,-239288685.63599998,0.9269192913385826,0,44484,0.0,0.3766383310190673,0,40717
0.13999999999999999,0.16,3330511.6787499995,266486978.59296,22230.0,269839720.27171,-211899301.71170998,0.9249630905511812,4446,40038,0.03764351271717411,0.3389948183018932,4393,36324
0.13999999999999999,0.18,3407771.6124999993,243830500.35116,40635.0,247278906.96366,-189338488.40366,0.9233021653543307,8127,36357,0.06880990280082636,0.3078284282182409,8029,32688
0.13999999999999999,0.19999999999999998,3507664.6344999997,222345787.75800002,56665.0,225910117.3925,-167969698.8325,0.9215305118110236,11333,33151,0.09595455007281471,0.28068378094625257,11187,29530
0.13999999999999999,0.22,3605271.1967499997,203355276.46568003,70495.0,207031042.66243002,-149090624.10243002,0.9198695866141732,14099,30385,0.1193737934771565,0.2572645375419108,13908,26809
0.13999999999999999,0.24,3748572.6744999997,187909154.87624002,82235.0,191739962.55074,-133799543.99074,0.9182455708661418,16447,28037,0.13925390320723405,0.23738442781183325,16212,24505
0.13999999999999999,0.26,3818960.9754999997,174330450.43603998,92605.0,178242016.41153997,-120301597.85153997,0.9169537401574803,18521,25963,0.15681410234700444,0.21982422867206286,18251,22466
0.13999999999999999,0.28,3913001.80825,161126539.51124,102330.0,165141871.31949002,-107201452.75949001,0.9153297244094488,20466,24018,0.17328208080739663,0.20335625021167067,20152,20565
0.13999999999999999,0.30000000000000004,4039943.8674999997,150506246.73648,110860.0,154657050.60398,-96716632.04398,0.9134842519685039,22172,22312,0.18772648762149896,0.18891184339756834,21808,18909
0.13999999999999999,0.32,4238895.10825,139464352.67032,118890.0,143822137.77857,-85881719.21857,0.9110482283464567,23778,20706,0.20132421173840892,0.17531411928065838,23348,17369
0.13999999999999999,0.34,4348848.477999999,129750894.56684,126260.0,134226003.04483998,-76285584.48483998,0.9093503937007874,25252,19232,0.2138043146950249,0.1628340163240424,24776,15941
0.13999999999999999,0.36000000000000004,4470152.42125,121377564.84752,132590.0,125980307.26877,-68039888.70876999,0.9076156496062993,26518,17966,0.22452331764148067,0.15211501337758662,25995,14722
0.13999999999999999,0.38,4544121.804249999,113814547.02044,138410.0,118497078.82469,-60556660.26469,0.906213090551181,27682,16802,0.2343787042368002,0.14225962678226708,27121,13596
0.13999999999999999,0.4,4628467.233999999,106691913.02880003,143930.0,111464310.26280002,-53523891.70280002,0.904441437007874,28786,15698,0.24372608121380432,0.13291224980526298,28177,12540
0.13999999999999999,0.42000000000000004,4750295.063499999,100942763.49548002,148805.0,105841863.55898002,-47901444.998980016,0.9026328740157481,29761,14723,0.2519812375114302,0.12465709350763708,29103,11614
0.13999999999999999,0.44,4839938.429499999,94823686.6162,153695.0,99817320.0457,-41876901.4857,0.9006028543307087,30739,13745,0.26026179428997187,0.1163765367290954,30026,10691
0.13999999999999999,0.46,5017924.243749999,89138810.80736001,158250.0,94314985.05111001,-36374566.49111001,0.8982775590551181,31650,12834,0.26797507366139467,0.10866325735767264,30874,9843
0.13999999999999999,0.48000000000000004,5113868.965,84323569.38796,162320.0,89599758.35296,-31659339.792960003,0.8962844488188977,32464,12020,0.27486707081654077,0.1017712602025265,31634,9083
0.13999999999999999,0.5,5253739.639749999,79483452.66308,166280.0,84903472.30283001,-26963053.74283001,0.8937746062992127,33256,11228,0.28157279777830463,0.0950655332407627,32358,8359
0.13999999999999999,0.52,5387758.70575,74052278.98644002,170135.0,79610172.69219002,-21669754.13219002,0.8917076771653544,34027,10457,0.288100721373658,0.08853760964540928,33073,7644
0.13999999999999999,0.54,5544781.58725,69109453.56132,173795.0,74828030.14857,-16887611.58857,0.8891240157480316,34759,9725,0.29429843871710637,0.08233989230196091,33735,6982
0.13999999999999999,0.56,5740163.784999999,64712184.441920005,177285.0,70629633.22692001,-12689214.666920006,0.8866510826771653,35457,9027,0.30020828394350935,0.07643004707555796,34366,6351
0.13999999999999999,0.5800000000000001,5948391.072249999,60582256.68676,180385.0,66711032.75901,-8770614.19901,0.8841781496062993,36077,8407,0.3054577166661022,0.07118061435296508,34919,5798
0.13999999999999999,0.6,6092978.731749999,56756437.932919994,183210.0,63032626.66466999,-5092208.104669988,0.8819266732283464,36642,7842,0.31024147390523926,0.06639685711382802,35423,5294
0.13999999999999999,0.62,6228653.12575,52958340.13752,186105.0,59373098.26327,-1432679.7032699957,0.8794537401574803,37221,7263,0.31514376672198324,0.061494564297084026,35935,4782
0.13999999999999999,0.64,6396730.243,49838647.44524,188740.0,56424117.68824,1516300.8717600033,0.8769438976377952,37748,6736,0.3196057845361872,0.05703254648288007,36394,4323
0.13999999999999999,0.66,6581154.2545,46348521.667720005,191420.0,53121095.92222001,4819322.637779996,0.8742125984251969,38284,6200,0.32414400379313846,0.05249432722592881,36856,3861
0.13999999999999999,0.68,6714165.7135,42811363.03208,193860.0,49719388.74558,8221029.81442,0.8721456692913385,38772,5712,0.3282758153554374,0.048362515663629896,37288,3429
0.13999999999999999,0.7000000000000001,6964421.11675,39495184.746920004,196470.0,46656075.86367001,11284342.696329996,0.8691560039370079,39294,5190,0.33269549903478174,0.04394283198428557,37729,2988
0.13999999999999999,0.7200000000000001,7200843.043749999,36365747.66132,198850.0,43765440.705070004,14174977.854929999,0.8658710629921259,39770,4714,0.33672570867341756,0.03991262234564975,38116,2601
0.13999999999999999,0.74,7447831.117749999,33345073.75668,200965.0,40993869.87443,16946548.68557,0.8629552165354332,40193,4291,0.3403071764825414,0.03633115453652589,38460,2257
0.13999999999999999,0.76,7712952.684249999,30484253.9426,203190.0,38400396.62685,19540021.93315,0.8595964566929133,40638,3846,0.34407491448504757,0.03256341653401971,38814,1903
0.13999999999999999,0.78,7988814.5649999995,28021117.798840005,205005.0,36214937.36384001,21725481.196159996,0.856496062992126,41001,3483,0.347148372675856,0.0294899583432113,39093,1624
0.13999999999999999,0.8,8220497.458,25784277.013240002,206925.0,34211699.47124,23728719.088760003,0.8531742125984253,41385,3099,0.3503996342330748,0.026238696785992482,39387,1330
0.13999999999999999,0.8200000000000001,8461908.606999999,23947895.15744,208560.0,32618363.76444,25322054.795560002,0.8501845472440944,41712,2772,0.35316828665289396,0.023470044366173334,39633,1084
0.13999999999999999,0.8400000000000001,8756933.461,22002683.38804,210225.0,30969841.849039998,26970576.710960004,0.8468996062992127,42045,2439,0.35598774003454464,0.02065059098452264,39877,840
0.13999999999999999,0.86,9038728.98175,20135692.48628,211820.0,29386241.468030002,28554177.09197,0.8428395669291339,42364,2120,0.3586886578385884,0.017949673180478885,40086,631
0.13999999999999999,0.88,9313460.96875,19030342.20228,213020.0,28556823.17103,29383595.388970003,0.8398129921259843,42604,1880,0.36072069631185016,0.01591763470721712,40244,473
0.13999999999999999,0.9,9645908.491,18106964.33792,214215.0,27967087.82892,29973330.731080003,0.8357529527559056,42843,1641,0.36274426795814,0.013894063060927287,40373,344
0.13999999999999999,0.92,9793015.977249999,17306491.1378,215210.0,27314717.11505,30625701.444950003,0.831951279527559,43042,1442,0.3644291665255529,0.01220916449351441,40469,248
0.13999999999999999,0.9400000000000001,10061474.563749999,16792589.708,216235.0,27070299.27175,30870119.288250003,0.827300688976378,43247,1237,0.3661648660547973,0.01047346496426999,40548,169
0.13999999999999999,0.9600000000000001,10342520.991999999,16590500.430799998,217290.0,27150311.422799997,30790107.137200005,0.8215797244094488,43458,1026,0.3679513665458733,0.008686964473194026,40604,113
0.13999999999999999,0.98,10794382.542249998,16450782.262639998,219425.0,27464589.804889996,30475828.755110007,0.8080339566929133,43885,599,0.3715667016628848,0.005071629356182477,40664,53
0.16,0.16,3685681.0549999997,264884718.75,0.0,268570399.805,-210629981.245,0.9138779527559056,0,40038,0.0,0.3389948183018932,0,36324
0.16,0.18,3762940.9887499996,242228240.5082,18405.0,246009586.49695,-188069167.93695,0.9122170275590551,3681,36357,0.03116639008365225,0.3078284282182409,3636,32688
0.16,0.19999999999999998,3862834.01075,220743527.91504002,34435.0,224640796.92579,-166700378.36579,0.9104453740157481,6887,33151,0.0583110373556406,0.28068378094625257,6794,29530
0.16,0.22,3960440.573,201753016.62272003,48265.0,205761722.19572005,-147821303.63572004,0.9087844488188976,9653,30385,0.08173028075998238,0.2572645375419108,9515,26809
0.16,0.24,4103742.0507499995,186306895.03328001,60005.0,190470642.08403,-132530223.52403,0.9071604330708661,12001,28037,0.10161039049005995,0.23738442781183325,11819,24505
0.16,0.26,4174130.3517499994,172728190.59307998,70375.0,176972695.94482997,-119032277.38482997,0.9058686023622047,14075,25963,0.11917058962983032,0.21982422867206286,13858,22466
0.16,0.28,4268171.1844999995,159524279.66828,80100.0,163872550.85278,-105932132.29278001,0.9042445866141732,16020,24018,0.1356385680902225,0.20335625021167067,15759,20565
0.16,0.30000000000000004,4395113.243749999,148903986.89352,88630.0,153387730.13727,-95447311.57727,0.9023991141732284,17726,22312,0.15008297490432485,0.18891184339756834,17415,18909
0.16,0.32,4594064.484499999,137862092.82736,96660.0,142552817.31186,-84612398.75186,0.8999630905511811,19332,20706,0.1636806990212348,0.17531411928065838,18955,17369
0.16,0.34,4704017.85425,128148634.72388001,104030.0,132956682.57813,-75016264.01813,0.8982652559055119,20806,19232,0.17616080197785078,0.1628340163240424,20383,15941
0.16,0.36000000000000004,4825321.797499999,119775305.00456,110360.0,124710986.80206,-66770568.24205999,0.8965305118110236,22072,17966,0.18687980492430656,0.15211501337758662,21602,14722
0.16,0.38,4899291.1805,112212287.17748,116180.0,117227758.35798,-59287339.797979996,0.8951279527559055,23236,16802,0.1967351915196261,0.14225962678226708,22728,13596
0.16,0.4,4983636.61025,105089653.18584003,121700.0,110194989.79609002,-52254571.23609002,0.8933562992125984,24340,15698,0.2060825684966302,0.13291224980526298,23784,12540
0.16,0.42000000000000004,5105464.43975,99340503.65252002,126575.0,104572543.09227002,-46632124.532270014,0.8915477362204725,25315,14723,0.2143377247942561,0.12465709350763708,24710,11614
0.16,0.44,5195107.805749999,93221426.77324,131465.0,98547999.57899,-40607581.018989995,0.8895177165354331,26293,13745,0.22261828157279778,0.1163765367290954,25633,10691
0.16,0.46,5373093.62,87536550.96440001,136020.0,93045664.58440001,-35105246.02440001,0.8871924212598425,27204,12834,0.23033156094422055,0.10866325735767264,26481,9843
0.16,0.48000000000000004,5469038.34125,82721309.545,140090.0,88330437.88625,-30390019.32625,0.885199311023622,28018,12020,0.23722355809936668,0.1017712602025265,27241,9083
0.16,0.5,5608909.015999999,77881192.82012,144050.0,83634151.83612001,-25693733.276120007,0.882689468503937,28810,11228,0.24392928506113049,0.0950655332407627,27965,8359
0.16,0.52,5742928.0819999995,72450019.14348002,147905.0,78340852.22548002,-20400433.665480018,0.8806225393700787,29581,10457,0.2504572086564839,0.08853760964540928,28680,7644
0.16,0.54,5899950.9635,67507193.71836,151565.0,73558709.68186,-15618291.121859998,0.8780388779527559,30313,9725,0.2566549259999323,0.08233989230196091,29342,6982
0.16,0.56,6095333.161249999,63109924.598960005,155055.0,69360312.76021,-11419894.200210005,0.8755659448818898,31011,9027,0.2625647712263352,0.07643004707555796,29973,6351
0.16,0.5800000000000001,6303560.4485,58979996.8438,158155.0,65441712.2923,-7501293.732299998,0.8730930118110236,31631,8407,0.2678142039489281,0.07118061435296508,30526,5798
0.16,0.6,6448148.107999999,55154178.089959994,160980.0,61763306.19795999,-3822887.637959987,0.8708415354330709,32196,7842,0.2725979611880652,0.06639685711382802,31030,5294
0.16,0.62,6583822.501999998,51356080.29456,163875.0,58103777.79656,-163359.23655999452,0.8683686023622048,32775,7263,0.27750025400480915,0.061494564297084026,31542,4782
0.16,0.64,6751899.6192499995,48236387.602280006,166510.0,55154797.221530005,2785621.338469997,0.8658587598425197,33302,6736,0.2819622718190131,0.05703254648288007,32001,4323
0.16,0.66,6936323.6307500005,44746261.824760005,169190.0,51851775.455510005,6088643.104489997,0.8631274606299213,33838,6200,0.28650049107596437,0.05249432722592881,32463,3861
0.16,0.68,7069335.089749999,41209103.18912,171630.0,48450068.27887,9490350.281130001,0.861060531496063,34326,5712,0.2906323026382633,0.048362515663629896,32895,3429
0.16,0.7000000000000001,7319590.492999999,37892924.903960004,174240.0,45386755.396960005,12553663.163039997,0.8580708661417322,34848,5190,0.2950519863176076,0.04394283198428557,33336,2988
0.16,0.7200000000000001,7556012.419999999,34763487.81836,176620.0,42496120.23836,15444298.32164,0.8547859251968504,35324,4714,0.2990821959562434,0.03991262234564975,33723,2601
0.16,0.74,7803000.493999999,31742813.913719997,178735.0,39724549.40772,18215869.152280003,0.8518700787401575,35747,4291,0.3026636637653673,0.03633115453652589,34067,2257
0.16,0.76,8068122.060499999,28881994.09964,180960.0,37131076.16014,20809342.399860002,0.8485113188976378,36192,3846,0.3064314017678735,0.03256341653401971,34421,1903
0.16,0.78,8343983.941249999,26418857.95588,182775.0,34945616.89713,22994801.662870005,0.8454109251968503,36555,3483,0.3095048599586819,0.0294899583432113,34700,1624
0.16,0.8,8575666.83425,24182017.170280002,184695.0,32942379.00453,24998039.55547,0.8420890748031497,36939,3099,0.3127561215159007,0.026238696785992482,34994,1330
0.16,0.8200000000000001,8817077.98325,22345635.31448,186330.0,31349043.29773,26591375.262270004,0.8390994094488189,37266,2772,0.31552477393571987,0.023470044366173334,35240,1084
0.16,0.8400000000000001,9112102.83725,20400423.545080002,187995.0,29700521.38233,28239897.177670002,0.835814468503937,37599,2439,0.31834422731737055,0.02065059098452264,35484,840
0.16,0.86,9393898.358,18533432.643319998,189590.0,28116921.001319997,29823497.558680005,0.8317544291338582,37918,2120,0.3210451451214143,0.017949673180478885,35693,631
0.16,0.88,9668630.344999999,17428082.35932,190790.0,27287502.70432,30652915.855680004,0.8287278543307086,38158,1880,0.3230771835946761,0.01591763470721712,35851,473
0.16,0.9,10001077.86725,16504704.494959999,191985.0,26697767.362209998,31242651.197790004,0.8246678149606299,38397,1641,0.3251007552409659,0.013894063060927287,35980,344
0.16,0.92,10148185.353499997,15704231.29484,192980.0,26045396.648339998,31895021.911660004,0.8208661417322834,38596,1442,0.32678565380837876,0.01220916449351441,36076,248
0.16,0.9400000000000001,10416643.94,15190329.865040002,194005.0,25800978.805040002,32139439.75496,0.8162155511811023,38801,1237,0.32852135333762317,0.01047346496426999,36155,169
0.16,0.9600000000000001,10697690.368249997,14988240.587839998,195060.0,25880990.956089996,32059427.603910007,0.8104945866141732,39012,1026,0.33030785382869915,0.008686964473194026,36211,113
0.16,0.98,11149551.918499999,14848522.41968,197195.0,26195269.338179998,31745149.221820004,0.7969488188976377,39439,599,0.3339231889457107,0.005071629356182477,36271,53
0.18,0.18,4200747.279999999,240907408.28,0.0,245108155.56,-187167737.0,0.9028051181102362,0,36357,0.0,0.3078284282182409,0,32688
0.18,0.19999999999999998,4300640.301999999,219422695.68684,16030.0,223739365.98883998,-165798947.42883998,0.9010334645669292,3206,33151,0.02714464727198835,0.28068378094625257,3158,29530
0.18,0.22,4398246.86425,200432184.39452,29860.0,204860291.25877002,-146919872.69877002,0.8993725393700788,5972,30385,0.05056389067633014,0.2572645375419108,5879,26809
0.18,0.24,4541548.341999999,184986062.80508,41600.0,189569211.14708,-131628792.58708,0.8977485236220472,8320,28037,0.07044400040640769,0.23738442781183325,8183,24505
0.18,0.26,4611936.642999999,171407358.36488,51970.0,176071265.00788,-118130846.44788,0.8964566929133858,10394,25963,0.08800419954617808,0.21982422867206286,10222,22466
0.18,0.28,4705977.475749999,158203447.44008002,61695.0,162971119.91583002,-105030701.35583001,0.8948326771653543,12339,24018,0.10447217800657026,0.20335625021167067,12123,20565
0.18,0.30000000000000004,4832919.534999999,147583154.66531998,70225.0,152486299.20031998,-94545880.64031997,0.8929872047244094,14045,22312,0.1189165848206726,0.18891184339756834,13779,18909
0.18,0.32,5031870.775749999,136541260.59916002,78255.0,141651386.37491003,-83710967.81491002,0.8905511811023622,15651,20706,0.13251430893758256,0.17531411928065838,15319,17369
0.18,0.34,5141824.1455,126827802.49568,85625.0,132055251.64118001,-74114833.08118,0.888853346456693,17125,19232,0.14499441189419854,0.1628340163240424,16747,15941
0.18,0.36000000000000004,5263128.088749999,118454472.77636,91955.0,123809555.86511001,-65869137.30511001,0.8871186023622047,18391,17966,0.15571341484065432,0.15211501337758662,17966,14722
0.18,0.38,5337097.471749999,110891454.94928,97775.0,116326327.42102998,-58385908.86102998,0.8857160433070866,19555,16802,0.16556880143597386,0.14225962678226708,19092,13596
0.18,0.4,5421442.9015,103768820.95764002,103295.0,109293558.85914002,-51353140.29914002,0.8839443897637795,20659,15698,0.17491617841297796,0.13291224980526298,20148,12540
0.18,0.42000000000000004,5543270.730999999,98019671.42432001,108170.0,103671112.15532002,-45730693.595320016,0.8821358267716536,21634,14723,0.18317133471060384,0.12465709350763708,21074,11614
0.18,0.44,5632914.096999999,91900594.54504001,113060.0,97646568.64204001,-39706150.08204001,0.8801058070866141,22612,13745,0.19145189148914551,0.1163765367290954,21997,10691
0.18,0.46,5810899.911249999,86215718.7362,117615.0,92144233.64745,-34203815.08745,0.8777805118110237,23523,12834,0.19916517086056829,0.10866325735767264,22845,9843
0.18,0.48000000000000004,5906844.632499999,81400477.3168,121685.0,87429006.94929999,-29488588.38929999,0.8757874015748031,24337,12020,0.20605716801571444,0.1017712602025265,23605,9083
0.18,0.5,6046715.30725,76560360.59192,125645.0,82732720.89917,-24792302.339169994,0.8732775590551181,25129,11228,0.21276289497747825,0.0950655332407627,24329,8359
0.18,0.52,6180734.373249999,71129186.91528001,129500.0,77439421.28853,-19499002.728530005,0.8712106299212599,25900,10457,0.21929081857283164,0.08853760964540928,25044,7644
0.18,0.54,6337757.254749998,66186361.49016001,133160.0,72657278.74491,-14716860.18491,0.868626968503937,26632,9725,0.22548853591628001,0.08233989230196091,25706,6982
0.18,0.56,6533139.452499999,61789092.37076001,136650.0,68458881.82326001,-10518463.263260007,0.8661540354330709,27330,9027,0.23139838114268296,0.07643004707555796,26337,6351
0.18,0.5800000000000001,6741366.739749999,57659164.615600005,139750.0,64540281.35535,-6599862.79535,0.8636811023622047,27950,8407,0.23664781386527584,0.07118061435296508,26890,5798
0.18,0.6,6885954.399249999,53833345.86176,142575.0,60861875.26101,-2921456.7010099962,0.861429625984252,28515,7842,0.2414315711044129,0.06639685711382802,27394,5294
0.18,0.62,7021628.793249999,50035248.066360004,145470.0,57202346.859610006,738071.7003899962,0.8589566929133858,29094,7263,0.24633386392115691,0.061494564297084026,27906,4782
0.18,0.64,7189705.910499999,46915555.37408,148105.0,54253366.28458,3687052.2754200026,0.8564468503937007,29621,6736,0.2507958817353609,0.05703254648288007,28365,4323
0.18,0.66,7374129.921999999,43425429.59656,150785.0,50950344.51856,6990074.041440003,0.8537155511811023,30157,6200,0.25533410099231213,0.05249432722592881,28827,3861
0.18,0.68,7507141.380999999,39888270.960920006,153225.0,47548637.34192,10391781.21808,0.8516486220472441,30645,5712,0.25946591255461104,0.048362515663629896,29259,3429
0.18,0.7000000000000001,7757396.784249999,36572092.67576,155835.0,44485324.46001,13455094.099990003,0.8486589566929134,31167,5190,0.26388559623395536,0.04394283198428557,29700,2988
0.18,0.7200000000000001,7993818.71125,33442655.59016,158215.0,41594689.301410004,16345729.258589998,0.8453740157480315,31643,4714,0.2679158058725912,0.03991262234564975,30087,2601
0.18,0.74,8240806.785249999,30421981.68552,160330.0,38823118.47077,19117300.08923,0.8424581692913385,32066,4291,0.27149727368171506,0.03633115453652589,30431,2257
0.18,0.76,8505928.35175,27561161.87144,162555.0,36229645.22319,21710773.33681,0.8390994094488189,32511,3846,0.27526501168422124,0.03256341653401971,30785,1903
0.18,0.78,8781790.232499998,25098025.727680005,164370.0,34044185.96018,23896232.599820003,0.8359990157480315,32874,3483,0.27833846987502964,0.0294899583432113,31064,1624
0.18,0.8,9013473.1255,22861184.94208,166290.0,32040948.06758,25899470.492420003,0.8326771653543307,33258,3099,0.28158973143224847,0.026238696785992482,31358,1330
0.18,0.8200000000000001,9254884.2745,21024803.08628,167925.0,30447612.36078,27492806.19922,0.8296875,33585,2772,0.2843583838520676,0.023470044366173334,31604,1084
0.18,0.8400000000000001,9549909.1285,19079591.316880003,169590.0,28799090.445380002,29141328.11462,0.8264025590551181,33918,2439,0.2871778372337183,0.02065059098452264,31848,840
0.18,0.86,9831704.64925,17212600.415120002,171185.0,27215490.064370003,30724928.49563,0.8223425196850394,34237,2120,0.28987875503776206,0.017949673180478885,32057,631
0.18,0.88,10106436.63625,16107250.13112,172385.0,26386071.76737,31554346.792630002,0.8193159448818897,34477,1880,0.29191079351102384,0.01591763470721712,32215,473
0.18,0.9,10438884.158499999,15183872.26676,173580.0,25796336.42526,32144082.134740002,0.8152559055118109,34716,1641,0.29393436515731364,0.013894063060927287,32344,344
0.18,0.92,10585991.644749999,14383399.06664,174575.0,25143965.71139,32796452.848610003,0.8114542322834646,34915,1442,0.2956192637247265,0.01220916449351441,32440,248
0.18,0.9400000000000001,10854450.23125,13869497.63684,175600.0,24899547.86809,33040870.691910002,0.8068036417322835,35120,1237,0.2973549632539709,0.01047346496426999,32519,169
0.18,0.9600000000000001,11135496.6595,13667408.35964,176655.0,24979560.019139998,32960858.540860005,0.8010826771653543,35331,1026,0.2991414637450469,0.008686964473194026,32575,113
0.18,0.98,11587358.20975,13527690.191479998,178790.0,25293838.40123,32646580.158770002,0.7875369094488188,35758,599,0.3027567988620585,0.005071629356182477,32635,53
0.19999999999999998,0.19999999999999998,4866700.76,218160181.266,0.0,223026882.026,-165086463.466,0.890994094488189,0,33151,0.0,0.28068378094625257,0,29530
0.19999999999999998,0.22,4964307.32225,199169669.97368002,13830.0,204147807.29593003,-146207388.73593003,0.8893331692913385,2766,30385,0.02341924340434179,0.2572645375419108,2721,26809
0.19999999999999998,0.24,5107608.8,183723548.38424,25570.0,188856727.18424,-130916308.62424001,0.8877091535433072,5114,28037,0.04329935313441934,0.23738442781183325,5025,24505
0.19999999999999998,0.26,5177997.101,170144843.94404,35940.0,175358781.04504,-117418362.48504001,0.8864173228346457,7188,25963,0.060859552274189724,0.21982422867206286,7064,22466
0.19999999999999998,0.28,5272037.93375,156940933.01924,45665.0,162258635.95299,-104318217.39299,0.8847933070866142,9133,24018,0.07732753073458191,0.20335625021167067,8965,20565
0.19999999999999998,0.30000000000000004,5398979.993,146320640.24447998,54195.0,151773815.23747998,-93833396.67747998,0.8829478346456693,10839,22312,0.09177193754868425,0.18891184339756834,10621,18909
0.19999999999999998,0.32,5597931.23375,135278746.17832002,62225.0,140938902.41207,-82998483.85207,0.8805118110236221,12445,20706,0.10536966166559421,0.17531411928065838,12161,17369
0.19999999999999998,0.34,5707884.6035,125565288.07484,69595.0,131342767.67833999,-73402349.11833999,0.8788139763779528,13919,19232,0.11784976462221018,0.1628340163240424,13589,15941
0.19999999999999998,0.36000000000000004,5829188.54675,117191958.35552,75925.0,123097071.90226999,-65156653.34226999,0.8770792322834645,15185,17966,0.12856876756866598,0.15211501337758662,14808,14722
0.19999999999999998,0.38,5903157.929749999,109628940.52844,81745.0,115613843.45819,-57673424.89818999,0.8756766732283464,16349,16802,0.1384241541639855,0.14225962678226708,15934,13596
0.19999999999999998,0.4,5987503.3595,102506306.53680003,87265.0,108581074.89630003,-50640656.33630003,0.8739050196850394,17453,15698,0.1477715311409896,0.13291224980526298,16990,12540
0.19999999999999998,0.42000000000000004,6109331.188999999,96757157.00348002,92140.0,102958628.19248001,-45018209.63248001,0.8720964566929134,18428,14723,0.1560266874386155,0.12465709350763708,17916,11614
0.19999999999999998,0.44,6198974.555,90638080.1242,97030.0,96934084.6792,-38993666.11919999,0.870066437007874,19406,13745,0.16430724421715717,0.1163765367290954,18839,10691
0.19999999999999998,0.46,6376960.3692499995,84953204.31536001,101585.0,91431749.68461001,-33491331.124610007,0.8677411417322834,20317,12834,0.17202052358857994,0.10866325735767264,19687,9843
0.19999999999999998,0.48000000000000004,6472905.0905,80137962.89596,105655.0,86716522.98646,-28776104.426459998,0.865748031496063,21131,12020,0.17891252074372607,0.1017712602025265,20447,9083
0.19999999999999998,0.5,6612775.765249999,75297846.17108001,109615.0,82020236.93633,-24079818.376330003,0.8632381889763779,21923,11228,0.1856182477054899,0.0950655332407627,21171,8359
0.19999999999999998,0.52,6746794.83125,69866672.49444002,113470.0,76726937.32569002,-18786518.765690014,0.8611712598425197,22694,10457,0.1921461713008433,0.08853760964540928,21886,7644
0.19999999999999998,0.54,6903817.712749999,64923847.06932001,117130.0,71944794.78207001,-14004376.222070009,0.8585875984251969,23426,9725,0.19834388864429167,0.08233989230196091,22548,6982
0.19999999999999998,0.56,7099199.910499999,60526577.949920006,120620.0,67746397.86042,-9805979.300420001,0.8561146653543307,24124,9027,0.20425373387069462,0.07643004707555796,23179,6351
0.19999999999999998,0.5800000000000001,7307427.19775,56396650.19476,123720.0,63827797.392510004,-5887378.832510002,0.8536417322834645,24744,8407,0.2095031665932875,0.07118061435296508,23732,5798
0.19999999999999998,0.6,7452014.857249999,52570831.440919995,126545.0,60149391.29816999,-2208972.7381699905,0.8513902559055119,25309,7842,0.21428692383242456,0.06639685711382802,24236,5294
0.19999999999999998,0.62,7587689.251249999,48772733.64552,129440.0,56489862.89677,1450555.663230002,0.8489173228346457,25888,7263,0.21918921664916854,0.061494564297084026,24748,4782
0.19999999999999998,0.64,7755766.3685,45653040.95324,132075.0,53540882.32174,4399536.238260001,0.8464074803149607,26415,6736,0.2236512344633725,0.05703254648288007,25207,4323
0.19999999999999998,0.66,7940190.38,42162915.175720006,134755.0,50237860.55572001,7702558.0042799935,0.8436761811023622,26951,6200,0.22818945372032376,0.05249432722592881,25669,3861
0.19999999999999998,0.68,8073201.839,38625756.54008,137195.0,46836153.379080005,11104265.180919997,0.841609251968504,27439,5712,0.23232126528262267,0.048362515663629896,26101,3429
0.19999999999999998,0.7000000000000001,8323457.242249999,35309578.254920006,139805.0,43772840.49717,14167578.062830001,0.8386195866141731,27961,5190,0.236740948961967,0.04394283198428557,26542,2988
0.19999999999999998,0.7200000000000001,8559879.16925,32180141.169320002,142185.0,40882205.33857,17058213.221430004,0.8353346456692914,28437,4714,0.24077115860060283,0.03991262234564975,26929,2601
0.19999999999999998,0.74,8806867.24325,29159467.26468,144300.0,38110634.507929996,19829784.052070007,0.8324187992125984,28860,4291,0.2443526264097267,0.03633115453652589,27273,2257
0.19999999999999998,0.76,9071988.809749998,26298647.4506,146525.0,35517161.26035,22423257.299650006,0.8290600393700788,29305,3846,0.24812036441223287,0.03256341653401971,27627,1903
0.19999999999999998,0.78,9347850.690499999,23835511.306840003,148340.0,33331701.99734,24608716.56266,0.8259596456692913,29668,3483,0.2511938226030413,0.0294899583432113,27906,1624
0.19999999999999998,0.8,9579533.5835,21598670.521240003,150260.0,31328464.10474,26611954.45526,0.8226377952755906,30052,3099,0.2544450841602601,0.026238696785992482,28200,1330
0.19999999999999998,0.8200000000000001,9820944.732499998,19762288.66544,151895.0,29735128.39794,28205290.162060004,0.8196481299212599,30379,2772,0.25721373658007923,0.023470044366173334,28446,1084
0.19999999999999998,0.8400000000000001,10115969.5865,17817076.89604,153560.0,28086606.48254,29853812.077460002,0.8163631889763779,30712,2439,0.2600331899617299,0.02065059098452264,28690,840
0.19999999999999998,0.86,10397765.10725,15950085.994280001,155155.0,26503006.10153,31437412.45847,0.8123031496062991,31031,2120,0.2627341077657737,0.017949673180478885,28899,631
0.19999999999999998,0.88,10672497.09425,14844735.710280001,156355.0,25673587.804530002,32266830.75547,0.8092765748031495,31271,1880,0.26476614623903544,0.01591763470721712,29057,473
0.19999999999999998,0.9,11004944.616499998,13921357.84592,157550.0,25083852.462419998,32856566.097580004,0.8052165354330708,31510,1641,0.2667897178853253,0.013894063060927287,29186,344
0.19999999999999998,0.92,11152052.10275,13120884.645800002,158545.0,24431481.74855,33508936.81145,0.8014148622047244,31709,1442,0.2684746164527382,0.01220916449351441,29282,248
0.19999999999999998,0.9400000000000001,11420510.68925,12606983.216,159570.0,24187063.905249998,33753354.654750004,0.7967642716535432,31914,1237,0.2702103159819826,0.01047346496426999,29361,169
0.19999999999999998,0.9600000000000001,11701557.1175,12404893.938800002,160625.0,24267076.0563,33673342.5037,0.7910433070866141,32125,1026,0.27199681647305857,0.008686964473194026,29417,113
0.19999999999999998,0.98,12153418.66775,12265175.77064,162760.0,24581354.43839,33359064.12161,0.7774975393700787,32552,599,0.27561215159007013,0.005071629356182477,29477,53
0.22,0.22,5517411.175,198051297.33800003,0.0,203568708.51300004,-145628289.95300004,0.8799212598425197,0,30385,0.0,0.2572645375419108,0,26809
0.22,0.24,5660712.652749999,182605175.74856,11740.0,188277628.40131,-130337209.84131,0.8782972440944882,2348,28037,0.019880109730077557,0.23738442781183325,2304,24505
0.22,0.26,5731100.953749999,169026471.30835998,22110.0,174779682.26211,-116839263.70210999,0.8770054133858268,4422,25963,0.037440308869847935,0.21982422867206286,4343,22466
0.22,0.28,5825141.786499999,155822560.38356,31835.0,161679537.17006,-103739118.61006,0.8753813976377953,6367,24018,0.05390828733024012,0.20335625021167067,6244,20565
0.22,0.30000000000000004,5952083.845749999,145202267.6088,40365.0,151194716.45455,-93254297.89455,0.8735359251968504,8073,22312,0.06835269414434246,0.18891184339756834,7900,18909
0.22,0.32,6151035.0865,134160373.54264,48395.0,140359803.62914,-82419385.06913999,0.8710999015748032,9679,20706,0.08195041826125242,0.17531411928065838,9440,17369
0.22,0.34,6260988.45625,124446915.43916,55765.0,130763668.89541,-72823250.33541,0.8694020669291339,11153,19232,0.0944305212178684,0.1628340163240424,10868,15941
0.22,0.36000000000000004,6382292.399499999,116073585.71984,62095.0,122517973.11934,-64577554.55934,0.8676673228346456,12419,17966,0.10514952416432417,0.15211501337758662,12087,14722
0.22,0.38,6456261.7825,108510567.89276,67915.0,115034744.67525999,-57094326.11525999,0.8662647637795275,13583,16802,0.11500491075964371,0.14225962678226708,13213,13596
0.22,0.4,6540607.21225,101387933.90112002,73435.0,108001976.11337002,-50061557.553370014,0.8644931102362206,14687,15698,0.12435228773664782,0.13291224980526298,14269,12540
0.22,0.42000000000000004,6662435.04175,95638784.36780001,78310.0,102379529.40955001,-44439110.84955001,0.8626845472440945,15662,14723,0.1326074440342737,0.12465709350763708,15195,11614
0.22,0.44,6752078.407749999,89519707.48852,83200.0,96354985.89626999,-38414567.33626999,0.860654527559055,16640,13745,0.14088800081281538,0.1163765367290954,16118,10691
0.22,0.46,6930064.222,83834831.67968,87755.0,90852650.90168001,-32912232.341680005,0.8583292322834646,17551,12834,0.14860128018423815,0.10866325735767264,16966,9843
0.22,0.48000000000000004,7026008.94325,79019590.26028,91825.0,86137424.20353,-28197005.643529996,0.8563361220472441,18365,12020,0.15549327733938428,0.1017712602025265,17726,9083
0.22,0.5,7165879.618,74179473.5354,95785.0,81441138.1534,-23500719.5934,0.853826279527559,19157,11228,0.16219900430114811,0.0950655332407627,18450,8359
0.22,0.52,7299898.683999999,68748299.85876001,99640.0,76147838.54276001,-18207419.982760012,0.8517593503937009,19928,10457,0.1687269278965015,0.08853760964540928,19165,7644
0.22,0.54,7456921.5655,63805474.43364001,103300.0,71365695.99914001,-13425277.439140007,0.849175688976378,20660,9725,0.17492464523994988,0.08233989230196091,19827,6982
0.22,0.56,7652303.763249999,59408205.31424001,106790.0,67167299.07749,-9226880.51749,0.8467027559055118,21358,9027,0.18083449046635283,0.07643004707555796,20458,6351
0.22,0.5800000000000001,7860531.0505,55278277.559080005,109890.0,63248698.60958,-5308280.04958,0.8442298228346456,21978,8407,0.1860839231889457,0.07118061435296508,21011,5798
0.22,0.6,8005118.71,51452458.80524,112715.0,59570292.51524,-1629873.9552399963,0.841978346456693,22543,7842,0.19086768042808278,0.06639685711382802,21515,5294
0.22,0.62,8140793.104,47654361.009840004,115610.0,55910764.11384001,2029654.446159996,0.8395054133858267,23122,7263,0.19576997324482676,0.061494564297084026,22027,4782
0.22,0.64,8308870.2212499995,44534668.31756,118245.0,52961783.53881,4978635.021190003,0.8369955708661417,23649,6736,0.20023199105903072,0.05703254648288007,22486,4323
0.22,0.66,8493294.232749999,41044542.54004,120925.0,49658761.77279,8281656.787210003,0.8342642716535432,24185,6200,0.20477021031598197,0.05249432722592881,22948,3861
0.22,0.68,8626305.69175,37507383.904400006,123365.0,46257054.59615,11683363.963849999,0.8321973425196851,24673,5712,0.20890202187828089,0.048362515663629896,23380,3429
0.22,0.7000000000000001,8876561.094999999,34191205.61924,125975.0,43193741.71424,14746676.845760003,0.8292076771653543,25195,5190,0.21332170555762522,0.04394283198428557,23821,2988
0.22,0.7200000000000001,9112983.022,31061768.53364,128355.0,40303106.55564,17637312.004360005,0.8259227362204725,25671,4714,0.21735191519626104,0.03991262234564975,24208,2601
0.22,0.74,9359971.096,28041094.628999997,130470.0,37531535.724999994,20408882.83500001,0.8230068897637794,26094,4291,0.2209333830053849,0.03633115453652589,24552,2257
0.22,0.76,9625092.6625,25180274.81492,132695.0,34938062.47742,23002356.08258,0.8196481299212599,26539,3846,0.22470112100789108,0.03256341653401971,24906,1903
0.22,0.78,9900954.54325,22717138.671160005,134510.0,32752603.214410007,25187815.345589995,0.8165477362204724,26902,3483,0.2277745791986995,0.0294899583432113,25185,1624
0.22,0.8,10132637.436250001,20480297.885560002,136430.0,30749365.321810003,27191053.23819,0.8132258858267716,27286,3099,0.2310258407559183,0.026238696785992482,25479,1330
0.22,0.8200000000000001,10374048.58525,18643916.02976,138065.0,29156029.61501,28784388.94499,0.810236220472441,27613,2772,0.23379449317573747,0.023470044366173334,25725,1084
0.22,0.8400000000000001,10669073.43925,16698704.260359999,139730.0,27507507.69961,30432910.860390004,0.806951279527559,27946,2439,0.23661394655738816,0.02065059098452264,25969,840
0.22,0.86,10950868.959999999,14831713.358599998,141325.0,25923907.3186,32016511.241400003,0.8028912401574803,28265,2120,0.2393148643614319,0.017949673180478885,26178,631
0.22,0.88,11225600.947,13726363.0746,142525.0,25094489.0216,32845929.5384,0.7998646653543307,28505,1880,0.24134690283469368,0.01591763470721712,26336,473
0.22,0.9,11558048.469250001,12802985.210239999,143720.0,24504753.67949,33435664.880510002,0.7958046259842518,28744,1641,0.2433704744809835,0.013894063060927287,26465,344
0.22,0.92,11705155.9555,12002512.01012,144715.0,23852382.96562,34088035.594380006,0.7920029527559055,28943,1442,0.2450553730483964,0.01220916449351441,26561,248
0.22,0.9400000000000001,11973614.542,11488610.580320003,145740.0,23607965.122320004,34332453.43768,0.7873523622047244,29148,1237,0.2467910725776408,0.01047346496426999,26640,169
0.22,0.9600000000000001,12254660.97025,11286521.30312,146795.0,23687977.273369998,34252441.286630005,0.7816313976377952,29359,1026,0.24857757306871678,0.008686964473194026,26696,113
0.22,0.98,12706522.5205,11146803.13496,148930.0,24002255.65546,33938162.90454,0.7680856299212598,29786,599,0.2521929081857283,0.005071629356182477,26756,53
0.24,0.24,6472754.36,181698667.562,0.0,188171421.92200002,-130231003.36200002,0.8690944881889764,0,28037,0.0,0.23738442781183325,0,24505
0.24,0.26,6543142.661,168119963.1218,10370.0,174673475.78280002,-116733057.22280002,0.8678026574803149,2074,25963,0.01756019913977038,0.21982422867206286,2039,22466
0.24,0.28,6637183.49375,154916052.197,20095.0,161573330.69075,-103632912.13075,0.8661786417322835,4019,24018,0.034028177600162565,0.20335625021167067,3940,20565
0.24,0.30000000000000004,6764125.553,144295759.42224,28625.0,151088509.97524,-93148091.41523999,0.8643331692913386,5725,22312,0.04847258441426491,0.18891184339756834,5596,18909
0.24,0.32,6963076.79375,133253865.35608001,36655.0,140253597.14983,-82313178.58983001,0.8618971456692913,7331,20706,0.06207030853117486,0.17531411928065838,7136,17369
0.24,0.34,7073030.163500001,123540407.2526,44025.0,130657462.4161,-72717043.8561,0.860199311023622,8805,19232,0.07455041148779083,0.1628340163240424,8564,15941
0.24,0.36000000000000004,7194334.10675,115167077.53328,50355.0,122411766.64003,-64471348.080029994,0.8584645669291339,10071,17966,0.08526941443424663,0.15211501337758662,9783,14722
0.24,0.38,7268303.48975,107604059.7062,56175.0,114928538.19595,-56988119.63595,0.8570620078740158,11235,16802,0.09512480102956616,0.14225962678226708,10909,13596
0.24,0.4,7352648.919500001,100481425.71456003,61695.0,107895769.63406003,-49955351.07406002,0.8552903543307087,12339,15698,0.10447217800657026,0.13291224980526298,11965,12540
0.24,0.42000000000000004,7474476.749,94732276.18124002,66570.0,102273322.93024002,-44332904.37024002,0.8534817913385827,13314,14723,0.11272733430419615,0.12465709350763708,12891,11614
0.24,0.44,7564120.115,88613199.30196,71460.0,96248779.41696,-38308360.85696,0.8514517716535434,14292,13745,0.12100789108273784,0.1163765367290954,13814,10691
0.24,0.46,7742105.92925,82928323.49312,76015.0,90746444.42237,-32806025.86237,0.8491264763779527,15203,12834,0.1287211704541606,0.10866325735767264,14662,9843
0.24,0.48000000000000004,7838050.6505,78113082.07372,80085.0,86031217.72422,-28090799.16421999,0.8471333661417323,16017,12020,0.13561316760930672,0.1017712602025265,15422,9083
0.24,0.5,7977921.325250001,73272965.34884001,84045.0,81334931.67409001,-23394513.11409001,0.8446235236220473,16809,11228,0.14231889457107055,0.0950655332407627,16146,8359
0.24,0.52,8111940.39125,67841791.67220001,87900.0,76041632.06345001,-18101213.503450006,0.842556594488189,17580,10457,0.14884681816642395,0.08853760964540928,16861,7644
0.24,0.54,8268963.2727500005,62898966.24708001,91560.0,71259489.51983002,-13319070.959830016,0.8399729330708662,18312,9725,0.15504453550987232,0.08233989230196091,17523,6982
0.24,0.56,8464345.4705,58501697.12768,95050.0,67061092.59818,-9120674.038180001,0.8375,19010,9027,0.16095438073627527,0.07643004707555796,18154,6351
0.24,0.5800000000000001,8672572.75775,54371769.37252,98150.0,63142492.130270004,-5202073.570270002,0.8350270669291339,19630,8407,0.16620381345886814,0.07118061435296508,18707,5798
0.24,0.6,8817160.41725,50545950.61868,100975.0,59464086.03593,-1523667.4759299979,0.8327755905511811,20195,7842,0.17098757069800521,0.06639685711382802,19211,5294
0.24,0.62,8952834.811250001,46747852.82328,103870.0,55804557.63453,2135860.925470002,0.830302657480315,20774,7263,0.17588986351474922,0.061494564297084026,19723,4782
0.24,0.64,9120911.9285,43628160.131,106505.0,52855577.059499994,5084841.500500008,0.82779281496063,21301,6736,0.18035188132895316,0.05703254648288007,20182,4323
0.24,0.66,9305335.940000001,40138034.353480004,109185.0,49552555.29348001,8387863.266519994,0.8250615157480315,21837,6200,0.18489010058590444,0.05249432722592881,20644,3861
0.24,0.68,9438347.399,36600875.71784,111625.0,46150848.116840005,11789570.443159997,0.8229945866141731,22325,5712,0.18902191214820335,0.048362515663629896,21076,3429
0.24,0.7000000000000001,9688602.802250002,33284697.432680003,114235.0,43087535.23493001,14852883.325069994,0.8200049212598425,22847,5190,0.19344159582754766,0.04394283198428557,21517,2988
0.24,0.7200000000000001,9925024.72925,30155260.34708,116615.0,40196900.07633,17743518.483670004,0.8167199803149605,23323,4714,0.19747180546618348,0.03991262234564975,21904,2601
0.24,0.74,10172012.80325,27134586.442439996,118730.0,37425329.245689996,20515089.314310007,0.8138041338582678,23746,4291,0.20105327327530734,0.03633115453652589,22248,2257
0.24,0.76,10437134.36975,24273766.628360003,120955.0,34831855.998110004,23108562.56189,0.8104453740157479,24191,3846,0.20482101127781352,0.03256341653401971,22602,1903
0.24,0.78,10712996.250500001,21810630.4846,122770.0,32646396.7351,25294021.8249,0.8073449803149607,24554,3483,0.20789446946862195,0.0294899583432113,22881,1624
0.24,0.8,10944679.1435,19573789.699,124690.0,30643158.8425,27297259.7175,0.8040231299212599,24938,3099,0.21114573102584075,0.026238696785992482,23175,1330
0.24,0.8200000000000001,11186090.2925,17737407.843200002,126325.0,29049823.135700002,28890595.4243,0.801033464566929,25265,2772,0.2139143834456599,0.023470044366173334,23421,1084
0.24,0.8400000000000001,11481115.146499999,15792196.073800001,127990.0,27401301.2203,30539117.339700002,0.7977485236220473,25598,2439,0.2167338368273106,0.02065059098452264,23665,840
0.24,0.86,11762910.66725,13925205.17204,129585.0,25817700.83929,32122717.720710002,0.7936884842519686,25917,2120,0.21943475463135437,0.017949673180478885,23874,631
0.24,0.88,12037642.65425,12819854.88804,130785.0,24988282.542290002,32952136.01771,0.7906619094488189,26157,1880,0.22146679310461612,0.01591763470721712,24032,473
0.24,0.9,12370090.1765,11896477.023680001,131980.0,24398547.20018,33541871.35982,0.7866018700787402,26396,1641,0.22349036475090595,0.013894063060927287,24161,344
0.24,0.92,12517197.66275,11096003.823560001,132975.0,23746176.48631,34194242.07369,0.7828001968503937,26595,1442,0.22517526331831883,0.01220916449351441,24257,248
0.24,0.9400000000000001,12785656.24925,10582102.393760001,134000.0,23501758.64301,34438659.91699,0.7781496062992126,26800,1237,0.22691096284756324,0.01047346496426999,24336,169
0.24,0.9600000000000001,13066702.677499998,10380013.116559999,135055.0,23581770.79406,34358647.76594,0.7724286417322835,27011,1026,0.22869746333863922,0.008686964473194026,24392,113
0.24,0.98,13518564.22775,10240294.9484,137190.0,23896049.17615,34044369.38385,0.758882874015748,27438,599,0.23231279845565075,0.005071629356182477,24452,53
0.26,0.26,6942009.7,167323517.732,0.0,174265527.43199998,-116325108.87199998,0.8604822834645669,0,25963,0.0,0.21982422867206286,0,22466
0.26,0.28,7036050.53275,154119606.8072,9725.0,161165382.33995003,-103224963.77995002,0.8588582677165355,1945,24018,0.016467978460392184,0.20335625021167067,1901,20565
0.26,0.30000000000000004,7162992.592,143499314.03244,18255.0,150680561.62444,-92740143.06444001,0.8570127952755906,3651,22312,0.030912385274494532,0.18891184339756834,3557,18909
0.26,0.32,7361943.83275,132457419.96628001,26285.0,139845648.79903,-81905230.23903,0.8545767716535433,5257,20706,0.04451010939140448,0.17531411928065838,5097,17369
0.26,0.34,7471897.202500001,122743961.8628,33655.0,130249514.0653,-72309095.5053,0.852878937007874,6731,19232,0.05699021234802046,0.1628340163240424,6525,15941
0.26,0.36000000000000004,7593201.14575,114370632.14348,39985.0,122003818.28923,-64063399.72923,0.8511441929133858,7997,17966,0.06770921529447624,0.15211501337758662,7744,14722
0.26,0.38,7667170.5287500005,106807614.31639999,45805.0,114520589.84515,-56580171.28514999,0.8497416338582677,9161,16802,0.07756460188979578,0.14225962678226708,8870,13596
0.26,0.4,7751515.958500001,99684980.32476002,51325.0,107487821.28326002,-49547402.723260015,0.8479699803149606,10265,15698,0.08691197886679988,0.13291224980526298,9926,12540
0.26,0.42000000000000004,7873343.788000001,93935830.79144001,56200.0,101865374.57944001,-43924956.01944001,0.8461614173228347,11240,14723,0.09516713516442578,0.12465709350763708,10852,11614
0.26,0.44,7962987.154,87816753.91216001,61090.0,95840831.06616001,-37900412.506160006,0.8441313976377953,12218,13745,0.10344769194296745,0.1163765367290954,11775,10691
0.26,0.46,8140972.96825,82131878.10332,65645.0,90338496.07157001,-32398077.511570007,0.8418061023622047,13129,12834,0.11116097131439022,0.10866325735767264,12623,9843
0.26,0.48000000000000004,8236917.6895,77316636.68392,69715.0,85623269.37342,-27682850.813419998,0.8398129921259843,13943,12020,0.11805296846953636,0.1017712602025265,13383,9083
0.26,0.5,8376788.364250001,72476519.95904,73675.0,80926983.32329,-22986564.763290003,0.8373031496062993,14735,11228,0.12475869543130017,0.0950655332407627,14107,8359
0.26,0.52,8510807.43025,67045346.28240001,77530.0,75633683.71265002,-17693265.152650014,0.835236220472441,15506,10457,0.13128661902665356,0.08853760964540928,14822,7644
0.26,0.54,8667830.31175,62102520.857280016,81190.0,70851541.16903001,-12911122.609030008,0.8326525590551181,16238,9725,0.13748433637010193,0.08233989230196091,15484,6982
0.26,0.56,8863212.5095,57705251.73788001,84680.0,66653144.24738,-8712725.687380001,0.830179625984252,16936,9027,0.14339418159650488,0.07643004707555796,16115,6351
0.26,0.5800000000000001,9071439.79675,53575323.98272,87780.0,62734543.779470004,-4794125.219470002,0.8277066929133858,17556,8407,0.14864361431909778,0.07118061435296508,16668,5798
0.26,0.6,9216027.45625,49749505.228879996,90605.0,59056137.68513,-1115719.1251299977,0.8254552165354331,18121,7842,0.15342737155823483,0.06639685711382802,17172,5294
0.26,0.62,9351701.85025,45951407.43348,93500.0,55396609.28373,2543809.276270002,0.8229822834645669,18700,7263,0.15832966437497883,0.061494564297084026,17684,4782
0.26,0.64,9519778.9675,42831714.7412,96135.0,52447628.7087,5492789.851300001,0.8204724409448819,19227,6736,0.16279168218918277,0.05703254648288007,18143,4323
0.26,0.66,9704202.979,39341588.96368,98815.0,49144606.94268,8795811.617320001,0.8177411417322835,19763,6200,0.16732990144613405,0.05249432722592881,18605,3861
0.26,0.68,9837214.438,35804430.328040004,101255.0,45742899.766040005,12197518.793959998,0.8156742125984251,20251,5712,0.17146171300843296,0.048362515663629896,19037,3429
0.26,0.7000000000000001,10087469.84125,32488252.042880002,103865.0,42679586.88413,15260831.675870001,0.8126845472440944,20773,5190,0.17588139668777727,0.04394283198428557,19478,2988
0.26,0.7200000000000001,10323891.76825,29358814.957280003,106245.0,39788951.72553,18151466.834470004,0.8093996062992125,21249,4714,0.17991160632641312,0.03991262234564975,19865,2601
0.26,0.74,10570879.84225,26338141.05264,108360.0,37017380.894889995,20923037.665110007,0.8064837598425197,21672,4291,0.18349307413553698,0.03633115453652589,20209,2257
0.26,0.76,10836001.408750001,23477321.23856,110585.0,34423907.64731,23516510.91269,0.8031249999999999,22117,3846,0.18726081213804316,0.03256341653401971,20563,1903
0.26,0.78,11111863.2895,21014185.094800003,112400.0,32238448.3843,25701970.1757,0.8000246062992127,22480,3483,0.19033427032885156,0.0294899583432113,20842,1624
0.26,0.8,11343546.182500001,18777344.3092,114320.0,30235210.4917,27705208.0683,0.7967027559055119,22864,3099,0.1935855318860704,0.026238696785992482,21136,1330
0.26,0.8200000000000001,11584957.331500001,16940962.4534,115955.0,28641874.784900002,29298543.7751,0.793713090551181,23191,2772,0.19635418430588952,0.023470044366173334,21382,1084
0.26,0.8400000000000001,11879982.1855,14995750.684,117620.0,26993352.8695,30947065.690500002,0.7904281496062993,23524,2439,0.1991736376875402,0.02065059098452264,21626,840
0.26,0.86,12161777.70625,13128759.78224,119215.0,25409752.48849,32530666.071510002,0.7863681102362206,23843,2120,0.20187455549158398,0.017949673180478885,21835,631
0.26,0.88,12436509.69325,12023409.49824,120415.0,24580334.191490002,33360084.36851,0.7833415354330708,24083,1880,0.20390659396484573,0.01591763470721712,21993,473
0.26,0.9,12768957.215499999,11100031.63388,121610.0,23990598.84938,33949819.71062,0.7792814960629921,24322,1641,0.20593016561113556,0.013894063060927287,22122,344
0.26,0.92,12916064.70175,10299558.43376,122605.0,23338228.135509998,34602190.424490005,0.7754798228346457,24521,1442,0.20761506417854844,0.01220916449351441,22218,248
0.26,0.9400000000000001,13184523.28825,9785657.003960002,123630.0,23093810.29221,34846608.267790005,0.7708292322834646,24726,1237,0.20935076370779288,0.01047346496426999,22297,169
0.26,0.9600000000000001,13465569.7165,9583567.726759998,124685.0,23173822.44326,34766596.11674,0.7651082677165355,24937,1026,0.21113726419886883,0.008686964473194026,22353,113
0.26,0.98,13917431.26675,9443849.558599997,126820.0,23488100.825349998,34452317.73465,0.7515625,25364,599,0.2147525993158804,0.005071629356182477,22413,53
0.28,0.28,7568948.585,153342327.812,0.0,160911276.397,-102970857.83700001,0.8496555118110236,0,24018,0.0,0.20335625021167067,0,20565
0.28,0.30000000000000004,7695890.64425,142722035.03724,8530.0,150426455.68149,-92486037.12149,0.8478100393700787,1706,22312,0.014444406814102346,0.18891184339756834,1656,18909
0.28,0.32,7894841.885,131680140.97108,16560.0,139591542.85608,-81651124.29608,0.8453740157480315,3312,20706,0.028042130931012293,0.17531411928065838,3196,17369
0.28,0.34,8004795.25475,121966682.8676,23930.0,129995408.12234999,-72054989.56234999,0.8436761811023622,4786,19232,0.040522233887628274,0.1628340163240424,4624,15941
0.28,0.36000000000000004,8126099.198,113593353.14828,30260.0,121749712.34628,-63809293.78627999,0.841941437007874,6052,17966,0.05124123683408406,0.15211501337758662,5843,14722
0.28,0.38,8200068.581,106030335.3212,36080.0,114266483.9022,-56326065.342199996,0.8405388779527558,7216,16802,0.0610966234294036,0.14225962678226708,6969,13596
0.28,0.4,8284414.010749999,98907701.32956003,41600.0,107233715.34031002,-49293296.78031002,0.8387672244094488,8320,15698,0.07044400040640769,0.13291224980526298,8025,12540
0.28,0.42000000000000004,8406241.84025,93158551.79624002,46475.0,101611268.63649002,-43670850.076490015,0.8369586614173229,9295,14723,0.0786991567040336,0.12465709350763708,8951,11614
0.28,0.44,8495885.20625,87039474.91696,51365.0,95586725.12321,-37646306.563209996,0.8349286417322835,10273,13745,0.08697971348257527,0.1163765367290954,9874,10691
0.28,0.46,8673871.0205,81354599.10812001,55920.0,90084390.12862001,-32143971.56862001,0.8326033464566929,11184,12834,0.09469299285399804,0.10866325735767264,10722,9843
0.28,0.48000000000000004,8769815.74175,76539357.68872,59990.0,85369163.43047,-27428744.870470002,0.8306102362204724,11998,12020,0.10158499000914417,0.1017712602025265,11482,9083
0.28,0.5,8909686.4165,71699240.96384001,63950.0,80672877.38034001,-22732458.820340008,0.8281003937007875,12790,11228,0.10829071697090799,0.0950655332407627,12206,8359
0.28,0.52,9043705.4825,66268067.28720001,67805.0,75379577.7697,-17439159.209700003,0.8260334645669292,13561,10457,0.11481864056626138,0.08853760964540928,12921,7644
0.28,0.54,9200728.364,61325241.862080015,71465.0,70597435.22608002,-12657016.666080013,0.8234498031496063,14293,9725,0.12101635790970976,0.08233989230196091,13583,6982
0.28,0.56,9396110.56175,56927972.742680006,74955.0,66399038.30443001,-8458619.744430006,0.8209768700787401,14991,9027,0.12692620313611272,0.07643004707555796,14214,6351
0.28,0.5800000000000001,9604337.849,52798044.98752,78055.0,62480437.83652,-4540019.276519999,0.818503937007874,15611,8407,0.1321756358587056,0.07118061435296508,14767,5798
0.28,0.6,9748925.508499999,48972226.233679995,80880.0,58802031.74217999,-861613.1821799874,0.8162524606299213,16176,7842,0.13695939309784266,0.06639685711382802,15271,5294
0.28,0.62,9884599.9025,45174128.43828,83775.0,55142503.340780005,2797915.2192199975,0.813779527559055,16755,7263,0.14186168591458664,0.061494564297084026,15783,4782
0.28,0.64,10052677.019749999,42054435.746,86410.0,52193522.76575,5746895.794250004,0.81126968503937,17282,6736,0.1463237037287906,0.05703254648288007,16242,4323
0.28,0.66,10237101.03125,38564309.968480006,89090.0,48890500.999730006,9049917.560269997,0.8085383858267716,17818,6200,0.15086192298574186,0.05249432722592881,16704,3861
0.28,0.68,10370112.490249999,35027151.33284,91530.0,45488793.82309,12451624.73691,0.8064714566929134,18306,5712,0.15499373454804077,0.048362515663629896,17136,3429
0.28,0.7000000000000001,10620367.8935,31710973.04768,94140.0,42425480.941180006,15514937.618819997,0.8034817913385827,18828,5190,0.1594134182273851,0.04394283198428557,17577,2988
0.28,0.7200000000000001,10856789.8205,28581535.96208,96520.0,39534845.78258,18405572.77742,0.8001968503937008,19304,4714,0.16344362786602093,0.03991262234564975,17964,2601
0.28,0.74,11103777.8945,25560862.057439998,98635.0,36763274.95194,21177143.608060002,0.7972810039370077,19727,4291,0.16702509567514479,0.03633115453652589,18308,2257
0.28,0.76,11368899.461,22700042.24336,100860.0,34169801.70436,23770616.85564,0.7939222440944882,20172,3846,0.17079283367765097,0.03256341653401971,18662,1903
0.28,0.78,11644761.34175,20236906.099600002,102675.0,31984342.44135,25956076.11865,0.7908218503937007,20535,3483,0.17386629186845937,0.0294899583432113,18941,1624
0.28,0.8,11876444.234749999,18000065.314000003,104595.0,29981104.548750002,27959314.01125,0.7874999999999999,20919,3099,0.1771175534256782,0.026238696785992482,19235,1330
0.28,0.8200000000000001,12117855.38375,16163683.4582,106230.0,28387768.84195,29552649.718050003,0.7845103346456693,21246,2772,0.17988620584549733,0.023470044366173334,19481,1084
0.28,0.8400000000000001,12412880.237750001,14218471.6888,107895.0,26739246.92655,31201171.63345,0.7812253937007874,21579,2439,0.18270565922714804,0.02065059098452264,19725,840
0.28,0.86,12694675.7585,12351480.78704,109490.0,25155646.54554,32784772.01446,0.7771653543307085,21898,2120,0.1854065770311918,0.017949673180478885,19934,631
0.28,0.88,12969407.7455,11246130.503039999,110690.0,24326228.24854,33614190.31146,0.774138779527559,22138,1880,0.18743861550445354,0.01591763470721712,20092,473
0.28,0.9,13301855.26775,10322752.63868,111885.0,23736492.90643,34203925.653570004,0.7700787401574803,22377,1641,0.1894621871507434,0.013894063060927287,20221,344
0.28,0.92,13448962.754,9522279.43856,112880.0,23084122.192560002,34856296.36744,0.7662770669291338,22576,1442,0.19114708571815625,0.01220916449351441,20317,248
0.28,0.9400000000000001,13717421.340499999,9008378.008760002,113905.0,22839704.349260002,35100714.21074,0.7616264763779528,22781,1237,0.19288278524740068,0.01047346496426999,20396,169
0.28,0.9600000000000001,13998467.768749999,8806288.73156,114960.0,22919716.500309996,35020702.059690006,0.7559055118110236,22992,1026,0.19466928573847664,0.008686964473194026,20452,113
0.28,0.98,14450329.319,8666570.563399998,117095.0,23233994.8824,34706423.677600004,0.7423597440944881,23419,599,0.1982846208554882,0.005071629356182477,20512,53
0.30000000000000004,0.30000000000000004,8415228.98,142101223.158,0.0,150516452.13799998,-92576033.57799998,0.8373523622047244,0,22312,0.0,0.18891184339756834,0,18909
0.30000000000000004,0.32,8614180.22075,131059329.09184,8030.0,139681539.31259,-81741120.75259,0.8349163385826771,1606,20706,0.013597724116909947,0.17531411928065838,1540,17369
0.30000000000000004,0.34,8724133.5905,121345870.98836,15400.0,130085404.57886,-72144986.01886,0.8332185039370078,3080,19232,0.026077827073525926,0.1628340163240424,2968,15941
0.30000000000000004,0.36000000000000004,8845437.533750001,112972541.26904,21730.0,121839708.80279,-63899290.24279,0.8314837598425197,4346,17966,0.03679683001998171,0.15211501337758662,4187,14722
0.30000000000000004,0.38,8919406.91675,105409523.44195999,27550.0,114356480.35870999,-56416061.79870999,0.8300812007874016,5510,16802,0.04665221661530125,0.14225962678226708,5313,13596
0.30000000000000004,0.4,9003752.3465,98286889.45032002,33070.0,107323711.79682001,-49383293.23682001,0.8283095472440944,6614,15698,0.05599959359230535,0.13291224980526298,6369,12540
0.30000000000000004,0.42000000000000004,9125580.176,92537739.91700001,37945.0,101701265.09300001,-43760846.53300001,0.8265009842519685,7589,14723,0.06425474988993125,0.12465709350763708,7295,11614
0.30000000000000004,0.44,9215223.542000001,86418663.03772001,42835.0,95676721.57972,-37736303.01972,0.8244709645669291,8567,13745,0.07253530666847292,0.1163765367290954,8218,10691
0.30000000000000004,0.46,9393209.356250001,80733787.22888,47390.0,90174386.58513,-32233968.025130004,0.8221456692913386,9478,12834,0.0802485860398957,0.10866325735767264,9066,9843
0.30000000000000004,0.48000000000000004,9489154.0775,75918545.80948,51460.0,85459159.88698,-27518741.326979995,0.8201525590551181,10292,12020,0.08714058319504182,0.1017712602025265,9826,9083
0.30000000000000004,0.5,9629024.75225,71078429.0846,55420.0,80762873.83685,-22822455.27685,0.8176427165354331,11084,11228,0.09384631015680564,0.0950655332407627,10550,8359
0.30000000000000004,0.52,9763043.81825,65647255.40796001,59275.0,75469574.22621001,-17529155.66621001,0.8155757874015748,11855,10457,0.10037423375215904,0.08853760964540928,11265,7644
0.30000000000000004,0.54,9920066.69975,60704429.98284001,62935.0,70687431.68259001,-12747013.122590005,0.812992125984252,12587,9725,0.10657195109560741,0.08233989230196091,11927,6982
0.30000000000000004,0.56,10115448.8975,56307160.86344001,66425.0,66489034.76094001,-8548616.200940005,0.8105191929133858,13285,9027,0.11248179632201036,0.07643004707555796,12558,6351
0.30000000000000004,0.5800000000000001,10323676.18475,52177233.10828,69525.0,62570434.29303,-4630015.733029999,0.8080462598425197,13905,8407,0.11773122904460324,0.07118061435296508,13111,5798
0.30000000000000004,0.6,10468263.844250001,48351414.354439996,72350.0,58892028.19869,-951609.6386899948,0.8057947834645669,14470,7842,0.1225149862837403,0.06639685711382802,13615,5294
0.30000000000000004,0.62,10603938.23825,44553316.55904,75245.0,55232499.797290005,2707918.7627099976,0.8033218503937007,15049,7263,0.1274172791004843,0.061494564297084026,14127,4782
0.30000000000000004,0.64,10772015.355500001,41433623.86676,77880.0,52283519.22226,5656899.337740004,0.8008120078740157,15576,6736,0.13187929691468825,0.05703254648288007,14586,4323
0.30000000000000004,0.66,10956439.367,37943498.08924,80560.0,48980497.45624,8959921.103760004,0.7980807086614173,16112,6200,0.13641751617163952,0.05249432722592881,15048,3861
0.30000000000000004,0.68,11089450.826000001,34406339.453600004,83000.0,45578790.27960001,12361628.280399993,0.796013779527559,16600,5712,0.14054932773393844,0.048362515663629896,15480,3429
0.30000000000000004,0.7000000000000001,11339706.229249999,31090161.168440003,85610.0,42515477.39769,15424941.162310004,0.7930241141732284,17122,5190,0.14496901141328275,0.04394283198428557,15921,2988
0.30000000000000004,0.7200000000000001,11576128.15625,27960724.082840003,87990.0,39624842.23909,18315576.32091,0.7897391732283464,17598,4714,0.1489992210519186,0.03991262234564975,16308,2601
0.30000000000000004,0.74,11823116.230250001,24940050.1782,90105.0,36853271.40845,21087147.151550002,0.7868233267716535,18021,4291,0.15258068886104242,0.03633115453652589,16652,2257
0.30000000000000004,0.76,12088237.79675,22079230.364120003,92330.0,34259798.16087,23680620.39913,0.7834645669291339,18466,3846,0.1563484268635486,0.03256341653401971,17006,1903
0.30000000000000004,0.78,12364099.6775,19616094.220360003,94145.0,32074338.897860005,25866079.662139997,0.7803641732283464,18829,3483,0.15942188505435703,0.0294899583432113,17285,1624
0.30000000000000004,0.8,12595782.5705,17379253.43476,96065.0,30071101.00526,27869317.554740004,0.7770423228346456,19213,3099,0.16267314661157584,0.026238696785992482,17579,1330
0.30000000000000004,0.8200000000000001,12837193.719500002,15542871.578960001,97700.0,28477765.298460003,29462653.26154,0.7740526574803149,19540,2772,0.165441799031395,0.023470044366173334,17825,1084
0.30000000000000004,0.8400000000000001,13132218.5735,13597659.809559999,99365.0,26829243.38306,31111175.17694,0.770767716535433,19873,2439,0.16826125241304568,0.02065059098452264,18069,840
0.30000000000000004,0.86,13414014.094250001,11730668.9078,100960.0,25245643.00205,32694775.55795,0.7667076771653543,20192,2120,0.17096217021708945,0.017949673180478885,18278,631
0.30000000000000004,0.88,13688746.08125,10625318.6238,102160.0,24416224.70505,33524193.854950003,0.7636811023622047,20432,1880,0.1729942086903512,0.01591763470721712,18436,473
0.30000000000000004,0.9,14021193.6035,9701940.759440001,103355.0,23826489.36294,34113929.197060004,0.759621062992126,20671,1641,0.17501778033664103,0.013894063060927287,18565,344
0.30000000000000004,0.92,14168301.08975,8901467.559320001,104350.0,23174118.649070002,34766299.91093,0.7558193897637795,20870,1442,0.17670267890405392,0.01220916449351441,18661,248
0.30000000000000004,0.9400000000000001,14436759.67625,8387566.129520001,105375.0,22929700.805770002,35010717.75423,0.7511687992125984,21075,1237,0.17843837843329835,0.01047346496426999,18740,169
0.30000000000000004,0.9600000000000001,14717806.1045,8185476.8523200005,106430.0,23009712.95682,34930705.603180006,0.7454478346456693,21286,1026,0.1802248789243743,0.008686964473194026,18796,113
0.30000000000000004,0.98,15169667.65475,8045758.684160001,108565.0,23323991.338910002,34616427.221090004,0.7319020669291338,21713,599,0.18384021404138584,0.005071629356182477,18856,53
0.32,0.32,9741570.585,130407608.194,0.0,140149178.779,-82208760.21900001,0.8211122047244095,0,20706,0.0,0.17531411928065838,0,17369
0.32,0.34,9851523.954750001,120694150.09052,7370.0,130553044.04527,-72612625.48527,0.8194143700787402,1474,19232,0.012480102956615979,0.1628340163240424,1428,15941
0.32,0.36000000000000004,9972827.898,112320820.3712,13700.0,122307348.2692,-64366929.709199995,0.817679625984252,2740,17966,0.023199105903071764,0.15211501337758662,2647,14722
0.32,0.38,10046797.281000001,104757802.54412,19520.0,114824119.82512,-56883701.26512,0.8162770669291338,3904,16802,0.033054492498391305,0.14225962678226708,3773,13596
0.32,0.4,10131142.71075,97635168.55248003,25040.0,107791351.26323003,-49850932.70323002,0.8145054133858268,5008,15698,0.0424018694753954,0.13291224980526298,4829,12540
0.32,0.42000000000000004,10252970.540250001,91886019.01916002,29915.0,102168904.55941002,-44228485.99941002,0.8126968503937009,5983,14723,0.0506570257730213,0.12465709350763708,5755,11614
0.32,0.44,10342613.90625,85766942.13988,34805.0,96144361.04613,-38203942.48613,0.8106668307086614,6961,13745,0.05893758255156298,0.1163765367290954,6678,10691
0.32,0.46,10520599.720500002,80082066.33104001,39360.0,90642026.05154002,-32701607.491540015,0.8083415354330709,7872,12834,0.06665086192298574,0.10866325735767264,7526,9843
0.32,0.48000000000000004,10616544.441750001,75266824.91164,43430.0,85926799.35339001,-27986380.793390006,0.8063484251968503,8686,12020,0.07354285907813188,0.1017712602025265,8286,9083
0.32,0.5,10756415.116500001,70426708.18676001,47390.0,81230513.30326001,-23290094.74326001,0.8038385826771653,9478,11228,0.0802485860398957,0.0950655332407627,9010,8359
0.32,0.52,10890434.182500001,64995534.51012001,51245.0,75937213.69262001,-17996795.132620007,0.8017716535433072,10249,10457,0.08677650963524909,0.08853760964540928,9725,7644
0.32,0.54,11047457.064000001,60052709.08500001,54905.0,71155071.149,-13214652.589000002,0.7991879921259842,10981,9725,0.09297422697869746,0.08233989230196091,10387,6982
0.32,0.56,11242839.261750001,55655439.96560001,58395.0,66956674.22735001,-9016255.66735001,0.7967150590551181,11679,9027,0.09888407220510041,0.07643004707555796,11018,6351
0.32,0.5800000000000001,11451066.549,51525512.21044,61495.0,63038073.759440005,-5097655.199440002,0.794242125984252,12299,8407,0.1041335049276933,0.07118061435296508,11571,5798
0.32,0.6,11595654.208500002,47699693.456599995,64320.0,59359667.66509999,-1419249.105099991,0.7919906496062993,12864,7842,0.10891726216683036,0.06639685711382802,12075,5294
0.32,0.62,11731328.602500001,43901595.6612,67215.0,55700139.2637,2240279.2963000014,0.789517716535433,13443,7263,0.11381955498357435,0.061494564297084026,12587,4782
0.32,0.64,11899405.719750002,40781902.96892,69850.0,52751158.68867,5189259.87133,0.787007874015748,13970,6736,0.1182815727977783,0.05703254648288007,13046,4323
0.32,0.66,12083829.731250001,37291777.19140001,72530.0,49448136.92265001,8492281.637349993,0.7842765748031496,14506,6200,0.12281979205472957,0.05249432722592881,13508,3861
0.32,0.68,12216841.190250002,33754618.55576,74970.0,46046429.746010005,11893988.813989997,0.7822096456692914,14994,5712,0.12695160361702848,0.048362515663629896,13940,3429
0.32,0.7000000000000001,12467096.593500001,30438440.270600002,77580.0,42983116.8641,14957301.6959,0.7792199803149606,15516,5190,0.13137128729637282,0.04394283198428557,14381,2988
0.32,0.7200000000000001,12703518.5205,27309003.185000002,79960.0,40092481.70550001,17847936.854499996,0.7759350393700787,15992,4714,0.13540149693500864,0.03991262234564975,14768,2601
0.32,0.74,12950506.5945,24288329.28036,82075.0,37320910.874859996,20619507.685140006,0.7730191929133858,16415,4291,0.1389829647441325,0.03633115453652589,15112,2257
0.32,0.76,13215628.161,21427509.46628,84300.0,34727437.62728,23212980.932720006,0.7696604330708661,16860,3846,0.14275070274663867,0.03256341653401971,15466,1903
0.32,0.78,13491490.04175,18964373.322520003,86115.0,32541978.36427,25398440.19573,0.7665600393700788,17223,3483,0.14582416093744707,0.0294899583432113,15745,1624
0.32,0.8,13723172.93475,16727532.536920004,88035.0,30538740.47167,27401678.08833,0.763238188976378,17607,3099,0.1490754224946659,0.026238696785992482,16039,1330
0.32,0.8200000000000001,13964584.083750002,14891150.68112,89670.0,28945404.764870003,28995013.79513,0.7602485236220472,17934,2772,0.15184407491448504,0.023470044366173334,16285,1084
0.32,0.8400000000000001,14259608.93775,12945938.91172,91335.0,27296882.84947,30643535.71053,0.7569635826771653,18267,2439,0.15466352829613575,0.02065059098452264,16529,840
0.32,0.86,14541404.458500002,11078948.009960001,92930.0,25713282.46846,32227136.09154,0.7529035433070866,18586,2120,0.1573644461001795,0.017949673180478885,16738,631
0.32,0.88,14816136.445500001,9973597.72596,94130.0,24883864.171460003,33056554.38854,0.749876968503937,18826,1880,0.15939648457344124,0.01591763470721712,16896,473
0.32,0.9,15148583.967750002,9050219.8616,95325.0,24294128.829350002,33646289.73065,0.7458169291338582,19065,1641,0.1614200562197311,0.013894063060927287,17025,344
0.32,0.92,15295691.454,8249746.661479999,96320.0,23641758.11548,34298660.444520004,0.7420152559055119,19264,1442,0.16310495478714396,0.01220916449351441,17121,248
0.32,0.9400000000000001,15564150.0405,7735845.23168,97345.0,23397340.27218,34543078.287820004,0.7373646653543307,19469,1237,0.1648406543163884,0.01047346496426999,17200,169
0.32,0.9600000000000001,15845196.46875,7533755.95448,98400.0,23477352.42323,34463066.13677,0.7316437007874016,19680,1026,0.16662715480746434,0.008686964473194026,17256,113
0.32,0.98,16297058.019000001,7394037.786320001,100535.0,23791630.805320002,34148787.75468,0.7180979330708661,20107,599,0.1702424899244759,0.005071629356182477,17316,53
0.34,0.34,10474593.05,120123362.552,0.0,130597955.602,-72657537.042,0.8097933070866141,0,19232,0.0,0.1628340163240424,0,15941
0.34,0.36000000000000004,10595896.993250001,111750032.83268,6330.0,122352259.82593,-64411841.26593,0.808058562992126,1266,17966,0.010719002946455787,0.15211501337758662,1219,14722
0.34,0.38,10669866.37625,104187015.0056,12150.0,114869031.38185,-56928612.82185,0.8066560039370079,2430,16802,0.020574389541775324,0.14225962678226708,2345,13596
0.34,0.4,10754211.806,97064381.01396002,17670.0,107836262.81996001,-49895844.25996001,0.8048843503937009,3534,15698,0.02992176651877942,0.13291224980526298,3401,12540
0.34,0.42000000000000004,10876039.6355,91315231.48064001,22545.0,102213816.11614001,-44273397.556140006,0.8030757874015747,4509,14723,0.03817692281640533,0.12465709350763708,4327,11614
0.34,0.44,10965683.001500001,85196154.60136001,27435.0,96189272.60286,-38248854.04286,0.8010457677165354,5487,13745,0.046457479594947,0.1163765367290954,5250,10691
0.34,0.46,11143668.815750001,79511278.79252,31990.0,90686937.60827,-32746519.048270002,0.7987204724409449,6398,12834,0.05417075896636976,0.10866325735767264,6098,9843
0.34,0.48000000000000004,11239613.537,74696037.37312,36060.0,85971710.91012,-28031292.350119993,0.7967273622047244,7212,12020,0.0610627561215159,0.1017712602025265,6858,9083
0.34,0.5,11379484.21175,69855920.64824001,40020.0,81275424.85999002,-23335006.299990013,0.7942175196850393,8004,11228,0.0677684830832797,0.0950655332407627,7582,8359
0.34,0.52,11513503.27775,64424746.97160001,43875.0,75982125.24935001,-18041706.68935001,0.7921505905511812,8775,10457,0.07429640667863312,0.08853760964540928,8297,7644
0.34,0.54,11670526.15925,59481921.546480015,47535.0,71199982.70573002,-13259564.145730019,0.7895669291338583,9507,9725,0.08049412402208149,0.08233989230196091,8959,6982
0.34,0.56,11865908.357,55084652.427080005,51025.0,67001585.784080006,-9061167.224080004,0.7870939960629921,10205,9027,0.08640396924848444,0.07643004707555796,9590,6351
0.34,0.5800000000000001,12074135.64425,50954724.67192,54125.0,63082985.31617,-5142566.756169997,0.784621062992126,10825,8407,0.09165340197107733,0.07118061435296508,10143,5798
0.34,0.6,12218723.30375,47128905.918079995,56950.0,59404579.221829996,-1464160.6618299931,0.7823695866141732,11390,7842,0.09643715921021438,0.06639685711382802,10647,5294
0.34,0.62,12354397.69775,43330808.12268,59845.0,55745050.82043,2195367.7395699993,0.7798966535433071,11969,7263,0.10133945202695838,0.061494564297084026,11159,4782
0.34,0.64,12522474.815000001,40211115.4304,62480.0,52796070.2454,5144348.314600006,0.7773868110236221,12496,6736,0.10580146984116233,0.05703254648288007,11618,4323
0.34,0.66,12706898.8265,36720989.652880006,65160.0,49493048.479380004,8447370.080619998,0.7746555118110235,13032,6200,0.11033968909811359,0.05249432722592881,12080,3861
0.34,0.68,12839910.285500001,33183831.017240003,67600.0,46091341.30274001,11849077.257259995,0.7725885826771653,13520,5712,0.1144715006604125,0.048362515663629896,12512,3429
0.34,0.7000000000000001,13090165.68875,29867652.732080005,70210.0,43028028.420830004,14912390.139169998,0.7695989173228347,14042,5190,0.11889118433975683,0.04394283198428557,12953,2988
0.34,0.7200000000000001,13326587.61575,26738215.64648,72590.0,40137393.26223,17803025.29777,0.7663139763779528,14518,4714,0.12292139397839266,0.03991262234564975,13340,2601
0.34,0.74,13573575.68975,23717541.741839997,74705.0,37365822.43159,20574596.128410004,0.7633981299212598,14941,4291,0.12650286178751652,0.03633115453652589,13684,2257
0.34,0.76,13838697.256250001,20856721.92776,76930.0,34772349.18401,23168069.375990003,0.7600393700787402,15386,3846,0.1302705997900227,0.03256341653401971,14038,1903
0.34,0.78,14114559.137,18393585.784,78745.0,32586889.921000004,25353528.639,0.7569389763779527,15749,3483,0.1333440579808311,0.0294899583432113,14317,1624
0.34,0.8,14346242.03,16156744.9984,80665.0,30583652.0284,27356766.531600002,0.7536171259842519,16133,3099,0.13659531953804993,0.026238696785992482,14611,1330
0.34,0.8200000000000001,14587653.179000001,14320363.1426,82300.0,28990316.3216,28950102.2384,0.7506274606299213,16460,2772,0.13936397195786906,0.023470044366173334,14857,1084
0.34,0.8400000000000001,14882678.033,12375151.3732,83965.0,27341794.4062,30598624.153800003,0.7473425196850393,16793,2439,0.14218342533951975,0.02065059098452264,15101,840
0.34,0.86,15164473.55375,10508160.47144,85560.0,25758194.025190003,32182224.53481,0.7432824803149606,17112,2120,0.14488434314356352,0.017949673180478885,15310,631
0.34,0.88,15439205.54075,9402810.18744,86760.0,24928775.72819,33011642.83181,0.740255905511811,17352,1880,0.14691638161682527,0.01591763470721712,15468,473
0.34,0.9,15771653.063000001,8479432.32308,87955.0,24339040.38608,33601378.173920006,0.7361958661417322,17591,1641,0.14893995326311513,0.013894063060927287,15597,344
0.34,0.92,15918760.54925,7678959.122959999,88950.0,23686669.67221,34253748.88779,0.7323941929133858,17790,1442,0.15062485183052798,0.01220916449351441,15693,248
0.34,0.9400000000000001,16187219.13575,7165057.69316,89975.0,23442251.82891,34498166.73109,0.7277436023622048,17995,1237,0.15236055135977242,0.01047346496426999,15772,169
0.34,0.9600000000000001,16468265.564000001,6962968.41596,91030.0,23522263.979960002,34418154.58004,0.7220226377952756,18206,1026,0.15414705185084837,0.008686964473194026,15828,113
0.34,0.98,16920127.11425,6823250.247800001,93165.0,23836542.36205,34103876.197950006,0.7084768700787402,18633,599,0.15776238696785994,0.005071629356182477,15888,53
0.36000000000000004,0.36000000000000004,11283286.005,111257581.574,0.0,122540867.579,-64600449.018999994,0.7982283464566929,0,17966,0.0,0.15211501337758662,0,14722
0.36000000000000004,0.38,11357255.388,103694563.74692,5820.0,115057639.13492,-57117220.57492,0.7968257874015748,1164,16802,0.009855386595319537,0.14225962678226708,1126,13596
0.36000000000000004,0.4,11441600.817750001,96571929.75528002,11340.0,108024870.57303002,-50084452.01303002,0.7950541338582677,2268,15698,0.019202763572323638,0.13291224980526298,2182,12540
0.36000000000000004,0.42000000000000004,11563428.64725,90822780.22196002,16215.0,102402423.86921002,-44462005.30921002,0.7932455708661418,3243,14723,0.027457919869949537,0.12465709350763708,3108,11614
0.36000000000000004,0.44,11653072.01325,84703703.34268,21105.0,96377880.35593,-38437461.79593,0.7912155511811023,4221,13745,0.03573847664849121,0.1163765367290954,4031,10691
0.36000000000000004,0.46,11831057.8275,79018827.53384,25660.0,90875545.36134,-32935126.80134,0.7888902559055119,5132,12834,0.043451756019913974,0.10866325735767264,4879,9843
0.36000000000000004,0.48000000000000004,11927002.54875,74203586.11444,29730.0,86160318.66318999,-28219900.10318999,0.7868971456692913,5946,12020,0.05034375317506012,0.1017712602025265,5639,9083
0.36000000000000004,0.5,12066873.2235,69363469.38956001,33690.0,81464032.61306001,-23523614.05306001,0.7843873031496063,6738,11228,0.05704948013682393,0.0950655332407627,6363,8359
0.36000000000000004,0.52,12200892.2895,63932295.71292001,37545.0,76170733.00242001,-18230314.442420006,0.782320374015748,7509,10457,0.06357740373217732,0.08853760964540928,7078,7644
0.36000000000000004,0.54,12357915.171,58989470.287800014,41205.0,71388590.45880002,-13448171.898800015,0.7797367125984251,8241,9725,0.0697751210756257,0.08233989230196091,7740,6982
0.36000000000000004,0.56,12553297.36875,54592201.168400005,44695.0,67190193.53715001,-9249774.977150008,0.7772637795275591,8939,9027,0.07568496630202866,0.07643004707555796,8371,6351
0.36000000000000004,0.5800000000000001,12761524.656000001,50462273.41324,47795.0,63271593.069240004,-5331174.509240001,0.7747908464566929,9559,8407,0.08093439902462153,0.07118061435296508,8924,5798
0.36000000000000004,0.6,12906112.3155,46636454.6594,50620.0,59593186.9749,-1652768.4148999974,0.7725393700787402,10124,7842,0.08571815626375859,0.06639685711382802,9428,5294
0.36000000000000004,0.62,13041786.7095,42838356.864,53515.0,55933658.5735,2006759.9865000024,0.770066437007874,10703,7263,0.0906204490805026,0.061494564297084026,9940,4782
0.36000000000000004,0.64,13209863.826750001,39718664.17172,56150.0,52984677.99847,4955740.561530001,0.7675565944881889,11230,6736,0.09508246689470654,0.05703254648288007,10399,4323
0.36000000000000004,0.66,13394287.83825,36228538.394200005,58830.0,49681656.23245001,8258762.327549994,0.7648252952755905,11766,6200,0.09962068615165781,0.05249432722592881,10861,3861
0.36000000000000004,0.68,13527299.29725,32691379.75856,61270.0,46279949.055810004,11660469.504189998,0.7627583661417323,12254,5712,0.10375249771395671,0.048362515663629896,11293,3429
0.36000000000000004,0.7000000000000001,13777554.7005,29375201.473400004,63880.0,43216636.17390001,14723782.386099994,0.7597687007874016,12776,5190,0.10817218139330105,0.04394283198428557,11734,2988
0.36000000000000004,0.7200000000000001,14013976.627500001,26245764.3878,66260.0,40326001.015300006,17614417.544699997,0.7564837598425197,13252,4714,0.11220239103193687,0.03991262234564975,12121,2601
0.36000000000000004,0.74,14260964.7015,23225090.483159997,68375.0,37554430.184659995,20385988.375340007,0.7535679133858267,13675,4291,0.11578385884106072,0.03633115453652589,12465,2257
0.36000000000000004,0.76,14526086.268000001,20364270.66908,70600.0,34960956.93708,22979461.62292,0.7502091535433071,14120,3846,0.1195515968435669,0.03256341653401971,12819,1903
0.36000000000000004,0.78,14801948.14875,17901134.52532,72415.0,32775497.67407,25164920.88593,0.7471087598425197,14483,3483,0.12262505503437532,0.0294899583432113,13098,1624
0.36000000000000004,0.8,15033631.04175,15664293.739720002,74335.0,30772259.78147,27168158.77853,0.7437869094488189,14867,3099,0.12587631659159412,0.026238696785992482,13392,1330
0.36000000000000004,0.8200000000000001,15275042.190750001,13827911.88392,75970.0,29178924.074670002,28761494.48533,0.7407972440944882,15194,2772,0.12864496901141328,0.023470044366173334,13638,1084
0.36000000000000004,0.8400000000000001,15570067.044750001,11882700.11452,77635.0,27530402.159270003,30410016.40073,0.7375123031496063,15527,2439,0.13146442239306397,0.02065059098452264,13882,840
0.36000000000000004,0.86,15851862.5655,10015709.21276,79230.0,25946801.77826,31993616.781740002,0.7334522637795275,15846,2120,0.13416534019710774,0.017949673180478885,14091,631
0.36000000000000004,0.88,16126594.5525,8910358.92876,80430.0,25117383.48126,32823035.07874,0.7304256889763779,16086,1880,0.1361973786703695,0.01591763470721712,14249,473
0.36000000000000004,0.9,16459042.074750002,7986981.0644000005,81625.0,24527648.13915,33412770.42085,0.7263656496062991,16325,1641,0.13822095031665932,0.013894063060927287,14378,344
0.36000000000000004,0.92,16606149.561,7186507.86428,82620.0,23875277.42528,34065141.13472,0.7225639763779528,16524,1442,0.1399058488840722,0.01220916449351441,14474,248
0.36000000000000004,0.9400000000000001,16874608.1475,6672606.43448,83645.0,23630859.58198,34309558.97802,0.7179133858267717,16729,1237,0.14164154841331664,0.01047346496426999,14553,169
0.36000000000000004,0.9600000000000001,17155654.57575,6470517.157280001,84700.0,23710871.733030003,34229546.826969996,0.7121924212598425,16940,1026,0.1434280489043926,0.008686964473194026,14609,113
0.36000000000000004,0.98,17607516.126000002,6330798.989120001,86835.0,24025150.11512,33915268.44488,0.698646653543307,17367,599,0.14704338402140413,0.005071629356182477,14669,53
0.38,0.38,11776415.225,103250628.992,0.0,115027044.217,-57086625.65699999,0.7888779527559056,0,16802,0.0,0.14225962678226708,0,13596
0.38,0.4,11860760.654749999,96127995.00036003,5520.0,107994275.65511003,-50053857.09511003,0.7871062992125984,1104,15698,0.009347376977004098,0.13291224980526298,1056,12540
0.38,0.42000000000000004,11982588.48425,90378845.46704002,10395.0,102371828.95129001,-44431410.39129001,0.7852977362204724,2079,14723,0.01760253327463,0.12465709350763708,1982,11614
0.38,0.44,12072231.85025,84259768.58776,15285.0,96347285.43801,-38406866.878010005,0.783267716535433,3057,13745,0.025883090053171673,0.1163765367290954,2905,10691
0.38,0.46,12250217.6645,78574892.77892001,19840.0,90844950.44342001,-32904531.883420005,0.7809424212598425,3968,12834,0.03359636942459444,0.10866325735767264,3753,9843
0.38,0.48000000000000004,12346162.38575,73759651.35952,23910.0,86129723.74527,-28189305.185269997,0.7789493110236221,4782,12020,0.04048836657974058,0.1017712602025265,4513,9083
0.38,0.5,12486033.0605,68919534.63464001,27870.0,81433437.69514,-23493019.13514,0.776439468503937,5574,11228,0.04719409354150438,0.0950655332407627,5237,8359
0.38,0.52,12620052.1265,63488360.95800001,31725.0,76140138.08450001,-18199719.524500012,0.7743725393700788,6345,10457,0.05372201713685779,0.08853760964540928,5952,7644
0.38,0.54,12777075.008,58545535.53288001,35385.0,71357995.54088001,-13417576.980880007,0.771788877952756,7077,9725,0.05991973448030616,0.08233989230196091,6614,6982
0.38,0.56,12972457.20575,54148266.413480006,38875.0,67159598.61923,-9219180.05923,0.7693159448818898,7775,9027,0.06582957970670911,0.07643004707555796,7245,6351
0.38,0.5800000000000001,13180684.493,50018338.65832,41975.0,63240998.15132,-5300579.591320001,0.7668430118110235,8395,8407,0.071079012429302,0.07118061435296508,7798,5798
0.38,0.6,13325272.1525,46192519.904479995,44800.0,59562592.05698,-1622173.4969799966,0.7645915354330709,8960,7842,0.07586276966843905,0.06639685711382802,8302,5294
0.38,0.62,13460946.5465,42394422.10908,47695.0,55903063.65558,2037354.9044200033,0.7621186023622047,9539,7263,0.08076506248518306,0.061494564297084026,8814,4782
0.38,0.64,13629023.66375,39274729.4168,50330.0,52954083.08055,4986335.479450002,0.7596087598425197,10066,6736,0.085227080299387,0.05703254648288007,9273,4323
0.38,0.66,13813447.67525,35784603.63928001,53010.0,49651061.31453001,8289357.245469995,0.7568774606299212,10602,6200,0.08976529955633826,0.05249432722592881,9735,3861
0.38,0.68,13946459.13425,32247445.003640004,55450.0,46249354.13789,11691064.422109999,0.754810531496063,11090,5712,0.09389711111863717,0.048362515663629896,10167,3429
0.38,0.7000000000000001,14196714.5375,28931266.718480002,58060.0,43186041.25598,14754377.304020002,0.7518208661417323,11612,5190,0.09831679479798151,0.04394283198428557,10608,2988
0.38,0.7200000000000001,14433136.464499999,25801829.632880002,60440.0,40295406.09738,17645012.462620005,0.7485359251968504,12088,4714,0.10234700443661733,0.03991262234564975,10995,2601
0.38,0.74,14680124.5385,22781155.72824,62555.0,37523835.266739994,20416583.293260008,0.7456200787401575,12511,4291,0.10592847224574119,0.03633115453652589,11339,2257
0.38,0.76,14945246.105,19920335.914160002,64780.0,34930362.01916,23010056.54084,0.7422613188976378,12956,3846,0.10969621024824737,0.03256341653401971,11693,1903
0.38,0.78,15221107.985749999,17457199.770400003,66595.0,32744902.75615,25195515.803850003,0.7391609251968504,13319,3483,0.11276966843905578,0.0294899583432113,11972,1624
0.38,0.8,15452790.87875,15220358.9848,68515.0,30741664.86355,27198753.696450002,0.7358390748031496,13703,3099,0.1160209299962746,0.026238696785992482,12266,1330
0.38,0.8200000000000001,15694202.02775,13383977.129,70150.0,29148329.15675,28792089.40325,0.7328494094488189,14030,2772,0.11878958241609375,0.023470044366173334,12512,1084
0.38,0.8400000000000001,15989226.881749999,11438765.3596,71815.0,27499807.24135,30440611.318650004,0.729564468503937,14363,2439,0.12160903579774444,0.02065059098452264,12756,840
0.38,0.86,16271022.4025,9571774.457840001,73410.0,25916206.86034,32024211.699660003,0.7255044291338583,14682,2120,0.12430995360178819,0.017949673180478885,12965,631
0.38,0.88,16545754.3895,8466424.17384,74610.0,25086788.56334,32853629.99666,0.7224778543307085,14922,1880,0.12634199207504995,0.01591763470721712,13123,473
0.38,0.9,16878201.91175,7543046.30948,75805.0,24497053.22123,33443365.338770002,0.7184178149606298,15161,1641,0.12836556372133978,0.013894063060927287,13252,344
0.38,0.92,17025309.398,6742573.109359999,76800.0,23844682.507359996,34095736.052640006,0.7146161417322834,15360,1442,0.13005046228875267,0.01220916449351441,13348,248
0.38,0.9400000000000001,17293767.9845,6228671.67956,77825.0,23600264.664059997,34340153.895940006,0.7099655511811024,15565,1237,0.1317861618179971,0.01047346496426999,13427,169
0.38,0.9600000000000001,17574814.41275,6026582.40236,78880.0,23680276.815109998,34260141.744890004,0.7042445866141732,15776,1026,0.13357266230907305,0.008686964473194026,13483,113
0.38,0.98,18026675.963,5886864.234200001,81015.0,23994555.1972,33945863.3628,0.6906988188976378,16203,599,0.1371879974260846,0.005071629356182477,13543,53
0.4,0.4,12338718.09,95709757.08600003,0.0,108048475.17600003,-50108056.61600003,0.7770669291338582,0,15698,0.0,0.13291224980526298,0,12540
0.4,0.42000000000000004,12460545.9195,89960607.55268002,4875.0,102426028.47218001,-44485609.91218001,0.7752583661417323,975,14723,0.008255156297625901,0.12465709350763708,926,11614
0.4,0.44,12550189.2855,83841530.6734,9765.0,96401484.9589,-38461066.3989,0.7732283464566929,1953,13745,0.016535713076167576,0.1163765367290954,1849,10691
0.4,0.46,12728175.09975,78156654.86456001,14320.0,90899149.96431,-32958731.404310003,0.7709030511811024,2864,12834,0.02424899244759034,0.10866325735767264,2697,9843
0.4,0.48000000000000004,12824119.821,73341413.44516,18390.0,86183923.26616,-28243504.706159994,0.7689099409448819,3678,12020,0.03114098960273648,0.1017712602025265,3457,9083
0.4,0.5,12963990.49575,68501296.72028,22350.0,81487637.21603,-23547218.65603,0.7664000984251969,4470,11228,0.03784671656450029,0.0950655332407627,4181,8359
0.4,0.52,13098009.56175,63070123.04364001,26205.0,76194337.60539001,-18253919.04539001,0.7643331692913385,5241,10457,0.04437464015985369,0.08853760964540928,4896,7644
0.4,0.54,13255032.44325,58127297.618520014,29865.0,71412195.06177002,-13471776.50177002,0.7617495078740157,5973,9725,0.050572357503302065,0.08233989230196091,5558,6982
0.4,0.56,13450414.640999999,53730028.499120004,33355.0,67213798.14012,-9273379.580119997,0.7592765748031496,6671,9027,0.056482202729705014,0.07643004707555796,6189,6351
0.4,0.5800000000000001,13658641.92825,49600100.74396,36455.0,63295197.67221,-5354779.112209998,0.7568036417322835,7291,8407,0.061731635452297894,0.07118061435296508,6742,5798
0.4,0.6,13803229.587749999,45774281.99011999,39280.0,59616791.57787,-1676373.017869994,0.7545521653543307,7856,7842,0.06651539269143496,0.06639685711382802,7246,5294
0.4,0.62,13938903.98175,41976184.19472,42175.0,55957263.17647,1983155.3835300058,0.7520792322834645,8435,7263,0.07141768550817895,0.061494564297084026,7758,4782
0.4,0.64,14106981.099,38856491.50244,44810.0,53008282.60144,4932135.958560005,0.7495693897637795,8962,6736,0.0758797033223829,0.05703254648288007,8217,4323
0.4,0.66,14291405.1105,35366365.724920005,47490.0,49705260.835420005,8235157.724579997,0.7468380905511811,9498,6200,0.08041792257933417,0.05249432722592881,8679,3861
0.4,0.68,14424416.5695,31829207.08928,49930.0,46303553.65878,11636864.901220001,0.7447711614173228,9986,5712,0.08454973414163308,0.048362515663629896,9111,3429
0.4,0.7000000000000001,14674671.97275,28513028.804120004,52540.0,43240240.776870005,14700177.783129998,0.7417814960629922,10508,5190,0.0889694178209774,0.04394283198428557,9552,2988
0.4,0.7200000000000001,14911093.89975,25383591.71852,54920.0,40349605.61827,17590812.94173,0.7384965551181102,10984,4714,0.09299962745961324,0.03991262234564975,9939,2601
0.4,0.74,15158081.973749999,22362917.813879997,57035.0,37578034.78762999,20362383.77237001,0.7355807086614173,11407,4291,0.0965810952687371,0.03633115453652589,10283,2257
0.4,0.76,15423203.54025,19502097.9998,59260.0,34984561.54005,22955857.019950002,0.7322219488188977,11852,3846,0.10034883327124326,0.03256341653401971,10637,1903
0.4,0.78,15699065.421,17038961.85604,61075.0,32799102.27704,25141316.28296,0.7291215551181102,12215,3483,0.10342229146205169,0.0294899583432113,10916,1624
0.4,0.8,15930748.314,14802121.070440002,62995.0,30795864.38444,27144554.17556,0.7257997047244094,12599,3099,0.10667355301927049,0.026238696785992482,11210,1330
0.4,0.8200000000000001,16172159.463,12965739.21464,64630.0,29202528.67764,28737889.882360004,0.7228100393700787,12926,2772,0.10944220543908964,0.023470044366173334,11456,1084
0.4,0.8400000000000001,16467184.317,11020527.445239998,66295.0,27554006.76224,30386411.797760002,0.7195250984251967,13259,2439,0.11226165882074034,0.02065059098452264,11700,840
0.4,0.86,16748979.837749999,9153536.543480001,67890.0,25970406.38123,31970012.178770002,0.715465059055118,13578,2120,0.1149625766247841,0.017949673180478885,11909,631
0.4,0.88,17023711.82475,8048186.2594800005,69090.0,25140988.08423,32799430.475770004,0.7124384842519684,13818,1880,0.11699461509804586,0.01591763470721712,12067,473
0.4,0.9,17356159.347,7124808.39512,70285.0,24551252.742119998,33389165.817880005,0.7083784448818897,14057,1641,0.11901818674433569,0.013894063060927287,12196,344
0.4,0.92,17503266.83325,6324335.195,71280.0,23898882.02825,34041536.53175,0.7045767716535433,14256,1442,0.12070308531174857,0.01220916449351441,12292,248
0.4,0.9400000000000001,17771725.419749998,5810433.7652,72305.0,23654464.184949998,34285954.37505001,0.6999261811023622,14461,1237,0.12243878484099299,0.01047346496426999,12371,169
0.4,0.9600000000000001,18052771.847999997,5608344.488,73360.0,23734476.335999995,34205942.22400001,0.6942052165354331,14672,1026,0.12422528533206896,0.008686964473194026,12427,113
0.4,0.98,18504633.39825,5468626.319840001,75495.0,24048754.718089998,33891663.841910005,0.6806594488188976,15099,599,0.1278406204490805,0.005071629356182477,12487,53
0.42000000000000004,0.42000000000000004,13150903.620000001,89625558.00800002,0.0,102776461.62800002,-44836043.06800002,0.7650098425196851,0,14723,0.0,0.12465709350763708,0,11614
0.42000000000000004,0.44,13240546.986000001,83506481.12872,4890.0,96751918.11472,-38811499.55472,0.7629798228346457,978,13745,0.008280556778541674,0.1163765367290954,923,10691
0.42000000000000004,0.46,13418532.800250001,77821605.31988001,9445.0,91249583.12013,-33309164.56013,0.7606545275590552,1889,12834,0.01599383614996444,0.10866325735767264,1771,9843
0.42000000000000004,0.48000000000000004,13514477.5215,73006363.90048,13515.0,86534356.42198001,-28593937.861980006,0.7586614173228347,2703,12020,0.022885833305110577,0.1017712602025265,2531,9083
0.42000000000000004,0.5,13654348.196250001,68166247.1756,17475.0,81838070.37185001,-23897651.81185001,0.7561515748031497,3495,11228,0.029591560266874387,0.0950655332407627,3255,8359
0.42000000000000004,0.52,13788367.26225,62735073.49896001,21330.0,76544770.76121001,-18604352.201210007,0.7540846456692913,4266,10457,0.03611948386222779,0.08853760964540928,3970,7644
0.42000000000000004,0.54,13945390.14375,57792248.073840015,24990.0,71762628.21759002,-13822209.657590017,0.7515009842519684,4998,9725,0.04231720120567616,0.08233989230196091,4632,6982
0.42000000000000004,0.56,14140772.341500001,53394978.954440005,28480.0,67564231.29594001,-9623812.73594001,0.7490280511811024,5696,9027,0.04822704643207911,0.07643004707555796,5263,6351
0.42000000000000004,0.5800000000000001,14348999.62875,49265051.19928,31580.0,63645630.828030005,-5705212.268030003,0.7465551181102362,6316,8407,0.053476479154672,0.07118061435296508,5816,5798
0.42000000000000004,0.6,14493587.288250001,45439232.445439994,34405.0,59967224.73368999,-2026806.1736899912,0.7443036417322835,6881,7842,0.058260236393809055,0.06639685711382802,6320,5294
0.42000000000000004,0.62,14629261.68225,41641134.65004,37300.0,56307696.33229,1632722.2277100012,0.7418307086614173,7460,7263,0.06316252921055306,0.061494564297084026,6832,4782
0.42000000000000004,0.64,14797338.799500002,38521441.95776,39935.0,53358715.75726,4581702.80274,0.7393208661417323,7987,6736,0.067624547024757,0.05703254648288007,7291,4323
0.42000000000000004,0.66,14981762.811,35031316.180240005,42615.0,50055693.99124001,7884724.568759993,0.7365895669291339,8523,6200,0.07216276628170827,0.05249432722592881,7753,3861
0.42000000000000004,0.68,15114774.270000001,31494157.544600002,45055.0,46653986.814600006,11286431.745399997,0.7345226377952756,9011,5712,0.07629457784400719,0.048362515663629896,8185,3429
0.42000000000000004,0.7000000000000001,15365029.67325,28177979.25944,47665.0,43590673.93269,14349744.62731,0.7315329724409448,9533,5190,0.08071426152335151,0.04394283198428557,8626,2988
0.42000000000000004,0.7200000000000001,15601451.600250002,25048542.17384,50045.0,40700038.77409001,17240379.785909995,0.728248031496063,10009,4714,0.08474447116198733,0.03991262234564975,9013,2601
0.42000000000000004,0.74,15848439.674250001,22027868.269199997,52160.0,37928467.94345,20011950.616550006,0.72533218503937,10432,4291,0.08832593897111118,0.03633115453652589,9357,2257
0.42000000000000004,0.76,16113561.24075,19167048.45512,54385.0,35334994.69587,22605423.864130005,0.7219734251968504,10877,3846,0.09209367697361737,0.03256341653401971,9711,1903
0.42000000000000004,0.78,16389423.1215,16703912.311360002,56200.0,33149535.432860002,24790883.12714,0.718873031496063,11240,3483,0.09516713516442578,0.0294899583432113,9990,1624
0.42000000000000004,0.8,16621106.014500001,14467071.525760002,58120.0,31146297.540260002,26794121.01974,0.7155511811023622,11624,3099,0.0984183967216446,0.026238696785992482,10284,1330
0.42000000000000004,0.8200000000000001,16862517.1635,12630689.66996,59755.0,29552961.83346,28387456.726540003,0.7125615157480315,11951,2772,0.10118704914146374,0.023470044366173334,10530,1084
0.42000000000000004,0.8400000000000001,17157542.017500002,10685477.900559999,61420.0,27904439.91806,30035978.64194,0.7092765748031497,12284,2439,0.10400650252311444,0.02065059098452264,10774,840
0.42000000000000004,0.86,17439337.53825,8818486.9988,63015.0,26320839.53705,31619579.02295,0.7052165354330708,12603,2120,0.1067074203271582,0.017949673180478885,10983,631
0.42000000000000004,0.88,17714069.525250003,7713136.7148,64215.0,25491421.240050003,32448997.31995,0.7021899606299212,12843,1880,0.10873945880041995,0.01591763470721712,11141,473
0.42000000000000004,0.9,18046517.0475,6789758.85044,65410.0,24901685.89794,33038732.662060004,0.6981299212598425,13082,1641,0.11076303044670979,0.013894063060927287,11270,344
0.42000000000000004,0.92,18193624.53375,5989285.65032,66405.0,24249315.184070002,33691103.37593,0.6943282480314961,13281,1442,0.11244792901412266,0.01220916449351441,11366,248
0.42000000000000004,0.9400000000000001,18462083.12025,5475384.220520001,67430.0,24004897.340770002,33935521.219229996,0.689677657480315,13486,1237,0.11418362854336708,0.01047346496426999,11445,169
0.42000000000000004,0.9600000000000001,18743129.5485,5273294.94332,68485.0,24084909.49182,33855509.06818,0.6839566929133858,13697,1026,0.11597012903444305,0.008686964473194026,11501,113
0.42000000000000004,0.98,19194991.098750003,5133576.77516,70620.0,24399187.873910002,33541230.68609,0.6704109251968503,14124,599,0.1195854641514546,0.005071629356182477,11561,53
0.44,0.44,13748526.06,83147715.796,0.0,96896241.856,-38955823.296000004,0.7514763779527559,0,13745,0.0,0.1163765367290954,0,10691
0.44,0.46,13926511.87425,77462839.98716001,4555.0,91393906.86141,-33453488.301410004,0.7491510826771653,911,12834,0.007713279371422766,0.10866325735767264,848,9843
0.44,0.48000000000000004,14022456.5955,72647598.56776,8625.0,86678680.16326001,-28738261.60326001,0.7471579724409448,1725,12020,0.014605276526568903,0.1017712602025265,1608,9083
0.44,0.5,14162327.27025,67807481.84288001,12585.0,81982394.11313,-24041975.55313,0.7446481299212598,2517,11228,0.021311003488332713,0.0950655332407627,2332,8359
0.44,0.52,14296346.33625,62376308.166240014,16440.0,76689094.50249001,-18748675.94249001,0.7425812007874015,3288,10457,0.027838927083686116,0.08853760964540928,3047,7644
0.44,0.54,14453369.21775,57433482.74112001,20100.0,71906951.95887001,-13966533.398870006,0.7399975393700787,4020,9725,0.034036644427134485,0.08233989230196091,3709,6982
0.44,0.56,14648751.4155,53036213.62172001,23590.0,67708555.03722,-9768136.477219999,0.7375246062992127,4718,9027,0.03994648965353744,0.07643004707555796,4340,6351
0.44,0.5800000000000001,14856978.702750001,48906285.866560005,26690.0,63789954.56931001,-5849536.009310007,0.7350516732283464,5338,8407,0.04519592237613032,0.07118061435296508,4893,5798
0.44,0.6,15001566.36225,45080467.11272,29515.0,60111548.47497,-2171129.9149699956,0.7328001968503937,5903,7842,0.049979679615267385,0.06639685711382802,5397,5294
0.44,0.62,15137240.75625,41282369.317320004,32410.0,56452020.073570006,1488398.4864299968,0.7303272637795276,6482,7263,0.05488197243201138,0.061494564297084026,5909,4782
0.44,0.64,15305317.8735,38162676.62504,35045.0,53503039.49854,4437379.061460003,0.7278174212598425,7009,6736,0.059343990246215325,0.05703254648288007,6368,4323
0.44,0.66,15489741.885,34672550.84752,37725.0,50200017.73252,7740400.827480003,0.7250861220472441,7545,6200,0.06388220950316659,0.05249432722592881,6830,3861
0.44,0.68,15622753.344,31135392.211880002,40165.0,46798310.55588,11142108.00412,0.7230191929133858,8033,5712,0.0680140210654655,0.048362515663629896,7262,3429
0.44,0.7000000000000001,15873008.74725,27819213.92672,42775.0,43734997.67397,14205420.886030003,0.720029527559055,8555,5190,0.07243370474480984,0.04394283198428557,7703,2988
0.44,0.7200000000000001,16109430.674250001,24689776.84112,45155.0,40844362.515370004,17096056.04463,0.7167445866141732,9031,4714,0.07646391438344566,0.03991262234564975,8090,2601
0.44,0.74,16356418.74825,21669102.936479997,47270.0,38072791.68472999,19867626.87527001,0.7138287401574803,9454,4291,0.08004538219256951,0.03633115453652589,8434,2257
0.44,0.76,16621540.31475,18808283.1224,49495.0,35479318.43715,22461100.12285,0.7104699803149606,9899,3846,0.0838131201950757,0.03256341653401971,8788,1903
0.44,0.78,16897402.1955,16345146.978640001,51310.0,33293859.174140003,24646559.38586,0.7073695866141733,10262,3483,0.08688657838588411,0.0294899583432113,9067,1624
0.44,0.8,17129085.0885,14108306.193040002,53230.0,31290621.281540003,26649797.27846,0.7040477362204725,10646,3099,0.09013783994310293,0.026238696785992482,9361,1330
0.44,0.8200000000000001,17370496.2375,12271924.337240001,54865.0,29697285.57474,28243132.985260002,0.7010580708661417,10973,2772,0.09290649236292207,0.023470044366173334,9607,1084
0.44,0.8400000000000001,17665521.0915,10326712.567839999,56530.0,28048763.659339998,29891654.900660004,0.6977731299212598,11306,2439,0.09572594574457276,0.02065059098452264,9851,840
0.44,0.86,17947316.61225,8459721.66608,58125.0,26465163.27833,31475255.281670004,0.6937130905511811,11625,2120,0.09842686354861652,0.017949673180478885,10060,631
0.44,0.88,18222048.59925,7354371.38208,59325.0,25635744.98133,32304673.578670003,0.6906865157480314,11865,1880,0.10045890202187828,0.01591763470721712,10218,473
0.44,0.9,18554496.1215,6430993.517720001,60520.0,25046009.63922,32894408.920780003,0.6866264763779527,12104,1641,0.10248247366816812,0.013894063060927287,10347,344
0.44,0.92,18701603.60775,5630520.3176,61515.0,24393638.92535,33546779.634650003,0.6828248031496063,12303,1442,0.104167372235581,0.01220916449351441,10443,248
0.44,0.9400000000000001,18970062.19425,5116618.887800001,62540.0,24149221.08205,33791197.47795001,0.6781742125984251,12508,1237,0.10590307176482541,0.01047346496426999,10522,169
0.44,0.9600000000000001,19251108.622500002,4914529.6106,63595.0,24229233.233100004,33711185.3269,0.6724532480314961,12719,1026,0.10768957225590138,0.008686964473194026,10578,113
0.44,0.98,19702970.17275,4774811.442440001,65730.0,24543511.61519,33396906.944810003,0.6589074803149606,13146,599,0.11130490737291293,0.005071629356182477,10638,53
0.46,0.46,14935098.155,77129204.51,0.0,92064302.665,-34123884.105000004,0.7359744094488189,0,12834,0.0,0.10866325735767264,0,9843
0.46,0.48000000000000004,15031042.876249999,72313963.0906,4070.0,87349075.96685,-29408657.406849995,0.7339812992125985,814,12020,0.006891997155146138,0.1017712602025265,760,9083
0.46,0.5,15170913.550999999,67473846.36572,8030.0,82652789.91672,-24712371.35672,0.7314714566929134,1606,11228,0.013597724116909947,0.0950655332407627,1484,8359
0.46,0.52,15304932.616999999,62042672.689080015,11885.0,77359490.30608001,-19419071.74608001,0.7294045275590552,2377,10457,0.020125647712263352,0.08853760964540928,2199,7644
0.46,0.54,15461955.498499999,57099847.26396001,15545.0,72577347.76246001,-14636929.202460006,0.7268208661417324,3109,9725,0.02632336505571172,0.08233989230196091,2861,6982
0.46,0.56,15657337.69625,52702578.14456001,19035.0,68378950.84081,-10438532.280809999,0.7243479330708661,3807,9027,0.03223321028211468,0.07643004707555796,3492,6351
0.46,0.5800000000000001,15865564.9835,48572650.389400005,22135.0,64460350.37290001,-6519931.812900007,0.7218749999999999,4427,8407,0.03748264300470756,0.07118061435296508,4045,5798
0.46,0.6,16010152.643,44746831.63556,24960.0,60781944.27856,-2841525.7185599953,0.7196235236220473,4992,7842,0.042266400243844614,0.06639685711382802,4549,5294
0.46,0.62,16145827.036999999,40948733.84016,27855.0,57122415.87716,818002.6828400046,0.7171505905511811,5571,7263,0.047168693060588615,0.061494564297084026,5061,4782
0.46,0.64,16313904.15425,37829041.14788,30490.0,54173435.30213,3766983.2578700036,0.7146407480314961,6098,6736,0.05163071087479256,0.05703254648288007,5520,4323
0.46,0.66,16498328.165749999,34338915.37036,33170.0,50870413.53611,7070005.023890004,0.7119094488188976,6634,6200,0.05616893013174383,0.05249432722592881,5982,3861
0.46,0.68,16631339.62475,30801756.734720003,35610.0,47468706.35947,10471712.20053,0.7098425196850394,7122,5712,0.06030074169404274,0.048362515663629896,6414,3429
0.46,0.7000000000000001,16881595.028,27485578.44956,38220.0,44405393.47756,13535025.082440004,0.7068528543307087,7644,5190,0.06472042537338707,0.04394283198428557,6855,2988
0.46,0.7200000000000001,17118016.955,24356141.36396,40600.0,41514758.318959996,16425660.241040006,0.7035679133858268,8120,4714,0.0687506350120229,0.03991262234564975,7242,2601
0.46,0.74,17365005.029,21335467.459319998,42715.0,38743187.48831999,19197231.07168001,0.7006520669291338,8543,4291,0.07233210282114674,0.03633115453652589,7586,2257
0.46,0.76,17630126.5955,18474647.64524,44940.0,36149714.24074,21790704.31926,0.6972933070866142,8988,3846,0.07609984082365293,0.03256341653401971,7940,1903
0.46,0.78,17905988.47625,16011511.501480002,46755.0,33964254.977730006,23976163.582269996,0.6941929133858268,9351,3483,0.07917329901446134,0.0294899583432113,8219,1624
0.46,0.8,18137671.36925,13774670.715880001,48675.0,31961017.08513,25979401.474870004,0.690871062992126,9735,3099,0.08242456057168016,0.026238696785992482,8513,1330
0.46,0.8200000000000001,18379082.51825,11938288.86008,50310.0,30367681.37833,27572737.181670003,0.6878813976377953,10062,2772,0.0851932129914993,0.023470044366173334,8759,1084
0.46,0.8400000000000001,18674107.37225,9993077.09068,51975.0,28719159.462929998,29221259.097070005,0.6845964566929134,10395,2439,0.08801266637315,0.02065059098452264,9003,840
0.46,0.86,18955902.893,8126086.18892,53570.0,27135559.081919998,30804859.478080004,0.6805364173228347,10714,2120,0.09071358417719376,0.017949673180478885,9212,631
0.46,0.88,19230634.88,7020735.904920001,54770.0,26306140.78492,31634277.775080003,0.6775098425196849,10954,1880,0.09274562265045551,0.01591763470721712,9370,473
0.46,0.9,19563082.40225,6097358.04056,55965.0,25716405.44281,32224013.117190003,0.6734498031496062,11193,1641,0.09476919429674535,0.013894063060927287,9499,344
0.46,0.92,19710189.888499998,5296884.8404399995,56960.0,25064034.728939995,32876383.831060007,0.6696481299212598,11392,1442,0.09645409286415822,0.01220916449351441,9595,248
0.46,0.9400000000000001,19978648.474999998,4782983.410639999,57985.0,24819616.885639995,33120801.674360007,0.6649975393700788,11597,1237,0.09818979239340264,0.01047346496426999,9674,169
0.46,0.9600000000000001,20259694.90325,4580894.13344,59040.0,24899629.03669,33040789.523310002,0.6592765748031496,11808,1026,0.09997629288447861,0.008686964473194026,9730,113
0.46,0.98,20711556.4535,4441175.96528,61175.0,25213907.41878,32726511.141220003,0.6457308070866141,12235,599,0.10359162800149016,0.005071629356182477,9790,53
0.48000000000000004,0.48000000000000004,15574729.63,72032803.0,0.0,87607532.63,-29667114.069999993,0.7226870078740157,0,12020,0.0,0.1017712602025265,0,9083
0.48000000000000004,0.5,15714600.304750001,67192686.27512,3960.0,82911246.57987,-24970828.019869998,0.7201771653543307,792,11228,0.00670572696176381,0.0950655332407627,724,8359
0.48000000000000004,0.52,15848619.37075,61761512.59848001,7815.0,77617946.96923001,-19677528.40923001,0.7181102362204724,1563,10457,0.013233650557117215,0.08853760964540928,1439,7644
0.48000000000000004,0.54,16005642.25225,56818687.17336001,11475.0,72835804.42561,-14895385.865610003,0.7155265748031496,2295,9725,0.019431367900565585,0.08233989230196091,2101,6982
0.48000000000000004,0.56,16201024.450000001,52421418.05396,14965.0,68637407.50396,-10696988.943959996,0.7130536417322835,2993,9027,0.025341213126968538,0.07643004707555796,2732,6351
0.48000000000000004,0.5800000000000001,16409251.73725,48291490.29880001,18065.0,64718807.03605001,-6778388.476050004,0.7105807086614173,3613,8407,0.030590645849561417,0.07118061435296508,3285,5798
0.48000000000000004,0.6,16553839.396750001,44465671.54496,20890.0,61040400.94171,-3099982.3817100003,0.7083292322834646,4178,7842,0.03537440308869848,0.06639685711382802,3789,5294
0.48000000000000004,0.62,16689513.79075,40667573.74956,23785.0,57380872.540309995,559546.019690007,0.7058562992125984,4757,7263,0.04027669590544248,0.061494564297084026,4301,4782
0.48000000000000004,0.64,16857590.908,37547881.057280004,26420.0,54431891.965280004,3508526.5947199985,0.7033464566929134,5284,6736,0.044738713719646425,0.05703254648288007,4760,4323
0.48000000000000004,0.66,17042014.9195,34057755.27976,29100.0,51128870.199260004,6811548.3607399985,0.700615157480315,5820,6200,0.04927693297659769,0.05249432722592881,5222,3861
0.48000000000000004,0.68,17175026.3785,30520596.64412,31540.0,47727163.02262,10213255.537380002,0.6985482283464567,6308,5712,0.0534087445388966,0.048362515663629896,5654,3429
0.48000000000000004,0.7000000000000001,17425281.78175,27204418.358960003,34150.0,44663850.14071,13276568.419289999,0.695558562992126,6830,5190,0.05782842821824093,0.04394283198428557,6095,2988
0.48000000000000004,0.7200000000000001,17661703.708750002,24074981.27336,36530.0,41773214.98211,16167203.577890001,0.6922736220472441,7306,4714,0.06185863785687676,0.03991262234564975,6482,2601
0.48000000000000004,0.74,17908691.78275,21054307.36872,38645.0,39001644.15147,18938774.408530004,0.6893577755905512,7729,4291,0.06544010566600061,0.03633115453652589,6826,2257
0.48000000000000004,0.76,18173813.34925,18193487.554640003,40870.0,36408170.90389,21532247.656110004,0.6859990157480316,8174,3846,0.0692078436685068,0.03256341653401971,7180,1903
0.48000000000000004,0.78,18449675.23,15730351.410880001,42685.0,34222711.64088,23717706.91912,0.6828986220472442,8537,3483,0.07228130185931521,0.0294899583432113,7459,1624
0.48000000000000004,0.8,18681358.123,13493510.625280002,44605.0,32219473.748280004,25720944.81172,0.6795767716535434,8921,3099,0.07553256341653403,0.026238696785992482,7753,1330
0.48000000000000004,0.8200000000000001,18922769.272,11657128.769480001,46240.0,30626138.04148,27314280.51852,0.6765871062992125,9248,2772,0.07830121583635317,0.023470044366173334,7999,1084
0.48000000000000004,0.8400000000000001,19217794.126000002,9711917.000079999,47905.0,28977616.12608,28962802.433920003,0.6733021653543307,9581,2439,0.08112066921800386,0.02065059098452264,8243,840
0.48000000000000004,0.86,19499589.64675,7844926.09832,49500.0,27394015.74507,30546402.814930003,0.669242125984252,9900,2120,0.08382158702204762,0.017949673180478885,8452,631
0.48000000000000004,0.88,19774321.63375,6739575.81432,50700.0,26564597.448069997,31375821.111930005,0.6662155511811023,10140,1880,0.08585362549530938,0.01591763470721712,8610,473
0.48000000000000004,0.9,20106769.156,5816197.949960001,51895.0,25974862.10596,31965556.454040002,0.6621555118110236,10379,1641,0.08787719714159921,0.013894063060927287,8739,344
0.48000000000000004,0.92,20253876.64225,5015724.74984,52890.0,25322491.39209,32617927.167910002,0.6583538385826773,10578,1442,0.0895620957090121,0.01220916449351441,8835,248
0.48000000000000004,0.9400000000000001,20522335.22875,4501823.320040001,53915.0,25078073.54879,32862345.011210002,0.6537032480314959,10783,1237,0.09129779523825651,0.01047346496426999,8914,169
0.48000000000000004,0.9600000000000001,20803381.657,4299734.04284,54970.0,25158085.69984,32782332.86016,0.6479822834645669,10994,1026,0.09308429572933248,0.008686964473194026,8970,113
0.48000000000000004,0.98,21255243.20725,4160015.87468,57105.0,25472364.08193,32468054.478070002,0.6344365157480315,11421,599,0.09669963084634402,0.005071629356182477,9030,53
0.5,0.5,16507200.795,66908697.54800001,0.0,83415898.34300001,-25475479.783000007,0.7059547244094488,0,11228,0.0,0.0950655332407627,0,8359
0.5,0.52,16641219.861,61477523.87136001,3855.0,78122598.73236,-20182180.172360003,0.7038877952755905,771,10457,0.006527923595353405,0.08853760964540928,715,7644
0.5,0.54,16798242.7425,56534698.446240015,7515.0,73340456.18874002,-15400037.628740013,0.7013041338582677,1503,9725,0.012725640938801774,0.08233989230196091,1377,6982
0.5,0.56,16993624.940249998,52137429.326840006,11005.0,69142059.26709001,-11201640.707090005,0.6988312007874016,2201,9027,0.018635486165204728,0.07643004707555796,2008,6351
0.5,0.5800000000000001,17201852.2275,48007501.57168,14105.0,65223458.79918,-7283040.239179999,0.6963582677165354,2821,8407,0.023884918887797608,0.07118061435296508,2561,5798
0.5,0.6,17346439.887,44181682.817839995,16930.0,61545052.70483999,-3604634.144839987,0.6941067913385827,3386,7842,0.02866867612693467,0.06639685711382802,3065,5294
0.5,0.62,17482114.281,40383585.02244,19825.0,57885524.303440005,54894.2565599978,0.6916338582677166,3965,7263,0.03357096894367867,0.061494564297084026,3577,4782
0.5,0.64,17650191.39825,37263892.33016,22460.0,54936543.72841,3003874.8315900043,0.6891240157480315,4492,6736,0.038032986757882616,0.05703254648288007,4036,4323
0.5,0.66,17834615.40975,33773766.552640006,25140.0,51633521.962390006,6306896.597609997,0.6863927165354331,5028,6200,0.04257120601483388,0.05249432722592881,4498,3861
0.5,0.68,17967626.86875,30236607.917000003,27580.0,48231814.78575,9708603.77425,0.6843257874015748,5516,5712,0.04670301757713279,0.048362515663629896,4930,3429
0.5,0.7000000000000001,18217882.272,26920429.63184,30190.0,45168501.903840005,12771916.656159997,0.681336122047244,6038,5190,0.051122701256477124,0.04394283198428557,5371,2988
0.5,0.7200000000000001,18454304.199,23790992.546240002,32570.0,42277866.74524,15662551.81476,0.6780511811023622,6514,4714,0.05515291089511295,0.03991262234564975,5758,2601
0.5,0.74,18701292.273,20770318.641599998,34685.0,39506295.9146,18434122.645400003,0.6751353346456693,6937,4291,0.0587343787042368,0.03633115453652589,6102,2257
0.5,0.76,18966413.8395,17909498.82752,36910.0,36912822.66702,21027595.892980002,0.6717765748031496,7382,3846,0.06250211670674298,0.03256341653401971,6456,1903
0.5,0.78,19242275.72025,15446362.683760002,38725.0,34727363.40401,23213055.155990005,0.6686761811023622,7745,3483,0.06557557489755139,0.0294899583432113,6735,1624
0.5,0.8,19473958.61325,13209521.898160001,40645.0,32724125.511409998,25216293.048590004,0.6653543307086615,8129,3099,0.06882683645477021,0.026238696785992482,7029,1330
0.5,0.8200000000000001,19715369.76225,11373140.04236,42280.0,31130789.80461,26809628.755390003,0.6623646653543307,8456,2772,0.07159548887458936,0.023470044366173334,7275,1084
0.5,0.8400000000000001,20010394.61625,9427928.27296,43945.0,29482267.88921,28458150.67079,0.6590797244094488,8789,2439,0.07441494225624005,0.02065059098452264,7519,840
0.5,0.86,20292190.137000002,7560937.371200001,45540.0,27898667.508200005,30041751.051799998,0.65501968503937,9108,2120,0.07711586006028381,0.017949673180478885,7728,631
0.5,0.88,20566922.123999998,6455587.087200001,46740.0,27069249.2112,30871169.348800004,0.6519931102362204,9348,1880,0.07914789853354556,0.01591763470721712,7886,473
0.5,0.9,20899369.646250002,5532209.22284,47935.0,26479513.869090002,31460904.69091,0.6479330708661417,9587,1641,0.0811714701798354,0.013894063060927287,8015,344
0.5,0.92,21046477.1325,4731736.022720001,48930.0,25827143.155220002,32113275.40478,0.6441313976377953,9786,1442,0.08285636874724828,0.01220916449351441,8111,248
0.5,0.9400000000000001,21314935.719,4217834.59292,49955.0,25582725.311920002,32357693.24808,0.6394808070866141,9991,1237,0.0845920682764927,0.01047346496426999,8190,169
0.5,0.9600000000000001,21595982.14725,4015745.3157199994,51010.0,25662737.46297,32277681.097030003,0.633759842519685,10202,1026,0.08637856876756866,0.008686964473194026,8246,113
0.5,0.98,22047843.697499998,3876027.14756,53145.0,25977015.84506,31963402.714940004,0.6202140748031496,10629,599,0.08999390388458021,0.005071629356182477,8306,53
0.52,0.52,17400661.235,61155497.89200001,0.0,78556159.127,-20615740.567,0.6921751968503937,0,10457,0.0,0.08853760964540928,0,7644
0.52,0.54,17557684.116499998,56212672.46688001,3660.0,73774016.58338001,-15833598.023380011,0.6895915354330708,732,9725,0.006197717343448369,0.08233989230196091,662,6982
0.52,0.56,17753066.31425,51815403.34748001,7150.0,69575619.66173,-11635201.101730004,0.6871186023622047,1430,9027,0.012107562569851323,0.07643004707555796,1293,6351
0.52,0.5800000000000001,17961293.6015,47685475.59232,10250.0,65657019.19382,-7716600.633819997,0.6846456692913386,2050,8407,0.017356995292444204,0.07118061435296508,1846,5798
0.52,0.6,18105881.261,43859656.838479996,13075.0,61978613.099479996,-4038194.5394799933,0.6823941929133859,2615,7842,0.022140752531581265,0.06639685711382802,2350,5294
0.52,0.62,18241555.655,40061559.04308,15970.0,58319084.69808,-378666.1380800009,0.6799212598425196,3194,7263,0.027043045348325263,0.061494564297084026,2862,4782
0.52,0.64,18409632.77225,36941866.3508,18605.0,55370104.123050004,2570314.436949998,0.6774114173228346,3721,6736,0.03150506316252921,0.05703254648288007,3321,4323
0.52,0.66,18594056.783749998,33451740.573280003,21285.0,52067082.357030004,5873336.202969998,0.6746801181102362,4257,6200,0.036043282419480474,0.05249432722592881,3783,3861
0.52,0.68,18727068.24275,29914581.93764,23725.0,48665375.18039,9275043.379610002,0.672613188976378,4745,5712,0.04017509398177939,0.048362515663629896,4215,3429
0.52,0.7000000000000001,18977323.645999998,26598403.652480002,26335.0,45602062.298480004,12338356.261519998,0.6696235236220472,5267,5190,0.04459477766112372,0.04394283198428557,4656,2988
0.52,0.7200000000000001,19213745.573,23468966.56688,28715.0,42711427.13988,15228991.42012,0.6663385826771654,5743,4714,0.048624987299759545,0.03991262234564975,5043,2601
0.52,0.74,19460733.647,20448292.66224,30830.0,39939856.30924,18000562.250760004,0.6634227362204724,6166,4291,0.052206455108883394,0.03633115453652589,5387,2257
0.52,0.76,19725855.2135,17587472.848160002,33055.0,37346383.06166001,20594035.498339996,0.6600639763779528,6611,3846,0.05597419311138958,0.03256341653401971,5741,1903
0.52,0.78,20001717.09425,15124336.704400001,34870.0,35160923.798650004,22779494.76135,0.6569635826771654,6974,3483,0.05904765130219799,0.0294899583432113,6020,1624
0.52,0.8,20233399.98725,12887495.918800002,36790.0,33157685.906050004,24782732.65395,0.6536417322834646,7358,3099,0.062298912859416807,0.026238696785992482,6314,1330
0.52,0.8200000000000001,20474811.13625,11051114.063000001,38425.0,31564350.19925,26376068.36075,0.6506520669291339,7685,2772,0.06506756527923595,0.023470044366173334,6560,1084
0.52,0.8400000000000001,20769835.99025,9105902.2936,40090.0,29915828.28385,28024590.276150003,0.6473671259842518,8018,2439,0.06788701866088664,0.02065059098452264,6804,840
0.52,0.86,21051631.511,7238911.39184,41685.0,28332227.90284,29608190.657160003,0.6433070866141731,8337,2120,0.0705879364649304,0.017949673180478885,7013,631
0.52,0.88,21326363.498,6133561.10784,42885.0,27502809.605839998,30437608.954160005,0.6402805118110236,8577,1880,0.07261997493819217,0.01591763470721712,7171,473
0.52,0.9,21658811.02025,5210183.243480001,44080.0,26913074.26373,31027344.29627,0.6362204724409448,8816,1641,0.074643546584482,0.013894063060927287,7300,344
0.52,0.92,21805918.5065,4409710.0433600005,45075.0,26260703.54986,31679715.01014,0.6324187992125984,9015,1442,0.07632844515189488,0.01220916449351441,7396,248
0.52,0.9400000000000001,22074377.093,3895808.6135600004,46100.0,26016285.70656,31924132.85344,0.6277682086614174,9220,1237,0.0780641446811393,0.01047346496426999,7475,169
0.52,0.9600000000000001,22355423.52125,3693719.3363599996,47155.0,26096297.85761,31844120.702390004,0.6220472440944882,9431,1026,0.07985064517221525,0.008686964473194026,7531,113
0.52,0.98,22807285.0715,3554001.1682000007,49290.0,26410576.2397,31529842.3203,0.6085014763779527,9858,599,0.0834659802892268,0.005071629356182477,7591,53
0.54,0.54,18447480.445,55919990.84400001,0.0,74367471.289,-16427052.729000002,0.6749507874015748,0,9725,0.0,0.08233989230196091,0,6982
0.54,0.56,18642862.64275,51522721.72460001,3490.0,70169074.36735001,-12228655.80735001,0.6724778543307086,698,9027,0.005909845226402953,0.07643004707555796,631,6351
0.54,0.5800000000000001,18851089.93,47392793.969440006,6590.0,66250473.899440005,-8310055.339440003,0.6700049212598426,1318,8407,0.011159277948995834,0.07118061435296508,1184,5798
0.54,0.6,18995677.5895,43566975.2156,9415.0,62572067.805099994,-4631649.245099992,0.6677534448818898,1883,7842,0.015943035188132896,0.06639685711382802,1688,5294
0.54,0.62,19131351.9835,39768877.4202,12310.0,58912539.403699994,-972120.8436999917,0.6652805118110235,2462,7263,0.020845328004876894,0.061494564297084026,2200,4782
0.54,0.64,19299429.10075,36649184.72792,14945.0,55963558.82867,1976859.7313299999,0.6627706692913385,2989,6736,0.02530734581908084,0.05703254648288007,2659,4323
0.54,0.66,19483853.11225,33159058.950400002,17625.0,52660537.06265,5279881.49735,0.6600393700787401,3525,6200,0.029845565076032105,0.05249432722592881,3121,3861
0.54,0.68,19616864.57125,29621900.314760003,20065.0,49258829.886010006,8681588.673989996,0.6579724409448819,4013,5712,0.03397737663833102,0.048362515663629896,3553,3429
0.54,0.7000000000000001,19867119.9745,26305722.029600002,22675.0,46195517.0041,11744901.5559,0.6549827755905512,4535,5190,0.03839706031767535,0.04394283198428557,3994,2988
0.54,0.7200000000000001,20103541.9015,23176284.944000002,25055.0,43304881.84550001,14635536.714499995,0.6516978346456693,5011,4714,0.04242726995631117,0.03991262234564975,4381,2601
0.54,0.74,20350529.9755,20155611.039359998,27170.0,40533311.01486,17407107.545140006,0.6487819881889764,5434,4291,0.04600873776543503,0.03633115453652589,4725,2257
0.54,0.76,20615651.542,17294791.22528,29395.0,37939837.76728,20000580.792720005,0.6454232283464567,5879,3846,0.049776475767941204,0.03256341653401971,5079,1903
0.54,0.78,20891513.42275,14831655.081520002,31210.0,35754378.50427,22186040.05573,0.6423228346456693,6242,3483,0.052849933958749616,0.0294899583432113,5358,1624
0.54,0.8,21123196.31575,12594814.295920001,33130.0,33751140.61167,24189277.94833,0.6390009842519685,6626,3099,0.056101195515968434,0.026238696785992482,5652,1330
0.54,0.8200000000000001,21364607.46475,10758432.44012,34765.0,32157804.90487,25782613.655130003,0.6360113188976378,6953,2772,0.05886984793578758,0.023470044366173334,5898,1084
0.54,0.8400000000000001,21659632.31875,8813220.67072,36430.0,30509282.98947,27431135.57053,0.6327263779527559,7286,2439,0.06168930131743828,0.02065059098452264,6142,840
0.54,0.86,21941427.839500003,6946229.768960001,38025.0,28925682.60846,29014735.95154,0.6286663385826771,7605,2120,0.06439021912148203,0.017949673180478885,6351,631
0.54,0.88,22216159.8265,5840879.48496,39225.0,28096264.31146,29844154.248540003,0.6256397637795276,7845,1880,0.0664222575947438,0.01591763470721712,6509,473
0.54,0.9,22548607.34875,4917501.6206,40420.0,27506528.96935,30433889.590650003,0.6215797244094488,8084,1641,0.06844582924103362,0.013894063060927287,6638,344
0.54,0.92,22695714.835,4117028.4204800003,41415.0,26854158.255480003,31086260.30452,0.6177780511811023,8283,1442,0.07013072780844651,0.01220916449351441,6734,248
0.54,0.9400000000000001,22964173.4215,3603126.99068,42440.0,26609740.41218,31330678.147820003,0.6131274606299213,8488,1237,0.07186642733769093,0.01047346496426999,6813,169
0.54,0.9600000000000001,23245219.84975,3401037.71348,43495.0,26689752.56323,31250665.996770002,0.6074064960629921,8699,1026,0.0736529278287669,0.008686964473194026,6869,113
0.54,0.98,23697081.4,3261319.54532,45630.0,27004030.94532,30936387.614680003,0.5938607283464566,9126,599,0.07726826294577845,0.005071629356182477,6929,53
0.56,0.56,19750028.43,51263794.33400001,0.0,71013822.764,-13073404.203999996,0.6584645669291339,0,9027,0.0,0.07643004707555796,0,6351
0.56,0.5800000000000001,19958255.71725,47133866.57884,3100.0,67095222.29609001,-9154803.736090004,0.6559916338582676,620,8407,0.005249432722592881,0.07118061435296508,553,5798
0.56,0.6,20102843.37675,43308047.824999996,5925.0,63416816.201749995,-5476397.641749993,0.653740157480315,1185,7842,0.010033189961729942,0.06639685711382802,1057,5294
0.56,0.62,20238517.77075,39509950.0296,8820.0,59757287.80035,-1816869.2403500006,0.6512672244094488,1764,7263,0.01493548277847394,0.061494564297084026,1569,4782
0.56,0.64,20406594.888,36390257.33732,11455.0,56808307.22532,1132111.334680006,0.6487573818897638,2291,6736,0.019397500592677887,0.05703254648288007,2028,4323
0.56,0.66,20591018.8995,32900131.559800003,14135.0,53505285.459300004,4435133.100699998,0.6460260826771653,2827,6200,0.023935719849629153,0.05249432722592881,2490,3861
0.56,0.68,20724030.3585,29362972.924160004,16575.0,50103578.28266001,7836840.277339995,0.6439591535433071,3315,5712,0.028067531411928064,0.048362515663629896,2922,3429
0.56,0.7000000000000001,20974285.761749998,26046794.639000002,19185.0,47040265.40075,10900153.159250006,0.6409694881889764,3837,5190,0.03248721509127239,0.04394283198428557,3363,2988
0.56,0.7200000000000001,21210707.68875,22917357.553400002,21565.0,44149630.24215,13790788.317850001,0.6376845472440945,4313,4714,0.03651742472990822,0.03991262234564975,3750,2601
0.56,0.74,21457695.76275,19896683.64876,23680.0,41378059.41151,16562359.148490004,0.6347687007874016,4736,4291,0.04009889253903207,0.03633115453652589,4094,2257
0.56,0.76,21722817.32925,17035863.834680002,25905.0,38784586.16393,19155832.396070004,0.6314099409448819,5181,3846,0.043866630541538255,0.03256341653401971,4448,1903
0.56,0.78,21998679.21,14572727.690920003,27720.0,36599126.90092,21341291.65908,0.6283095472440945,5544,3483,0.04694008873234667,0.0294899583432113,4727,1624
0.56,0.8,22230362.103,12335886.905320002,29640.0,34595889.008320004,23344529.55168,0.6249876968503937,5928,3099,0.050191350289565485,0.026238696785992482,5021,1330
0.56,0.8200000000000001,22471773.252,10499505.04952,31275.0,33002553.30152,24937865.25848,0.621998031496063,6255,2772,0.05296000270938463,0.023470044366173334,5267,1084
0.56,0.8400000000000001,22766798.106,8554293.28012,32940.0,31354031.38612,26586387.173880003,0.6187130905511811,6588,2439,0.05577945609103532,0.02065059098452264,5511,840
0.56,0.86,23048593.62675,6687302.37836,34535.0,29770431.00511,28169987.554890003,0.6146530511811024,6907,2120,0.05848037389507908,0.017949673180478885,5720,631
0.56,0.88,23323325.61375,5581952.09436,35735.0,28941012.70811,28999405.85189,0.6116264763779526,7147,1880,0.06051241236834084,0.01591763470721712,5878,473
0.56,0.9,23655773.136,4658574.23,36930.0,28351277.366,29589141.194000002,0.6075664370078739,7386,1641,0.06253598401463067,0.013894063060927287,6007,344
0.56,0.92,23802880.62225,3858101.0298800003,37925.0,27698906.65213,30241511.907870002,0.6037647637795275,7585,1442,0.06422088258204356,0.01220916449351441,6103,248
0.56,0.9400000000000001,24071339.208750002,3344199.6000799993,38950.0,27454488.80883,30485929.751170002,0.5991141732283465,7790,1237,0.06595658211128798,0.01047346496426999,6182,169
0.56,0.9600000000000001,24352385.637,3142110.3228800003,40005.0,27534500.959879998,30405917.600120004,0.5933932086614173,8001,1026,0.06774308260236393,0.008686964473194026,6238,113
0.56,0.98,24804247.18725,3002392.15472,42140.0,27848779.34197,30091639.218030002,0.5798474409448819,8428,599,0.07135841771937548,0.005071629356182477,6298,53
0.5800000000000001,0.5800000000000001,21138210.345,46889315.02,0.0,68027525.36500001,-10087106.805000007,0.6419783464566929,0,8407,0.0,0.07118061435296508,0,5798
0.5800000000000001,0.6,21282798.004499998,43063496.26616,2825.0,64349119.27066,-6408700.710659996,0.6397268700787402,565,7842,0.004783757239137061,0.06639685711382802,504,5294
0.5800000000000001,0.62,21418472.3985,39265398.47076,5720.0,60689590.86926,-2749172.309259996,0.637253937007874,1144,7263,0.009686050055881058,0.061494564297084026,1016,4782
0.5800000000000001,0.64,21586549.51575,36145705.77848,8355.0,57740610.29423,199808.2657700032,0.6347440944881889,1671,6736,0.014148067870085008,0.05703254648288007,1475,4323
0.5800000000000001,0.66,21770973.52725,32655580.000960004,11035.0,54437588.52821,3502830.031790003,0.6320127952755905,2207,6200,0.018686287127036273,0.05249432722592881,1937,3861
0.5800000000000001,0.68,21903984.98625,29118421.36532,13475.0,51035881.351569995,6904537.208430007,0.6299458661417323,2695,5712,0.022818098689335185,0.048362515663629896,2369,3429
0.5800000000000001,0.7000000000000001,22154240.3895,25802243.080160003,16085.0,47972568.46966,9967850.090340003,0.6269562007874016,3217,5190,0.027237782368679513,0.04394283198428557,2810,2988
0.5800000000000001,0.7200000000000001,22390662.3165,22672805.99456,18465.0,45081933.31106,12858485.248940006,0.6236712598425197,3693,4714,0.03126799200731534,0.03991262234564975,3197,2601
0.5800000000000001,0.74,22637650.390499998,19652132.08992,20580.0,42310362.48041999,15630056.079580009,0.6207554133858267,4116,4291,0.03484945981643919,0.03633115453652589,3541,2257
0.5800000000000001,0.76,22902771.957,16791312.27584,22805.0,39716889.23284,18223529.32716,0.6173966535433071,4561,3846,0.03861719781894537,0.03256341653401971,3895,1903
0.5800000000000001,0.78,23178633.83775,14328176.132080002,24620.0,37531429.96983,20408988.590170003,0.6142962598425197,4924,3483,0.04169065600975379,0.0294899583432113,4174,1624
0.5800000000000001,0.8,23410316.73075,12091335.34648,26540.0,35528192.07723,22412226.482770003,0.6109744094488189,5308,3099,0.0449419175669726,0.026238696785992482,4468,1330
0.5800000000000001,0.8200000000000001,23651727.87975,10254953.49068,28175.0,33934856.37043,24005562.189570002,0.6079847440944882,5635,2772,0.04771056998679175,0.023470044366173334,4714,1084
0.5800000000000001,0.8400000000000001,23946752.733749997,8309741.721279999,29840.0,32286334.455029994,25654084.104970008,0.6046998031496063,5968,2439,0.050530023368442444,0.02065059098452264,4958,840
0.5800000000000001,0.86,24228548.254499998,6442750.81952,31435.0,30702734.07402,27237684.485980004,0.6006397637795275,6287,2120,0.053230941172486196,0.017949673180478885,5167,631
0.5800000000000001,0.88,24503280.241499998,5337400.53552,32635.0,29873315.77702,28067102.782980002,0.5976131889763779,6527,1880,0.05526297964574796,0.01591763470721712,5325,473
0.5800000000000001,0.9,24835727.763749998,4414022.67116,33830.0,29283580.43491,28656838.125090003,0.5935531496062991,6766,1641,0.057286551292037795,0.013894063060927287,5454,344
0.5800000000000001,0.92,24982835.25,3613549.4710400007,34825.0,28631209.72104,29309208.838960003,0.5897514763779528,6965,1442,0.05897144985945067,0.01220916449351441,5550,248
0.5800000000000001,0.9400000000000001,25251293.836499996,3099648.04124,35850.0,28386791.877739996,29553626.682260007,0.5851008858267717,7170,1237,0.06070714938869509,0.01047346496426999,5629,169
0.5800000000000001,0.9600000000000001,25532340.26475,2897558.7640400003,36905.0,28466804.02879,29473614.53121,0.5793799212598425,7381,1026,0.06249364987977106,0.008686964473194026,5685,113
0.5800000000000001,0.98,25984201.814999998,2757840.59588,39040.0,28781082.41088,29159336.149120003,0.5658341535433071,7808,599,0.06610898499678261,0.005071629356182477,5745,53
0.6,0.6,22102128.075,42836666.984,0.0,64938795.059,-6998376.498999998,0.6269685039370079,0,7842,0.0,0.06639685711382802,0,5294
0.6,0.62,22237802.469,39038569.1886,2895.0,61279266.6576,-3338848.097599998,0.6244955708661417,579,7263,0.004902292816743997,0.061494564297084026,512,4782
0.6,0.64,22405879.58625,35918876.49632,5530.0,58330286.08257,-389867.5225699991,0.6219857283464567,1106,6736,0.009364310630947946,0.05703254648288007,971,4323
0.6,0.66,22590303.59775,32428750.718800005,8210.0,55027264.31655,2913154.243450001,0.6192544291338583,1642,6200,0.013902529887899211,0.05249432722592881,1433,3861
0.6,0.68,22723315.05675,28891592.08316,10650.0,51625557.13991,6314861.420090005,0.6171875,2130,5712,0.018034341450198124,0.048362515663629896,1865,3429
0.6,0.7000000000000001,22973570.46,25575413.798000004,13260.0,48562244.258,9378174.302000001,0.6141978346456692,2652,5190,0.022454025129542452,0.04394283198428557,2306,2988
0.6,0.7200000000000001,23209992.387,22445976.7124,15640.0,45671609.0994,12268809.460600004,0.6109128937007874,3128,4714,0.026484234768178277,0.03991262234564975,2693,2601
0.6,0.74,23456980.461,19425302.807759997,17755.0,42900038.268759996,15040380.291240007,0.6079970472440945,3551,4291,0.03006570257730213,0.03633115453652589,3037,2257
0.6,0.76,23722102.0275,16564482.99368,19980.0,40306565.021180004,17633853.53882,0.6046382874015748,3996,3846,0.03383344057980831,0.03256341653401971,3391,1903
0.6,0.78,23997963.90825,14101346.84992,21795.0,38121105.75817,19819312.80183,0.6015378937007875,4359,3483,0.036906898770616724,0.0294899583432113,3670,1624
0.6,0.8,24229646.80125,11864506.064320002,23715.0,36117867.86557,21822550.69443,0.5982160433070867,4743,3099,0.04015816032783554,0.026238696785992482,3964,1330
0.6,0.8200000000000001,24471057.95025,10028124.20852,25350.0,34524532.15877,23415886.40123,0.5952263779527559,5070,2772,0.04292681274765469,0.023470044366173334,4210,1084
0.6,0.8400000000000001,24766082.80425,8082912.439119999,27015.0,32876010.243369997,25064408.316630006,0.591941437007874,5403,2439,0.04574626612930538,0.02065059098452264,4454,840
0.6,0.86,25047878.325,6215921.53736,28610.0,31292409.86236,26648008.69764,0.5878813976377953,5722,2120,0.04844718393334914,0.017949673180478885,4663,631
0.6,0.88,25322610.312,5110571.25336,29810.0,30462991.56536,27477426.994640004,0.5848548228346456,5962,1880,0.0504792224066109,0.01591763470721712,4821,473
0.6,0.9,25655057.83425,4187193.389,31005.0,29873256.223249998,28067162.336750004,0.5807947834645669,6201,1641,0.05250279405290074,0.013894063060927287,4950,344
0.6,0.92,25802165.320499998,3386720.1888800003,32000.0,29220885.509379998,28719533.050620005,0.5769931102362204,6400,1442,0.05418769262031361,0.01220916449351441,5046,248
0.6,0.9400000000000001,26070623.906999998,2872818.75908,33025.0,28976467.666079998,28963950.893920004,0.5723425196850394,6605,1237,0.055923392149558035,0.01047346496426999,5125,169
0.6,0.9600000000000001,26351670.335249998,2670729.48188,34080.0,29056479.81713,28883938.742870003,0.5666215551181102,6816,1026,0.057709892640633996,0.008686964473194026,5181,113
0.6,0.98,26803531.8855,2531011.31372,36215.0,29370758.199219998,28569660.360780004,0.5530757874015747,7243,599,0.061325227757645547,0.005071629356182477,5241,53
0.62,0.62,23006624.035,38813785.074,0.0,61820409.109,-3879990.548999995,0.6104822834645669,0,7263,0.0,0.061494564297084026,0,4782
0.62,0.64,23174701.15225,35694092.38172,2635.0,58871428.53397,-931009.973969996,0.6079724409448819,527,6736,0.004462017814203949,0.05703254648288007,459,4323
0.62,0.66,23359125.16375,32203966.6042,5315.0,55568406.76795,2372011.792050004,0.6052411417322834,1063,6200,0.009000237071155213,0.05249432722592881,921,3861
0.62,0.68,23492136.62275,28666807.968560003,7755.0,52166699.59131,5773718.9686900005,0.6031742125984253,1551,5712,0.013132048633454126,0.048362515663629896,1353,3429
0.62,0.7000000000000001,23742392.026,25350629.6834,10365.0,49103386.7094,8837031.850600004,0.6001845472440945,2073,5190,0.017551732312798454,0.04394283198428557,1794,2988
0.62,0.7200000000000001,23978813.953,22221192.5978,12745.0,46212751.5508,11727667.0092,0.5968996062992127,2549,4714,0.02158194195143428,0.03991262234564975,2181,2601
0.62,0.74,24225802.027,19200518.693159997,14860.0,43441180.72015999,14499237.83984001,0.5939837598425196,2972,4291,0.02516340976055813,0.03633115453652589,2525,2257
0.62,0.76,24490923.5935,16339698.879080001,17085.0,40847707.47258,17092711.08742,0.5906250000000001,3417,3846,0.028931147763064314,0.03256341653401971,2879,1903
0.62,0.78,24766785.47425,13876562.735320002,18900.0,38662248.209570006,19278170.350429997,0.5875246062992125,3780,3483,0.03200460595387273,0.0294899583432113,3158,1624
0.62,0.8,24998468.36725,11639721.94972,20820.0,36659010.31697,21281408.243030004,0.5842027559055117,4164,3099,0.03525586751109154,0.026238696785992482,3452,1330
0.62,0.8200000000000001,25239879.51625,9803340.09392,22455.0,35065674.61017,22874743.949830003,0.5812130905511812,4491,2772,0.03802451993091069,0.023470044366173334,3698,1084
0.62,0.8400000000000001,25534904.37025,7858128.324519999,24120.0,33417152.69477,24523265.86523,0.5779281496062991,4824,2439,0.040843973312561385,0.02065059098452264,3942,840
0.62,0.86,25816699.891,5991137.42276,25715.0,31833552.313759997,26106866.246240005,0.5738681102362204,5143,2120,0.043544891116605144,0.017949673180478885,4151,631
0.62,0.88,26091431.878,4885787.1387600005,26915.0,31004134.01676,26936284.543240003,0.5708415354330709,5383,1880,0.0455769295898669,0.01591763470721712,4309,473
0.62,0.9,26423879.40025,3962409.2744000005,28110.0,30414398.67465,27526019.885350004,0.5667814960629921,5622,1641,0.047600501236156736,0.013894063060927287,4438,344
0.62,0.92,26570986.8865,3161936.0742800003,29105.0,29762027.960780002,28178390.59922,0.5629798228346456,5821,1442,0.049285399803569614,0.01220916449351441,4534,248
0.62,0.9400000000000001,26839445.473,2648034.6444800003,30130.0,29517610.117480002,28422808.44252,0.5583292322834646,6026,1237,0.051021099332814034,0.01047346496426999,4613,169
0.62,0.9600000000000001,27120491.90125,2445945.36728,31185.0,29597622.26853,28342796.291470002,0.5526082677165355,6237,1026,0.05280759982389,0.008686964473194026,4669,113
0.62,0.98,27572353.4515,2306227.1991200005,33320.0,29911900.65062,28028517.909380004,0.5390625,6664,599,0.056422934940901545,0.005071629356182477,4729,53
0.64,0.64,24127138.15,35510783.912,0.0,59637922.062,-1697503.5019999966,0.59375,0,6736,0.0,0.05703254648288007,0,4323
0.64,0.66,24311562.1615,32020658.134480003,2680.0,56334900.29598001,1605518.264019996,0.5910187007874016,536,6200,0.0045382192569512645,0.05249432722592881,462,3861
0.64,0.68,24444573.6205,28483499.49884,5120.0,52933193.11934,5007225.44066,0.5889517716535433,1024,5712,0.008670030819250179,0.048362515663629896,894,3429
0.64,0.7000000000000001,24694829.02375,25167321.213680003,7730.0,49869880.237430006,8070538.322569996,0.5859621062992125,1546,5190,0.013089714498594507,0.04394283198428557,1335,2988
0.64,0.7200000000000001,24931250.950749997,22037884.12808,10110.0,46979245.07883,10961173.481170006,0.5826771653543307,2022,4714,0.017119924137230333,0.03991262234564975,1722,2601
0.64,0.74,25178239.024749998,19017210.22344,12225.0,44207674.24819,13732744.311810002,0.5797613188976378,2445,4291,0.020701391946354186,0.03633115453652589,2066,2257
0.64,0.76,25443360.59125,16156390.40936,14450.0,41614201.00061,16326217.559390001,0.5764025590551181,2890,3846,0.024469129948860364,0.03256341653401971,2420,1903
0.64,0.78,25719222.472,13693254.265600001,16265.0,39428741.7376,18511676.822400004,0.5733021653543308,3253,3483,0.027542588139668776,0.0294899583432113,2699,1624
0.64,0.8,25950905.365,11456413.480000002,18185.0,37425503.845,20514914.715000004,0.56998031496063,3637,3099,0.030793849696887594,0.026238696785992482,2993,1330
0.64,0.8200000000000001,26192316.514,9620031.624200001,19820.0,35832168.1382,22108250.421800002,0.5669906496062992,3964,2772,0.03356250211670674,0.023470044366173334,3239,1084
0.64,0.8400000000000001,26487341.367999997,7674819.8548,21485.0,34183646.222799994,23756772.33720001,0.5637057086614173,4297,2439,0.03638195549835743,0.02065059098452264,3483,840
0.64,0.86,26769136.888749998,5807828.95304,23080.0,32600045.841789998,25340372.718210004,0.5596456692913386,4616,2120,0.03908287330240119,0.017949673180478885,3692,631
0.64,0.88,27043868.875749998,4702478.66904,24280.0,31770627.54479,26169791.015210003,0.5566190944881889,4856,1880,0.041114911775662955,0.01591763470721712,3850,473
0.64,0.9,27376316.398,3779100.80468,25475.0,31180892.20268,26759526.357320003,0.5525590551181102,5095,1641,0.04313848342195279,0.013894063060927287,3979,344
0.64,0.92,27523423.88425,2978627.60456,26470.0,30528521.48881,27411897.071190003,0.5487573818897636,5294,1442,0.04482338198936567,0.01220916449351441,4075,248
0.64,0.9400000000000001,27791882.470749997,2464726.17476,27495.0,30284103.645509996,27656314.914490007,0.5441067913385826,5499,1237,0.04655908151861009,0.01047346496426999,4154,169
0.64,0.9600000000000001,28072928.898999996,2262636.89756,28550.0,30364115.796559997,27576302.763440005,0.5383858267716536,5710,1026,0.04834558200968605,0.008686964473194026,4210,113
0.64,0.98,28524790.449249998,2122918.7294000005,30685.0,30678394.17865,27262024.381350003,0.5248400590551181,6137,599,0.0519609171266976,0.005071629356182477,4270,53
0.66,0.66,25356631.560000002,31813808.404000003,0.0,57170439.964,769978.5960000008,0.5755413385826772,0,6200,0.0,0.05249432722592881,0,3861
0.66,0.68,25489643.019,28276649.76836,2440.0,53768732.78736,4171685.7726400048,0.5734744094488189,488,5712,0.004131811562298913,0.048362515663629896,432,3429
0.66,0.7000000000000001,25739898.422250003,24960471.483200002,5050.0,50705419.90545,7234998.654550001,0.5704847440944881,1010,5190,0.008551495241643241,0.04394283198428557,873,2988
0.66,0.7200000000000001,25976320.349250004,21831034.3976,7430.0,47814784.74685,10125633.813150004,0.5671998031496063,1486,4714,0.012581704880279066,0.03991262234564975,1260,2601
0.66,0.74,26223308.42325,18810360.49296,9545.0,45043213.916209996,12897204.643790007,0.5642839566929134,1909,4291,0.01616317268940292,0.03633115453652589,1604,2257
0.66,0.76,26488429.98975,15949540.67888,11770.0,42449740.668630004,15490677.891369998,0.5609251968503937,2354,3846,0.0199309106919091,0.03256341653401971,1958,1903
0.66,0.78,26764291.870500002,13486404.535120001,13585.0,40264281.40562,17676137.15438,0.5578248031496063,2717,3483,0.023004368882717514,0.0294899583432113,2237,1624
0.66,0.8,26995974.7635,11249563.749520002,15505.0,38261043.51302,19679375.04698,0.5545029527559056,3101,3099,0.02625563043993633,0.026238696785992482,2531,1330
0.66,0.8200000000000001,27237385.9125,9413181.893720001,17140.0,36667707.80622,21272710.75378,0.5515132874015748,3428,2772,0.029024282859755477,0.023470044366173334,2777,1084
0.66,0.8400000000000001,27532410.766500004,7467970.1243199995,18805.0,35019185.890820004,22921232.66918,0.5482283464566929,3761,2439,0.03184373624140617,0.02065059098452264,3021,840
0.66,0.86,27814206.28725,5600979.22256,20400.0,33435585.50981,24504833.05019,0.5441683070866141,4080,2120,0.03454465404544993,0.017949673180478885,3230,631
0.66,0.88,28088938.27425,4495628.93856,21600.0,32606167.212810002,25334251.34719,0.5411417322834645,4320,1880,0.036576692518711686,0.01591763470721712,3388,473
0.66,0.9,28421385.7965,3572251.0742,22795.0,32016431.8707,25923986.6893,0.5370816929133858,4559,1641,0.03860026416500152,0.013894063060927287,3517,344
0.66,0.92,28568493.282750003,2771777.87408,23790.0,31364061.15683,26576357.40317,0.5332800196850394,4758,1442,0.0402851627324144,0.01220916449351441,3613,248
0.66,0.9400000000000001,28836951.869250003,2257876.44428,24815.0,31119643.31353,26820775.24647,0.5286294291338582,4963,1237,0.04202086226165882,0.01047346496426999,3692,169
0.66,0.9600000000000001,29117998.297500003,2055787.16708,25870.0,31199655.464580003,26740763.09542,0.5229084645669291,5174,1026,0.04380736275273479,0.008686964473194026,3748,113
0.66,0.98,29569859.84775,1916068.9989200002,28005.0,31513933.84667,26426484.71333,0.5093626968503937,5601,599,0.04742269786974634,0.005071629356182477,3808,53
0.68,0.68,26243374.619999997,28065763.898000002,0.0,54309138.518,3631280.042000003,0.561761811023622,0,5712,0.0,0.048362515663629896,0,3429
0.68,0.7000000000000001,26493630.02325,24749585.612840004,2610.0,51245825.63609,6694592.923909999,0.5587721456692913,522,5190,0.004419683679344329,0.04394283198428557,441,2988
0.68,0.7200000000000001,26730051.950249996,21620148.52724,4990.0,48355190.47748999,9585228.08251001,0.5554872047244095,998,4714,0.008449893317980154,0.03991262234564975,828,2601
0.68,0.74,26977040.024249997,18599474.622599997,7105.0,45583619.64684999,12356798.913150012,0.5525713582677165,1421,4291,0.012031361127104007,0.03633115453652589,1172,2257
0.68,0.76,27242161.590749998,15738654.80852,9330.0,42990146.39927,14950272.160730004,0.5492125984251969,1866,3846,0.015799099129610188,0.03256341653401971,1526,1903
0.68,0.78,27518023.471499998,13275518.664760001,11145.0,40804687.13626,17135731.42374,0.5461122047244095,2229,3483,0.0188725573204186,0.0294899583432113,1805,1624
0.68,0.8,27749706.364499997,11038677.879160002,13065.0,38801449.24366,19138969.31634,0.5427903543307087,2613,3099,0.022123818877637418,0.026238696785992482,2099,1330
0.68,0.8200000000000001,27991117.513499998,9202296.02336,14700.0,37208113.53686,20732305.023140006,0.539800688976378,2940,2772,0.024892471297456566,0.023470044366173334,2345,1084
0.68,0.8400000000000001,28286142.367499996,7257084.25396,16365.0,35559591.62146,22380826.938540004,0.536515748031496,3273,2439,0.02771192467910726,0.02065059098452264,2589,840
0.68,0.86,28567937.888249997,5390093.3522,17960.0,33975991.240449995,23964427.319550008,0.5324557086614173,3592,2120,0.030412842483151015,0.017949673180478885,2798,631
0.68,0.88,28842669.875249997,4284743.0682,19160.0,33146572.943449996,24793845.616550006,0.5294291338582677,3832,1880,0.03244488095641278,0.01591763470721712,2956,473
0.68,0.9,29175117.397499997,3361365.20384,20355.0,32556837.601339996,25383580.958660007,0.5253690944881889,4071,1641,0.034468452602702614,0.013894063060927287,3085,344
0.68,0.92,29322224.88375,2560892.00372,21350.0,31904466.88747,26035951.672530003,0.5215674212598426,4270,1442,0.036153351170115484,0.01220916449351441,3181,248
0.68,0.9400000000000001,29590683.470249996,2046990.5739199999,22375.0,31660049.044169996,26280369.515830006,0.5169168307086615,4475,1237,0.03788905069935991,0.01047346496426999,3260,169
0.68,0.9600000000000001,29871729.898499995,1844901.29672,23430.0,31740061.195219994,26200357.36478001,0.5111958661417323,4686,1026,0.03967555119043587,0.008686964473194026,3316,113
0.68,0.98,30323591.448749997,1705183.1285599999,25565.0,32054339.577309996,25886078.982690006,0.49765009842519686,5113,599,0.04329088630744742,0.005071629356182477,3376,53
0.7000000000000001,0.7000000000000001,27911743.974999998,24553115.084000003,0.0,52464859.059,5475559.501000002,0.5418307086614174,0,5190,0.0,0.04394283198428557,0,2988
0.7000000000000001,0.7200000000000001,28148165.902,21423677.9984,2380.0,49574223.9004,8366194.659600005,0.5385457677165355,476,4714,0.004030209638635825,0.03991262234564975,387,2601
0.7000000000000001,0.74,28395153.975999996,18403004.09376,4495.0,46802653.069759995,11137765.490240008,0.5356299212598425,899,4291,0.007611677447759677,0.03633115453652589,731,2257
0.7000000000000001,0.76,28660275.542499997,15542184.27968,6720.0,44209179.822179995,13731238.737820007,0.5322711614173229,1344,3846,0.011379415450265858,0.03256341653401971,1085,1903
0.7000000000000001,0.78,28936137.423249997,13079048.135920001,8535.0,42023720.55917,15916698.000830002,0.5291707677165355,1707,3483,0.014452873641074272,0.0294899583432113,1364,1624
0.7000000000000001,0.8,29167820.316249996,10842207.350320002,10455.0,40020482.66657,17919935.893430002,0.5258489173228347,2091,3099,0.017704135198293086,0.026238696785992482,1658,1330
0.7000000000000001,0.8200000000000001,29409231.465249997,9005825.494520001,12090.0,38427146.959769994,19513271.60023001,0.5228592519685039,2418,2772,0.020472787618112238,0.023470044366173334,1904,1084
0.7000000000000001,0.8400000000000001,29704256.31925,7060613.72512,13755.0,36778625.044369996,21161793.515630007,0.5195743110236221,2751,2439,0.023292240999762927,0.02065059098452264,2148,840
0.7000000000000001,0.86,29986051.839999996,5193622.82336,15350.0,35195024.66336,22745393.896640003,0.5155142716535434,3070,2120,0.025993158803806687,0.017949673180478885,2357,631
0.7000000000000001,0.88,30260783.827,4088272.5393600003,16550.0,34365606.36636,23574812.19364,0.5124876968503937,3310,1880,0.028025197277068446,0.01591763470721712,2515,473
0.7000000000000001,0.9,30593231.349249996,3164894.6750000003,17745.0,33775871.02424999,24164547.53575001,0.5084276574803149,3549,1641,0.030048768923358282,0.013894063060927287,2644,344
0.7000000000000001,0.92,30740338.8355,2364421.47488,18740.0,33123500.310379997,24816918.249620005,0.5046259842519686,3748,1442,0.03173366749077116,0.01220916449351441,2740,248
0.7000000000000001,0.9400000000000001,31008797.422,1850520.0450800003,19765.0,32879082.467079997,25061336.092920005,0.4999753937007874,3953,1237,0.03346936702001558,0.01047346496426999,2819,169
0.7000000000000001,0.9600000000000001,31289843.85025,1648430.76788,20820.0,32959094.61813,24981323.941870004,0.49425442913385825,4164,1026,0.03525586751109154,0.008686964473194026,2875,113
0.7000000000000001,0.98,31741705.4005,1508712.59972,22955.0,33273373.00022,24667045.55978,0.4807086614173228,4591,599,0.03887120262810309,0.005071629356182477,2935,53
0.7200000000000001,0.7200000000000001,29487890.155,21237265.844,0.0,50725155.999,7215262.561000004,0.5199311023622047,0,4714,0.0,0.03991262234564975,0,2601
0.7200000000000001,0.74,29734878.229000002,18216591.939359996,2115.0,47953585.168359995,9986833.391640007,0.5170152559055118,423,4291,0.0035814678091238526,0.03633115453652589,344,2257
0.7200000000000001,0.76,29999999.795500003,15355772.12528,4340.0,45360111.92078,12580306.63922,0.5136564960629921,868,3846,0.007349205811630033,0.03256341653401971,698,1903
0.7200000000000001,0.78,30275861.67625,12892635.981520003,6155.0,43174652.65777,14765765.902230002,0.5105561023622047,1231,3483,0.010422664002438447,0.0294899583432113,977,1624
0.7200000000000001,0.8,30507544.569250003,10655795.195920002,8075.0,41171414.76517001,16769003.794829994,0.5072342519685039,1615,3099,0.013673925559657263,0.026238696785992482,1271,1330
0.7200000000000001,0.8200000000000001,30748955.718250003,8819413.34012,9710.0,39578079.05837,18362339.50163,0.5042445866141733,1942,2772,0.016442577979476413,0.023470044366173334,1517,1084
0.7200000000000001,0.8400000000000001,31043980.57225,6874201.57072,11375.0,37929557.14297,20010861.41703,0.5009596456692914,2275,2439,0.019262031361127103,0.02065059098452264,1761,840
0.7200000000000001,0.86,31325776.093000002,5007210.66896,12970.0,36345956.76196,21594461.798040003,0.49689960629921265,2594,2120,0.021962949165170862,0.017949673180478885,1970,631
0.7200000000000001,0.88,31600508.080000002,3901860.38496,14170.0,35516538.46496,22423880.09504,0.493873031496063,2834,1880,0.02399498763843262,0.01591763470721712,2128,473
0.7200000000000001,0.9,31932955.602250002,2978482.5206000004,15365.0,34926803.12285,23013615.43715,0.4898129921259842,3073,1641,0.026018559284722458,0.013894063060927287,2257,344
0.7200000000000001,0.92,32080063.0885,2178009.32048,16360.0,34274432.40898,23665986.151020005,0.4860113188976378,3272,1442,0.027703457852135335,0.01220916449351441,2353,248
0.7200000000000001,0.9400000000000001,32348521.675,1664107.8906800002,17385.0,34030014.56568,23910403.994320005,0.4813607283464567,3477,1237,0.029439157381379755,0.01047346496426999,2432,169
0.7200000000000001,0.9600000000000001,32629568.10325,1462018.6134799998,18440.0,34110026.71673,23830391.843270004,0.47563976377952755,3688,1026,0.03122565787245572,0.008686964473194026,2488,113
0.7200000000000001,0.98,33081429.653500002,1322300.4453200002,20575.0,34424305.09882,23516113.46118,0.4620939960629921,4115,599,0.034840992989467266,0.005071629356182477,2548,53
0.74,0.74,31134477.315,18035639.987999998,0.0,49170117.303,8770301.257,0.500492125984252,0,4291,0.0,0.03633115453652589,0,2257
0.74,0.76,31399598.881500002,15174820.17392,2225.0,46576644.055420004,11363774.504579999,0.49713336614173226,445,3846,0.0037677380025061807,0.03256341653401971,354,1903
0.74,0.78,31675460.762250002,12711684.030160002,4040.0,44391184.79241,13549233.767590001,0.4940329724409449,808,3483,0.006841196193314593,0.0294899583432113,633,1624
0.74,0.8,31907143.65525,10474843.244560001,5960.0,42387946.89981,15552471.660190001,0.4907111220472441,1192,3099,0.01009245775053341,0.026238696785992482,927,1330
0.74,0.8200000000000001,32148554.804250002,8638461.38876,7595.0,40794611.19301,17145807.36699,0.4877214566929134,1519,2772,0.012861110170352559,0.023470044366173334,1173,1084
0.74,0.8400000000000001,32443579.65825,6693249.61936,9260.0,39146089.277610004,18794329.28239,0.4844365157480315,1852,2439,0.01568056355200325,0.02065059098452264,1417,840
0.74,0.86,32725375.179,4826258.7176,10855.0,37562488.8966,20377929.6634,0.4803764763779528,2171,2120,0.01838148135604701,0.017949673180478885,1626,631
0.74,0.88,33000107.166,3720908.4336,12055.0,36733070.5996,21207347.9604,0.4773499015748031,2411,1880,0.02041351982930877,0.01591763470721712,1784,473
0.74,0.9,33332554.68825,2797530.56924,13250.0,36143335.25749,21797083.30251,0.47328986220472435,2650,1641,0.022437091475598605,0.013894063060927287,1913,344
0.74,0.92,33479662.1745,1997057.3691200002,14245.0,35490964.54362,22449454.016380005,0.46948818897637795,2849,1442,0.024121990043011483,0.01220916449351441,2009,248
0.74,0.9400000000000001,33748120.761,1483155.9393200001,15270.0,35246546.70032,22693871.859680004,0.46483759842519684,3054,1237,0.025857689572255902,0.01047346496426999,2088,169
0.74,0.9600000000000001,34029167.18925,1281066.6621199998,16325.0,35326558.85137,22613859.708630003,0.4591166338582677,3265,1026,0.027644190063331867,0.008686964473194026,2144,113
0.74,0.98,34481028.7395,1141348.49396,18460.0,35640837.23346,22299581.32654,0.44557086614173225,3692,599,0.03125952518034342,0.005071629356182477,2204,53
0.76,0.76,32901954.424999997,15004416.356,0.0,47906370.780999996,10034047.779000007,0.4781003937007874,0,3846,0.0,0.03256341653401971,0,1903
0.76,0.78,33177816.305749997,12541280.212240001,1815.0,45720911.51799,12219507.042010002,0.47500000000000003,363,3483,0.0030734581908084127,0.0294899583432113,279,1624
0.76,0.8,33409499.198749997,10304439.426640002,3735.0,43717673.62539,14222744.934610002,0.4716781496062992,747,3099,0.006324719748027229,0.026238696785992482,573,1330
0.76,0.8200000000000001,33650910.34774999,8468057.570840001,5370.0,42124337.918589994,15816080.641410008,0.4686884842519685,1074,2772,0.009093372167846378,0.023470044366173334,819,1084
0.76,0.8400000000000001,33945935.201749995,6522845.80144,7035.0,40475816.003189996,17464602.556810006,0.4654035433070866,1407,2439,0.011912825549497071,0.02065059098452264,1063,840
0.76,0.86,34227730.7225,4655854.89968,8630.0,38892215.62218,19048202.937820002,0.4613435039370079,1726,2120,0.014613743353540827,0.017949673180478885,1272,631
0.76,0.88,34502462.7095,3550504.6156800003,9830.0,38062797.32518,19877621.23482,0.45831692913385824,1966,1880,0.016645781826802587,0.01591763470721712,1430,473
0.76,0.9,34834910.23175,2627126.7513200003,11025.0,37473061.98306999,20467356.57693001,0.4542568897637795,2205,1641,0.018669353473092423,0.013894063060927287,1559,344
0.76,0.92,34982017.717999995,1826653.5512,12020.0,36820691.2692,21119727.290800005,0.4504552165354331,2404,1442,0.0203542520405053,0.01220916449351441,1655,248
0.76,0.9400000000000001,35250476.3045,1312752.1214,13045.0,36576273.4259,21364145.134100005,0.44580462598425197,2609,1237,0.02208995156974972,0.01047346496426999,1734,169
0.76,0.9600000000000001,35531522.73275,1110662.8442,14100.0,36656285.57695,21284132.983050004,0.44008366141732286,2820,1026,0.023876452060825684,0.008686964473194026,1790,113
0.76,0.98,35983384.283,970944.67604,16235.0,36970563.95904,20969854.60096,0.42653789370078743,3247,599,0.027491787177837235,0.005071629356182477,1850,53
0.78,0.78,34741033.629999995,12393675.352000002,0.0,47134708.98199999,10805709.578000009,0.45743110236220474,0,3483,0.0,0.0294899583432113,0,1624
0.78,0.8,34972716.522999994,10156834.5664,1920.0,45131471.08939999,12808947.470600009,0.45410925196850394,384,3099,0.0032512615572188167,0.026238696785992482,294,1330
0.78,0.8200000000000001,35214127.672,8320452.7106,3555.0,43538135.382599995,14402283.177400008,0.45111958661417323,711,2772,0.006019913977037965,0.023470044366173334,540,1084
0.78,0.8400000000000001,35509152.52599999,6375240.941199999,5220.0,41889613.467199996,16050805.092800006,0.4478346456692913,1044,2439,0.008839367358688658,0.02065059098452264,784,840
0.78,0.86,35790948.046749994,4508250.03944,6815.0,40306013.08618999,17634405.47381001,0.4437746062992126,1363,2120,0.011540285162732415,0.017949673180478885,993,631
0.78,0.88,36065680.03375,3402899.75544,8015.0,39476594.789189994,18463823.770810008,0.440748031496063,1603,1880,0.013572323635994175,0.01591763470721712,1151,473
0.78,0.9,36398127.555999994,2479521.8910800004,9210.0,38886859.447079994,19053559.11292001,0.43668799212598425,1842,1641,0.01559589528228401,0.013894063060927287,1280,344
0.78,0.92,36545235.04224999,1679048.6909600003,10205.0,38234488.73320999,19705929.826790012,0.4328863188976378,2041,1442,0.01728079384969689,0.01220916449351441,1376,248
0.78,0.9400000000000001,36813693.62875,1165147.2611600002,11230.0,37990070.88991,19950347.670090005,0.4282357283464567,2246,1237,0.019016493378941308,0.01047346496426999,1455,169
0.78,0.9600000000000001,37094740.057,963057.9839599999,12285.0,38070083.04096,19870335.519040003,0.4225147637795275,2457,1026,0.020802993870017272,0.008686964473194026,1511,113
0.78,0.98,37546601.60725,823339.8158,14420.0,38384361.42305,19556057.13695,0.40896899606299214,2884,599,0.02441832898702882,0.005071629356182477,1571,53
0.8,0.8,36285586.25,10024191.112000002,0.0,46309777.362,11630641.197999999,0.43528543307086615,0,3099,0.0,0.026238696785992482,0,1330
0.8,0.8200000000000001,36526997.399,8187809.256200001,1635.0,44716441.6552,13223976.904800005,0.4322957677165354,327,2772,0.0027686524198191485,0.023470044366173334,246,1084
0.8,0.8400000000000001,36822022.253,6242597.4868,3300.0,43067919.7398,14872498.820200004,0.42901082677165353,660,2439,0.005588105801469841,0.02065059098452264,490,840
0.8,0.86,37103817.77375,4375606.58504,4895.0,41484319.35879,16456099.20121,0.4249507874015748,979,2120,0.008289023605513597,0.017949673180478885,699,631
0.8,0.88,37378549.76075,3270256.3010400003,6095.0,40654901.061790004,17285517.498209998,0.4219242125984252,1219,1880,0.010321062078775358,0.01591763470721712,857,473
0.8,0.9,37710997.283,2346878.4366800003,7290.0,40065165.71968,17875252.840320006,0.41786417322834646,1458,1641,0.012344633725065194,0.013894063060927287,986,344
0.8,0.92,37858104.76925,1546405.23656,8285.0,39412795.00581,18527623.554190002,0.4140625,1657,1442,0.01402953229247807,0.01220916449351441,1082,248
0.8,0.9400000000000001,38126563.35575,1032503.8067600001,9310.0,39168377.16251,18772041.397490002,0.4094119094488189,1862,1237,0.01576523182172249,0.01047346496426999,1161,169
0.8,0.9600000000000001,38407609.784,830414.5295600002,10365.0,39248389.31356,18692029.24644,0.4036909448818897,2073,1026,0.017551732312798454,0.008686964473194026,1217,113
0.8,0.98,38859471.33425,690696.3613999999,12500.0,39562667.695650004,18377750.86435,0.3901451771653543,2500,599,0.021167067429810005,0.005071629356182477,1277,53
0.8200000000000001,0.8200000000000001,37894993.910000004,8079072.542,0.0,45974066.45200001,11966352.107999995,0.4153543307086614,0,2772,0.0,0.023470044366173334,0,1084
0.8200000000000001,0.8400000000000001,38190018.764000006,6133860.7726,1665.0,44325544.53660001,13614874.023399994,0.41206938976377955,333,2439,0.002819453381650693,0.02065059098452264,244,840
0.8200000000000001,0.86,38471814.28475001,4266869.87084,3260.0,42741944.155590005,15198474.404409997,0.4080093503937008,652,2120,0.005520371185694449,0.017949673180478885,453,631
0.8200000000000001,0.88,38746546.27175,3161519.58684,4460.0,41912525.85859001,16027892.701409996,0.4049827755905512,892,1880,0.007552409658956209,0.01591763470721712,611,473
0.8200000000000001,0.9,39078993.79400001,2238141.72248,5655.0,41322790.51648001,16617628.043519996,0.4009227362204724,1131,1641,0.009575981305246046,0.013894063060927287,740,344
0.8200000000000001,0.92,39226101.280250005,1437668.52236,6650.0,40670419.80261,17269998.75739,0.397121062992126,1330,1442,0.011260879872658922,0.01220916449351441,836,248
0.8200000000000001,0.9400000000000001,39494559.86675,923767.09256,7675.0,40426001.95931,17514416.60069,0.3924704724409449,1535,1237,0.012996579401903343,0.01047346496426999,915,169
0.8200000000000001,0.9600000000000001,39775606.295,721677.81536,8730.0,40506014.110360004,17434404.44964,0.38674950787401574,1746,1026,0.014783079892979308,0.008686964473194026,971,113
0.8200000000000001,0.98,40227467.84525,581959.6472,10865.0,40820292.49245001,17120126.067549996,0.37320374015748026,2173,599,0.018398415009990857,0.005071629356182477,1031,53
0.8400000000000001,0.8400000000000001,39861826.269999996,6018108.532,0.0,45879934.80199999,12060483.758000009,0.39345472440944884,0,2439,0.0,0.02065059098452264,0,840
0.8400000000000001,0.86,40143621.79075,4151117.6302400003,1595.0,44296334.42099,13644084.139010005,0.3893946850393701,319,2120,0.0027009178040437566,0.017949673180478885,209,631
0.8400000000000001,0.88,40418353.77774999,3045767.34624,2795.0,43466916.12398999,14473502.43601001,0.3863681102362205,559,1880,0.004732956277305517,0.01591763470721712,367,473
0.8400000000000001,0.9,40750801.3,2122389.4818800003,3990.0,42877180.78188,15063237.778120004,0.38230807086614177,798,1641,0.006756527923595353,0.013894063060927287,496,344
0.8400000000000001,0.92,40897908.786249995,1321916.2817600002,4985.0,42224810.068009995,15715608.491990007,0.37850639763779526,997,1442,0.008441426491008229,0.01220916449351441,592,248
0.8400000000000001,0.9400000000000001,41166367.37275,808014.8519600001,6010.0,41980392.22471,15960026.33529,0.37385580708661414,1202,1237,0.01017712602025265,0.01047346496426999,671,169
0.8400000000000001,0.9600000000000001,41447413.801,605925.57476,7065.0,42060404.37576,15880014.184240006,0.36813484251968503,1413,1026,0.011963626511328615,0.008686964473194026,727,113
0.8400000000000001,0.98,41899275.35124999,466207.4066,9200.0,42374682.75784999,15565735.802150011,0.3545890748031496,1840,599,0.015578961628340163,0.005071629356182477,787,53
0.86,0.86,41740463.075,4039151.828,0.0,45779614.903000005,12160803.656999998,0.36638779527559057,0,2120,0.0,0.017949673180478885,0,631
0.86,0.88,42015195.06200001,2933801.544,1200.0,44950196.606000006,12990221.953999996,0.36336122047244096,240,1880,0.0020320384732617604,0.01591763470721712,158,473
0.86,0.9,42347642.58425,2010423.6796400002,2395.0,44360461.263890006,13579957.296109997,0.3593011811023622,479,1641,0.004055610119551597,0.013894063060927287,287,344
0.86,0.92,42494750.0705,1209950.47952,3390.0,43708090.55002,14232328.00998,0.35549950787401574,678,1442,0.005740508686964473,0.01220916449351441,383,248
0.86,0.9400000000000001,42763208.657000005,696049.04972,4415.0,43463672.70672,14476745.85328,0.35084891732283463,883,1237,0.0074762082162088935,0.01047346496426999,462,169
0.86,0.9600000000000001,43044255.085250005,493959.77252,5470.0,43543684.85777,14396733.702229999,0.34512795275590546,1094,1026,0.009262708707284857,0.008686964473194026,518,113
0.86,0.98,43496116.63550001,354241.60436,7605.0,43857963.239860006,14082455.320139997,0.3315821850393701,1521,599,0.012878043824296406,0.005071629356182477,578,53
0.88,0.88,43572009.655,2868693.228,0.0,46440702.883,11499715.677000001,0.34621062992125984,0,1880,0.0,0.01591763470721712,0,473
0.88,0.9,43904457.17725,1945315.36364,1195.0,45850967.54089,12089451.019110002,0.3421505905511811,239,1641,0.0020235716462898364,0.013894063060927287,129,344
0.88,0.92,44051564.6635,1144842.1635200002,2190.0,45198596.827020004,12741821.732979998,0.3383489173228346,438,1442,0.003708470213702713,0.01220916449351441,225,248
0.88,0.9400000000000001,44320023.25,630940.7337200001,3215.0,44954178.98372,12986239.576280005,0.33369832677165356,643,1237,0.005444169742947133,0.01047346496426999,304,169
0.88,0.9600000000000001,44601069.67825,428851.45652,4270.0,45034191.13477,12906227.425230004,0.32797736220472445,854,1026,0.007230670234023098,0.008686964473194026,360,113
0.88,0.98,45052931.2285,289133.28836,6405.0,45348469.51686,12591949.043140002,0.31443159448818897,1281,599,0.010846005351034646,0.005071629356182477,420,53
0.9,0.9,45788326.47,1890822.7340000002,0.0,47679149.203999996,10261269.356000006,0.31914370078740156,0,1641,0.0,0.013894063060927287,0,344
0.9,0.92,45935433.95625,1090349.53388,995.0,47026778.49013,10913640.069870003,0.3153420275590551,199,1442,0.0016848985674128764,0.01220916449351441,96,248
0.9,0.9400000000000001,46203892.54275,576448.1040800001,2020.0,46782360.64683,11158057.913170002,0.31069143700787405,404,1237,0.0034205980966572967,0.01047346496426999,175,169
0.9,0.9600000000000001,46484938.971,374358.82688,3075.0,46862372.79788,11078045.762120001,0.3049704724409449,615,1026,0.005207098587733261,0.008686964473194026,231,113
0.9,0.98,46936800.52125,234640.65872,5210.0,47176651.17997,10763767.380029999,0.2914247047244094,1042,599,0.00882243370474481,0.005071629356182477,291,53
0.92,0.92,46769043.045,1042564.4360000001,0.0,47811607.481,10128811.079000004,0.2937992125984252,0,1442,0.0,0.01220916449351441,0,248
0.92,0.9400000000000001,47037501.6315,528663.0062000001,1025.0,47567189.6377,10373228.922300003,0.28914862204724406,205,1237,0.0017356995292444203,0.01047346496426999,79,169
0.92,0.9600000000000001,47318548.05975,326573.729,2080.0,47647201.78875,10293216.771250002,0.28342765748031495,416,1026,0.0035222000203203848,0.008686964473194026,135,113
0.92,0.98,47770409.61,186855.56084,4215.0,47961480.17084,9978938.38916,0.2698818897637795,843,599,0.0071375351373319336,0.005071629356182477,195,53
0.9400000000000001,0.9400000000000001,48558766.955,498583.76600000006,0.0,49057350.721,8883067.839000002,0.26279527559055116,0,1237,0.0,0.01047346496426999,0,169
0.9400000000000001,0.9600000000000001,48839813.38325,296494.4888,1055.0,49137362.872049995,8803055.687950008,0.25707431102362205,211,1026,0.0017865004910759643,0.008686964473194026,56,113
0.9400000000000001,0.98,49291674.9335,156776.32064,3190.0,49451641.25414,8488777.305860005,0.24352854330708662,638,599,0.005401835608087513,0.005071629356182477,116,53
0.9600000000000001,0.9600000000000001,50432409.81,285525.386,0.0,50717935.196,7222483.364,0.2246555118110236,0,1026,0.0,0.008686964473194026,0,113
0.9600000000000001,0.98,50884271.36025,145807.21784,2135.0,51032213.578090005,6908204.981909998,0.2111097440944882,427,599,0.003615335117011549,0.005071629356182477,60,53
0.98,0.98,53444820.144999996,138957.122,0.0,53583777.267,4356641.293000005,0.1343503937007874,0,599,0.0,0.005071629356182477,0,53
