t_low,t_high,fraud_loss,customer_loss,op_cost,total_cost,savings,effective_recall,n_challenged,n_blocked,challenge_rate,block_rate,legit_challenged,legit_blocked
0.02,0.02,105162.015,266626258.60899997,0.0,266731420.62399995,-208791002.06399995,0.9950787401574803,0,107463,0.0,0.909870626883869,0,103419
0.02,0.04,132797.40675,235781513.63087997,93920.0,236008231.03762996,-178067812.47762996,0.9940083661417323,18784,88679,0.15904087784062046,0.7508297490432485,18755,84664
0.02,0.06,208723.55099999998,210150333.58000004,164680.0,210523737.13100004,-152583318.57100004,0.992310531496063,32936,74527,0.2788634131472889,0.6310072137365801,32861,70558
0.02,0.08,278627.1045,189400992.79318002,216190.0,189895809.89768,-131955391.33768001,0.9906496062992126,43238,64225,0.36608866461205,0.543781962271819,43118,60301
0.02,0.1,379063.53900000005,171925579.09581998,256015.0,172560657.63481998,-114620239.07481998,0.9885088582677166,51203,56260,0.4335269414434247,0.47634368544044436,51025,52394
0.02,0.12000000000000001,501408.63375,155866315.67018,288640.0,156656364.30392998,-98715945.74392998,0.9868110236220473,57728,49735,0.4887729874352288,0.4210976394486402,57504,45915
0.02,0.13999999999999999,579562.92225,142338587.36556,314895.0,143233045.28781,-85292626.72781,0.9848548228346456,62979,44484,0.5332322958648017,0.3766383310190673,62702,40717
0.02,0.16,642239.871,129887712.32904,337125.0,130867077.20004001,-72926658.64004001,0.9828986220472441,67425,40038,0.5708758085819758,0.3389948183018932,67095,36324
0.02,0.18,719499.8047499999,119624094.00814,355530.0,120699123.81289,-62758705.25288999,0.9812376968503937,71106,36357,0.602042198665628,0.3078284282182409,70731,32688
0.02,0.19999999999999998,819392.82675,109806400.11156,371560.0,110997352.93831,-53056934.378309995,0.9794660433070866,74312,33151,0.6291868459376164,0.28068378094625257,73889,29530
0.02,0.22,916999.389,101107853.26540002,385390.0,102410242.65440002,-44469824.09440002,0.9778051181102363,77078,30385,0.6526060893419582,0.2572645375419108,76610,26809
0.02,0.24,1060300.8667499998,94059403.67068,397130.0,95516834.53743,-37576415.97743,0.9761811023622047,79426,28037,0.6724861990720358,0.23738442781183325,78914,24505
0.02,0.26,1130689.16775,87867070.65057999,407500.0,89405259.81832999,-31464841.258329988,0.9748892716535432,81500,25963,0.6900463982118061,0.21982422867206286,80953,22466
0.02,0.28,1224730.0004999998,81821727.98818,417225.0,83463682.98867999,-25523264.428679988,0.9732652559055118,83445,24018,0.7065143766721983,0.20335625021167067,82854,20565
0.02,0.30000000000000004,1351672.0597499998,76996458.40079999,425755.0,78773885.46055,-20833466.900549993,0.9714197834645669,85151,22312,0.7209587834863007,0.18891184339756834,84510,18909
0.02,0.32,1550623.3005,71926423.36772001,433785.0,73910831.66822001,-15970413.108220011,0.9689837598425196,86757,20706,0.7345565076032107,0.17531411928065838,86050,17369
0.02,0.34,1660576.67025,67487812.71598001,441155.0,69589544.38623,-11649125.826230004,0.9672859251968504,88231,19232,0.7470366105598266,0.1628340163240424,87478,15941
0.02,0.36000000000000004,1781880.6134999995,63658071.056320004,447485.0,65887436.66982,-7947018.109820001,0.9655511811023622,89497,17966,0.7577556135062824,0.15211501337758662,88697,14722
0.02,0.38,1855849.9964999997,60206254.94278,453305.0,62515409.93928,-4574991.379280001,0.9641486220472442,90661,16802,0.7676110001016019,0.14225962678226708,89823,13596
0.02,0.4,1940195.4262499998,56954134.746960014,458825.0,59353155.17321002,-1412736.613210015,0.962376968503937,91765,15698,0.776958377078606,0.13291224980526298,90879,12540
0.02,0.42000000000000004,2062023.2557499998,54350692.780300006,463700.0,56876416.03605001,1064002.5239499956,0.960568405511811,92740,14723,0.7852135333762319,0.12465709350763708,91805,11614
0.02,0.44,2151666.6217499995,51561408.740660004,468590.0,54181665.36241,3758753.197590001,0.9585383858267716,93718,13745,0.7934940901547736,0.1163765367290954,92728,10691
0.02,0.46,2329652.436,48967265.23624,473145.0,51770062.67224,6170355.887760006,0.9562130905511812,94629,12834,0.8012073695261963,0.10866325735767264,93576,9843
0.02,0.48000000000000004,2425597.1572499997,46782172.52654,477215.0,49684984.683790006,8255433.876209997,0.9542199803149606,95443,12020,0.8080993666813425,0.1017712602025265,94336,9083
0.02,0.5,2565467.832,44574101.3641,481175.0,47620744.196100004,10319674.363899998,0.9517101377952756,96235,11228,0.8148050936431063,0.0950655332407627,95060,8359
0.02,0.52,2699486.898,42067866.52578001,485030.0,45252383.42378001,12688035.136219993,0.9496432086614173,97006,10457,0.8213330172384598,0.08853760964540928,95775,7644
0.02,0.54,2856509.7795,39790287.41322,488690.0,43135487.19272,14804931.367279999,0.9470595472440945,97738,9725,0.8275307345819081,0.08233989230196091,96437,6982
0.02,0.56,3051891.97725,37776409.65352,492180.0,41320481.630770005,16619936.929229997,0.9445866141732284,98436,9027,0.833440579808311,0.07643004707555796,97068,6351
0.02,0.5800000000000001,3260119.2644999996,35873364.17594001,495280.0,39628763.44044001,18311655.119559996,0.9421136811023622,99056,8407,0.8386900125309039,0.07118061435296508,97621,5798
0.02,0.6,3404706.9240000006,34108025.999019995,498105.0,38010837.92302,19929580.636980005,0.9398622047244094,99621,7842,0.843473769770041,0.06639685711382802,98125,5294
0.02,0.62,3540381.318,32358890.70132,501000.0,36400272.019319996,21540146.540680006,0.9373892716535434,100200,7263,0.848376062586785,0.061494564297084026,98637,4782
0.02,0.64,3708458.4352499996,30933439.555180002,503635.0,35145532.990430005,22794885.569569997,0.9348794291338582,100727,6736,0.852838080400989,0.05703254648288007,99096,4323
0.02,0.66,3892882.4467499997,29323650.266420003,506315.0,33722847.71317001,24217570.846829996,0.9321481299212598,101263,6200,0.8573762996579402,0.05249432722592881,99558,3861
0.02,0.68,4025893.9057499995,27681560.5486,508755.0,32216209.45435,25724209.105650004,0.9300812007874015,101751,5712,0.8615081112202391,0.048362515663629896,99990,3429
0.02,0.7000000000000001,4276149.308999999,26152596.206019998,511365.0,30940110.515019998,27000308.044980004,0.9270915354330708,102273,5190,0.8659277948995834,0.04394283198428557,100431,2988
0.02,0.7200000000000001,4512571.236,24701191.26322,513745.0,29727507.49922,28212911.060780004,0.9238065944881889,102749,4714,0.8699580045382193,0.03991262234564975,100818,2601
0.02,0.74,4759559.31,23291577.5109,515860.0,28566996.820899997,29373421.739100005,0.9208907480314961,103172,4291,0.8735394723473431,0.03633115453652589,101162,2257
0.02,0.76,5024680.876499999,21964818.803859998,518085.0,27507584.680359997,30432833.879640006,0.9175319881889764,103617,3846,0.8773072103498493,0.03256341653401971,101516,1903
0.02,0.78,5300542.75725,20814941.93198,519900.0,26635384.68923,31305033.870770004,0.914431594488189,103980,3483,0.8803806685406577,0.0294899583432113,101795,1624
0.02,0.8,5532225.650249999,19782604.739180002,521820.0,25836650.38943,32103768.17057,0.9111097440944882,104364,3099,0.8836319300978766,0.026238696785992482,102089,1330
0.02,0.8200000000000001,5773636.79925,18936442.61128,523455.0,25233534.41053,32706884.14947,0.9081200787401574,104691,2772,0.8864005825176957,0.023470044366173334,102335,1084
0.02,0.8400000000000001,6068661.6532499995,18035279.92658,525120.0,24629061.57983,33311356.980170004,0.9048351377952756,105024,2439,0.8892200358993464,0.02065059098452264,102579,840
0.02,0.86,6350457.173999999,17162979.675699998,526715.0,24040151.849699996,33900266.710300006,0.9007750984251969,105343,2120,0.8919209537033901,0.017949673180478885,102788,631
0.02,0.88,6625189.160999999,16656566.933699995,527915.0,23809671.094699994,34130747.46530001,0.8977485236220472,105583,1880,0.8939529921766519,0.01591763470721712,102946,473
0.02,0.9,6957636.683249999,16232649.201520002,529110.0,23719395.88477,34221022.675230004,0.8936884842519685,105822,1641,0.8959765638229417,0.013894063060927287,103075,344
0.02,0.92,7104744.1695,15860521.401460001,530105.0,23495370.57096,34445047.98904,0.889886811023622,106021,1442,0.8976614623903546,0.01220916449351441,103171,248
0.02,0.9400000000000001,7373202.755999999,15626701.88656,531130.0,23531034.642559998,34409383.917440005,0.8852362204724409,106226,1237,0.8993971619195991,0.01047346496426999,103250,169
0.02,0.9600000000000001,7654249.18425,15542054.047960002,532185.0,23728488.232210003,34211930.32779,0.8795152559055118,106437,1026,0.9011836624106749,0.008686964473194026,103306,113
0.02,0.98,8106110.734499998,15489762.963879999,534320.0,24130193.698379997,33810224.86162001,0.8659694881889763,106864,599,0.9047989975276866,0.005071629356182477,103366,53
0.04,0.04,289397.96,233920441.61099997,0.0,234209839.57099998,-176269421.01099998,0.9879429133858267,0,88679,0.0,0.7508297490432485,0,84664
0.04,0.06,365324.10425000003,208289261.56012005,70760.0,208725345.66437006,-150784927.10437006,0.9862450787401574,14152,74527,0.11982253530666848,0.6310072137365801,14106,70558
0.04,0.08,435227.65775,187539920.77330002,122270.0,188097418.43105003,-130156999.87105003,0.9845841535433071,24454,64225,0.20704778677142954,0.543781962271819,24363,60301
0.04,0.1,535664.09225,170064507.07593998,162095.0,170762266.16818997,-112821847.60818997,0.9824434055118111,32419,56260,0.2744860636028042,0.47634368544044436,32270,52394
0.04,0.12000000000000001,658009.1869999999,154005243.6503,194720.0,154857972.8373,-96917554.2773,0.9807455708661418,38944,49735,0.3297321095946083,0.4210976394486402,38749,45915
0.04,0.13999999999999999,736163.4755,140477515.34567997,220975.0,141434653.82117996,-83494235.26117995,0.9787893700787402,44195,44484,0.37419141802418127,0.3766383310190673,43947,40717
0.04,0.16,798840.4242499999,128026640.30916,243205.0,129068685.73341,-71128267.17341,0.9768331692913386,48641,40038,0.41183493074135535,0.3389948183018932,48340,36324
0.04,0.18,876100.358,117763021.98826,261610.0,118900732.34626,-60960313.786259994,0.9751722440944882,52322,36357,0.4430013208250076,0.3078284282182409,51976,32688
0.04,0.19999999999999998,975993.3799999999,107945328.09168,277640.0,109198961.47168,-51258542.91168,0.9734005905511811,55528,33151,0.470145968096996,0.28068378094625257,55134,29530
0.04,0.22,1073599.94225,99246781.24552001,291470.0,100611851.18777001,-42671432.62777001,0.9717396653543308,58294,30385,0.49356521150133775,0.2572645375419108,57855,26809
0.04,0.24,1216901.4200000002,92198331.6508,303210.0,93718443.0708,-35778024.510800004,0.9701156496062993,60642,28037,0.5134453212314153,0.23738442781183325,60159,24505
0.04,0.26,1287289.721,86005998.63069999,313580.0,87606868.3517,-29666449.79169999,0.9688238188976378,62716,25963,0.5310055203711856,0.21982422867206286,62198,22466
0.04,0.28,1381330.55375,79960655.9683,323305.0,81665291.52205,-23724872.96204999,0.9671998031496063,64661,24018,0.5474734988315779,0.20335625021167067,64099,20565
0.04,0.30000000000000004,1508272.613,75135386.38092,331835.0,76975493.99392,-19035075.433919996,0.9653543307086614,66367,22312,0.5619179056456802,0.18891184339756834,65755,18909
0.04,0.32,1707223.85375,70065351.34784,339865.0,72112440.20159,-14172021.64159,0.9629183070866142,67973,20706,0.5755156297625902,0.17531411928065838,67295,17369
0.04,0.34,1817177.2234999998,65626740.696100004,347235.0,67791152.91960001,-9850734.359600008,0.9612204724409449,69447,19232,0.5879957327192061,0.1628340163240424,68723,15941
0.04,0.36000000000000004,1938481.16675,61796999.03644,353565.0,64089045.20319,-6148626.6431899965,0.9594857283464566,70713,17966,0.5987147356656619,0.15211501337758662,69942,14722
0.04,0.38,2012450.54975,58345182.9229,359385.0,60717018.47265,-2776599.9126499966,0.9580831692913386,71877,16802,0.6085701222609815,0.14225962678226708,71068,13596
0.04,0.4,2096795.9794999997,55093062.72708001,364905.0,57554763.70658001,385654.85341998935,0.9563115157480314,72981,15698,0.6179174992379856,0.13291224980526298,72124,12540
0.04,0.42000000000000004,2218623.809,52489620.76042001,369780.0,55078024.56942001,2862393.9905799925,0.9545029527559055,73956,14723,0.6261726555356115,0.12465709350763708,73050,11614
0.04,0.44,2308267.175,49700336.72078,374670.0,52383273.89578,5557144.664220005,0.9524729330708661,74934,13745,0.6344532123141532,0.1163765367290954,73973,10691
0.04,0.46,2486252.98925,47106193.21636,379225.0,49971671.20561,7968747.354390003,0.9501476377952757,75845,12834,0.6421664916855759,0.10866325735767264,74821,9843
0.04,0.48000000000000004,2582197.7105,44921100.50666,383295.0,47886593.21716,10053825.342840001,0.9481545275590552,76659,12020,0.649058488840722,0.1017712602025265,75581,9083
0.04,0.5,2722068.38525,42713029.344220005,387255.0,45822352.72947001,12118065.830529995,0.94564468503937,77451,11228,0.6557642158024859,0.0950655332407627,76305,8359
0.04,0.52,2856087.4512499995,40206794.50590001,391110.0,43453991.95715001,14486426.60284999,0.9435777559055117,78222,10457,0.6622921393978393,0.08853760964540928,77020,7644
0.04,0.54,3013110.3327499996,37929215.39334001,394770.0,41337095.72609001,16603322.833909996,0.9409940944881889,78954,9725,0.6684898567412876,0.08233989230196091,77682,6982
0.04,0.56,3208492.5305,35915337.633640006,398260.0,39522090.16414001,18418328.395859994,0.9385211614173228,79652,9027,0.6743997019676906,0.07643004707555796,78313,6351
0.04,0.5800000000000001,3416719.81775,34012292.15606,401360.0,37830371.97381,20110046.58619,0.9360482283464566,80272,8407,0.6796491346902834,0.07118061435296508,78866,5798
0.04,0.6,3561307.4772499995,32246953.97914,404185.0,36212446.45639,21727972.10361,0.9337967519685039,80837,7842,0.6844328919294206,0.06639685711382802,79370,5294
0.04,0.62,3696981.87125,30497818.68144,407080.0,34601880.55269,23338538.007310003,0.9313238188976377,81416,7263,0.6893351847461645,0.061494564297084026,79882,4782
0.04,0.64,3865058.9884999995,29072367.5353,409715.0,33347141.5238,24593277.0362,0.9288139763779527,81943,6736,0.6937972025603685,0.05703254648288007,80341,4323
0.04,0.66,4049483.0,27462578.246540003,412395.0,31924456.246540003,26015962.31346,0.9260826771653543,82479,6200,0.6983354218173198,0.05249432722592881,80803,3861
0.04,0.68,4182494.459,25820488.52872,414835.0,30417817.987719998,27522600.572280005,0.924015748031496,82967,5712,0.7024672333796187,0.048362515663629896,81235,3429
0.04,0.7000000000000001,4432749.86225,24291524.18614,417445.0,29141719.04839,28798699.51161,0.9210260826771653,83489,5190,0.706886917058963,0.04394283198428557,81676,2988
0.04,0.7200000000000001,4669171.789249999,22840119.24334,419825.0,27929116.03259,30011302.52741,0.9177411417322834,83965,4714,0.7109171266975988,0.03991262234564975,82063,2601
0.04,0.74,4916159.86325,21430505.491019998,421940.0,26768605.354269996,31171813.205730006,0.9148252952755905,84388,4291,0.7144985945067227,0.03633115453652589,82407,2257
0.04,0.76,5181281.429749999,20103746.78398,424165.0,25709193.21373,32231225.346270002,0.9114665354330708,84833,3846,0.7182663325092289,0.03256341653401971,82761,1903
0.04,0.78,5457143.3105,18953869.912100002,425980.0,24836993.2226,33103425.3374,0.9083661417322835,85196,3483,0.7213397907000373,0.0294899583432113,83040,1624
0.04,0.8,5688826.203500001,17921532.7193,427900.0,24038258.922800004,33902159.6372,0.9050442913385827,85580,3099,0.7245910522572561,0.026238696785992482,83334,1330
0.04,0.8200000000000001,5930237.3525,17075370.5914,429535.0,23435142.9439,34505275.6161,0.9020546259842519,85907,2772,0.7273597046770752,0.023470044366173334,83580,1084
0.04,0.8400000000000001,6225262.2065,16174207.9067,431200.0,22830670.1132,35109748.4468,0.89876968503937,86240,2439,0.7301791580587259,0.02065059098452264,83824,840
0.04,0.86,6507057.727249999,15301907.655820003,432795.0,22241760.38307,35698658.17693,0.8947096456692913,86559,2120,0.7328800758627697,0.017949673180478885,84033,631
0.04,0.88,6781789.71425,14795494.913819999,433995.0,22011279.628069997,35929138.931930006,0.8916830708661416,86799,1880,0.7349121143360314,0.01591763470721712,84191,473
0.04,0.9,7114237.236500001,14371577.181639997,435190.0,21921004.418139998,36019414.14186001,0.8876230314960629,87038,1641,0.7369356859823213,0.013894063060927287,84320,344
0.04,0.92,7261344.72275,13999449.381580003,436185.0,21696979.104330003,36243439.45567,0.8838213582677165,87237,1442,0.7386205845497341,0.01220916449351441,84416,248
0.04,0.9400000000000001,7529803.309249999,13765629.866680002,437210.0,21732643.17593,36207775.38407,0.8791707677165354,87442,1237,0.7403562840789786,0.01047346496426999,84495,169
0.04,0.9600000000000001,7810849.737499999,13680982.028079998,438265.0,21930096.76558,36010321.794420004,0.8734498031496063,87653,1026,0.7421427845700546,0.008686964473194026,84551,113
0.04,0.98,8262711.287749999,13628690.944,440400.0,22331802.23175,35608616.328250006,0.8599040354330709,88080,599,0.7457581196870661,0.005071629356182477,84611,53
0.06,0.06,795572.255,206734263.25900003,0.0,207529835.51400003,-149589416.95400003,0.9766240157480315,0,74527,0.0,0.6310072137365801,0,70558
0.06,0.08,865475.8085,185984922.47218,51510.0,186901908.28068,-128961489.72068,0.9749630905511811,10302,64225,0.08722525146476107,0.543781962271819,10257,60301
0.06,0.1,965912.243,168509508.77481997,91335.0,169566756.01781997,-111626337.45781997,0.9728223425196851,18267,56260,0.15466352829613575,0.47634368544044436,18164,52394
0.06,0.12000000000000001,1088257.33775,152450245.34918,123960.0,153662462.68693,-95722044.12693,0.9711245078740157,24792,49735,0.20990957428793985,0.4210976394486402,24643,45915
0.06,0.13999999999999999,1166411.62625,138922517.04456,150215.0,140239143.67080998,-82298725.11080998,0.9691683070866142,30043,44484,0.2543688827175128,0.3766383310190673,29841,40717
0.06,0.16,1229088.575,126471642.00804,172445.0,127873175.58304,-69932757.02304,0.9672121062992126,34489,40038,0.2920123954346869,0.3389948183018932,34234,36324
0.06,0.18,1306348.50875,116208023.68714,190850.0,117705222.19589001,-59764803.63589001,0.9655511811023622,38170,36357,0.3231787855183392,0.3078284282182409,37870,32688
0.06,0.19999999999999998,1406241.53075,106390329.79056,206880.0,108003451.32131001,-50063032.76131001,0.9637795275590552,41376,33151,0.3503234327903275,0.28068378094625257,41028,29530
0.06,0.22,1503848.0929999999,97691782.94440001,220710.0,99416341.0374,-41475922.477400005,0.9621186023622048,44142,30385,0.3737426761946693,0.2572645375419108,43749,26809
0.06,0.24,1647149.57075,90643333.34968,232450.0,92522932.92043,-34582514.36043,0.9604945866141732,46490,28037,0.39362278592474687,0.23738442781183325,46053,24505
0.06,0.26,1717537.87175,84451000.32958,242820.0,86411358.20132999,-28470939.64132999,0.9592027559055117,48564,25963,0.4111829850645172,0.21982422867206286,48092,22466
0.06,0.28,1811578.7045,78405657.66718,252545.0,80469781.37168,-22529362.811680004,0.9575787401574803,50509,24018,0.4276509635249094,0.20335625021167067,49993,20565
0.06,0.30000000000000004,1938520.76375,73580388.0798,261075.0,75779983.84355,-17839565.283549994,0.9557332677165354,52215,22312,0.44209537033901175,0.18891184339756834,51649,18909
0.06,0.32,2137472.0045,68510353.04672,269105.0,70916930.05122,-12976511.491219997,0.9532972440944881,53821,20706,0.4556930944559217,0.17531411928065838,53189,17369
0.06,0.34,2247425.37425,64071742.39498,276475.0,66595642.76923,-8655224.209229998,0.9515994094488189,55295,19232,0.46817319741253766,0.1628340163240424,54617,15941
0.06,0.36000000000000004,2368729.3175,60242000.73532,282805.0,62893535.052820005,-4953116.492820002,0.9498646653543307,56561,17966,0.47889220035899344,0.15211501337758662,55836,14722
0.06,0.38,2442698.7005,56790184.62178,288625.0,59521508.32228,-1581089.7622799948,0.9484621062992127,57725,16802,0.48874758695431303,0.14225962678226708,56962,13596
0.06,0.4,2527044.13025,53538064.42596001,294145.0,56359253.55621001,1581165.0037899911,0.9466904527559055,58829,15698,0.4980949639313171,0.13291224980526298,58018,12540
0.06,0.42000000000000004,2648871.95975,50934622.45930001,299020.0,53882514.41905001,4057904.1409499943,0.9448818897637795,59804,14723,0.506350120228943,0.12465709350763708,58944,11614
0.06,0.44,2738515.32575,48145338.41966,303910.0,51187763.74541,6752654.81459,0.9428518700787402,60782,13745,0.5146306770074847,0.1163765367290954,59867,10691
0.06,0.46,2916501.1399999997,45551194.915240005,308465.0,48776161.055240005,9164257.504759997,0.9405265748031496,61693,12834,0.5223439563789074,0.10866325735767264,60715,9843
0.06,0.48000000000000004,3012445.8612499996,43366102.20554,312535.0,46691083.06679,11249335.493210003,0.9385334645669291,62507,12020,0.5292359535340536,0.1017712602025265,61475,9083
0.06,0.5,3152316.536,41158031.04310001,316495.0,44626842.579100005,13313575.980899997,0.9360236220472441,63299,11228,0.5359416804958174,0.0950655332407627,62199,8359
0.06,0.52,3286335.602,38651796.204780005,320350.0,42258481.80678,15681936.75322,0.9339566929133858,64070,10457,0.5424696040911708,0.08853760964540928,62914,7644
0.06,0.54,3443358.4834999996,36374217.09222001,324010.0,40141585.575720005,17798832.984279998,0.931373031496063,64802,9725,0.5486673214346192,0.08233989230196091,63576,6982
0.06,0.56,3638740.68125,34360339.33252,327500.0,38326580.01377,19613838.546230003,0.9289000984251969,65500,9027,0.5545771666610221,0.07643004707555796,64207,6351
0.06,0.5800000000000001,3846967.9685,32457293.85494,330600.0,36634861.82344,21305556.736560002,0.9264271653543307,66120,8407,0.559826599383615,0.07118061435296508,64760,5798
0.06,0.6,3991555.628,30691955.67802,333425.0,35016936.30602,22923482.253980003,0.9241756889763779,66685,7842,0.564610356622752,0.06639685711382802,65264,5294
0.06,0.62,4127230.022,28942820.380319998,336320.0,33406370.402319998,24534048.157680005,0.9217027559055119,67264,7263,0.5695126494394961,0.061494564297084026,65776,4782
0.06,0.64,4295307.139250001,27517369.23418,338955.0,32151631.37343,25788787.186570004,0.9191929133858268,67791,6736,0.5739746672537,0.05703254648288007,66235,4323
0.06,0.66,4479731.15075,25907579.945420004,341635.0,30728946.096170004,27211472.463829998,0.9164616141732284,68327,6200,0.5785128865106512,0.05249432722592881,66697,3861
0.06,0.68,4612742.60975,24265490.2276,344075.0,29222307.83735,28718110.722650003,0.91439468503937,68815,5712,0.5826446980729502,0.048362515663629896,67129,3429
0.06,0.7000000000000001,4862998.012999999,22736525.885020003,346685.0,27946208.898020003,29994209.66198,0.9114050196850393,69337,5190,0.5870643817522945,0.04394283198428557,67570,2988
0.06,0.7200000000000001,5099419.9399999995,21285120.942220002,349065.0,26733605.88222,31206812.677780002,0.9081200787401574,69813,4714,0.5910945913909303,0.03991262234564975,67957,2601
0.06,0.74,5346408.014,19875507.1899,351180.0,25573095.203900002,32367323.3561,0.9052042322834646,70236,4291,0.5946760592000542,0.03633115453652589,68301,2257
0.06,0.76,5611529.580499999,18548748.482860003,353405.0,24513683.063360002,33426735.49664,0.9018454724409448,70681,3846,0.5984437972025604,0.03256341653401971,68655,1903
0.06,0.78,5887391.46125,17398871.61098,355220.0,23641483.07223,34298935.487770006,0.8987450787401575,71044,3483,0.6015172553933688,0.0294899583432113,68934,1624
0.06,0.8,6119074.354250001,16366534.418180004,357140.0,22842748.772430003,35097669.78757,0.8954232283464567,71428,3099,0.6047685169505876,0.026238696785992482,69228,1330
0.06,0.8200000000000001,6360485.50325,15520372.29028,358775.0,22239632.79353,35700785.76647,0.892433562992126,71755,2772,0.6075371693704067,0.023470044366173334,69474,1084
0.06,0.8400000000000001,6655510.357249999,14619209.605580002,360440.0,21635159.96283,36305258.59717,0.8891486220472441,72088,2439,0.6103566227520575,0.02065059098452264,69718,840
0.06,0.86,6937305.878,13746909.354700003,362035.0,21046250.2327,36894168.3273,0.8850885826771654,72407,2120,0.6130575405561012,0.017949673180478885,69927,631
0.06,0.88,7212037.864999999,13240496.612699999,363235.0,20815769.4777,37124649.08230001,0.8820620078740157,72647,1880,0.615089579029363,0.01591763470721712,70085,473
0.06,0.9,7544485.387250001,12816578.88052,364430.0,20725494.26777,37214924.29223,0.878001968503937,72886,1641,0.6171131506756528,0.013894063060927287,70214,344
0.06,0.92,7691592.8735,12444451.08046,365425.0,20501468.95396,37438949.60604,0.8742002952755905,73085,1442,0.6187980492430657,0.01220916449351441,70310,248
0.06,0.9400000000000001,7960051.46,12210631.565559998,366450.0,20537133.02556,37403285.53444,0.8695497047244094,73290,1237,0.62053374877231,0.01047346496426999,70389,169
0.06,0.9600000000000001,8241097.88825,12125983.72696,367505.0,20734586.61521,37205831.944790006,0.8638287401574803,73501,1026,0.622320249263386,0.008686964473194026,70445,113
0.06,0.98,8692959.4385,12073692.64288,369640.0,21136292.081380002,36804126.47862,0.8502829724409449,73928,599,0.6259355843803976,0.005071629356182477,70505,53
0.08,0.08,1261595.945,184719419.65600002,0.0,185981015.601,-128040597.04100001,0.9655511811023622,0,64225,0.0,0.543781962271819,0,60301
0.08,0.1,1362032.3795,167244005.95863998,39825.0,168645863.33813998,-110705444.77813998,0.9634104330708662,7965,56260,0.06743827683137467,0.47634368544044436,7907,52394
0.08,0.12000000000000001,1484377.47425,151184742.533,72450.0,152741570.00724998,-94801151.44724998,0.9617125984251969,14490,49735,0.12268432282317879,0.4210976394486402,14386,45915
0.08,0.13999999999999999,1562531.76275,137657014.22838,98705.0,139318250.99113,-81377832.43112999,0.9597563976377952,19741,44484,0.16714363125275172,0.3766383310190673,19584,40717
0.08,0.16,1625208.7115,125206139.19186,120935.0,126952282.90336001,-69011864.34336,0.9578001968503937,24187,40038,0.20478714396992584,0.3389948183018932,23977,36324
0.08,0.18,1702468.64525,114942520.87096,139340.0,116784329.51620999,-58843910.95620999,0.9561392716535433,27868,36357,0.23595353405357808,0.3078284282182409,27613,32688
0.08,0.19999999999999998,1802361.66725,105124826.97438,155370.0,107082558.64163,-49142140.08162999,0.9543676181102363,31074,33151,0.26309818132556645,0.28068378094625257,30771,29530
0.08,0.22,1899968.2295,96426280.12822002,169200.0,98495448.35772002,-40555029.797720015,0.9527066929133858,33840,30385,0.2865174247299082,0.2572645375419108,33492,26809
0.08,0.24,2043269.70725,89377830.5335,180940.0,91602040.24075,-33661621.68075,0.9510826771653543,36188,28037,0.3063975344599858,0.23738442781183325,35796,24505
0.08,0.26,2113658.00825,83185497.51339999,191310.0,85490465.52164999,-27550046.961649984,0.9497908464566929,38262,25963,0.32395773359975616,0.21982422867206286,37835,22466
0.08,0.28,2207698.841,77140154.851,201035.0,79548888.692,-21608470.132,0.9481668307086614,40207,24018,0.3404257120601483,0.20335625021167067,39736,20565
0.08,0.30000000000000004,2334640.90025,72314885.26361999,209565.0,74859091.16386999,-16918672.60386999,0.9463213582677165,41913,22312,0.3548701188742507,0.18891184339756834,41392,18909
0.08,0.32,2533592.141,67244850.23054,217595.0,69996037.37154001,-12055618.811540008,0.9438853346456693,43519,20706,0.36846784299116064,0.17531411928065838,42932,17369
0.08,0.34,2643545.5107500004,62806239.5788,224965.0,65674750.08955,-7734331.529550001,0.9421875000000001,44993,19232,0.3809479459477766,0.1628340163240424,44360,15941
0.08,0.36000000000000004,2764849.454,58976497.91914,231295.0,61972642.37314001,-4032223.813140005,0.9404527559055118,46259,17966,0.3916669488942324,0.15211501337758662,45579,14722
0.08,0.38,2838818.837,55524681.8056,237115.0,58600615.6426,-660197.0825999975,0.9390501968503937,47423,16802,0.40152233548955196,0.14225962678226708,46705,13596
0.08,0.4,2923164.26675,52272561.60978001,242635.0,55438360.876530014,2502057.6834699884,0.9372785433070866,48527,15698,0.410869712466556,0.13291224980526298,47761,12540
0.08,0.42000000000000004,3044992.0962500004,49669119.64312001,247510.0,52961621.73937001,4978796.820629992,0.9354699803149606,49502,14723,0.4191248687641819,0.12465709350763708,48687,11614
0.08,0.44,3134635.46225,46879835.60348,252400.0,50266871.06573,7673547.494270004,0.9334399606299213,50480,13745,0.4274054255427236,0.1163765367290954,49610,10691
0.08,0.46,3312621.2765,44285692.09906,256955.0,47855268.37556,10085150.184440002,0.9311146653543307,51391,12834,0.4351187049141464,0.10866325735767264,50458,9843
0.08,0.48000000000000004,3408565.99775,42100599.389359996,261025.0,45770190.387109995,12170228.172890007,0.9291215551181102,52205,12020,0.4420107020692925,0.1017712602025265,51218,9083
0.08,0.5,3548436.6725000003,39892528.22692001,264985.0,43705949.89942001,14234468.660579994,0.9266117125984252,52997,11228,0.4487164290310563,0.0950655332407627,51942,8359
0.08,0.52,3682455.7385,37386293.38860001,268840.0,41337589.127100006,16602829.432899997,0.9245447834645669,53768,10457,0.4552443526264097,0.08853760964540928,52657,7644
0.08,0.54,3839478.62,35108714.27604,272500.0,39220692.89604,18719725.663960002,0.9219611220472441,54500,9725,0.4614420699698581,0.08233989230196091,53319,6982
0.08,0.56,4034860.8177499995,33094836.516340002,275990.0,37405687.33409,20534731.22591,0.919488188976378,55198,9027,0.46735191519626107,0.07643004707555796,53950,6351
0.08,0.5800000000000001,4243088.1049999995,31191791.03876,279090.0,35713969.143759996,22226449.416240007,0.9170152559055118,55818,8407,0.47260134791885394,0.07118061435296508,54503,5798
0.08,0.6,4387675.7645000005,29426452.86184,281915.0,34096043.62634,23844374.93366,0.914763779527559,56383,7842,0.477385105157991,0.06639685711382802,55007,5294
0.08,0.62,4523350.158500001,27677317.56414,284810.0,32485477.72264,25454940.837360002,0.912290846456693,56962,7263,0.48228739797473497,0.061494564297084026,55519,4782
0.08,0.64,4691427.27575,26251866.417999998,287445.0,31230738.693749998,26709679.866250005,0.9097810039370079,57489,6736,0.48674941578893893,0.05703254648288007,55978,4323
0.08,0.66,4875851.28725,24642077.129240002,290125.0,29808053.416490003,28132365.14351,0.9070497047244095,58025,6200,0.4912876350458902,0.05249432722592881,56440,3861
0.08,0.68,5008862.74625,22999987.411420003,292565.0,28301415.157670002,29639003.40233,0.9049827755905512,58513,5712,0.4954194466081891,0.048362515663629896,56872,3429
0.08,0.7000000000000001,5259118.1495,21471023.06884,295175.0,27025316.218340002,30915102.34166,0.9019931102362204,59035,5190,0.49983913028753346,0.04394283198428557,57313,2988
0.08,0.7200000000000001,5495540.0764999995,20019618.126040004,297555.0,25812713.202540003,32127705.35746,0.8987081692913386,59511,4714,0.5038693399261692,0.03991262234564975,57700,2601
0.08,0.74,5742528.1504999995,18610004.37372,299670.0,24652202.52422,33288216.03578,0.8957923228346457,59934,4291,0.5074508077352932,0.03633115453652589,58044,2257
0.08,0.76,6007649.717,17283245.666680004,301895.0,23592790.383680005,34347628.17632,0.892433562992126,60379,3846,0.5112185457377993,0.03256341653401971,58398,1903
0.08,0.78,6283511.597750001,16133368.794800002,303710.0,22720590.392550003,35219828.167449996,0.8893331692913385,60742,3483,0.5142920039286077,0.0294899583432113,58677,1624
0.08,0.8,6515194.49075,15101031.602000002,305630.0,21921856.09275,36018562.467250004,0.8860113188976378,61126,3099,0.5175432654858265,0.026238696785992482,58971,1330
0.08,0.8200000000000001,6756605.639750001,14254869.4741,307265.0,21318740.11385,36621678.446150005,0.8830216535433071,61453,2772,0.5203119179056457,0.023470044366173334,59217,1084
0.08,0.8400000000000001,7051630.49375,13353706.7894,308930.0,20714267.283150002,37226151.27685,0.8797367125984252,61786,2439,0.5231313712872964,0.02065059098452264,59461,840
0.08,0.86,7333426.0145000005,12481406.538520003,310525.0,20125357.553020004,37815061.00698,0.8756766732283464,62105,2120,0.5258322890913402,0.017949673180478885,59670,631
0.08,0.88,7608158.0015,11974993.796520002,311725.0,19894876.79802,38045541.76198,0.8726500984251968,62345,1880,0.5278643275646019,0.01591763470721712,59828,473
0.08,0.9,7940605.52375,11551076.064340003,312920.0,19804601.588090003,38135816.97191,0.8685900590551181,62584,1641,0.5298878992108917,0.013894063060927287,59957,344
0.08,0.92,8087713.010000001,11178948.26428,313915.0,19580576.27428,38359842.285720006,0.8647883858267716,62783,1442,0.5315727977783046,0.01220916449351441,60053,248
0.08,0.9400000000000001,8356171.596500001,10945128.74938,314940.0,19616240.34588,38324178.21412,0.8601377952755905,62988,1237,0.533308497307549,0.01047346496426999,60132,169
0.08,0.9600000000000001,8637218.024749998,10860480.91078,315995.0,19813693.93553,38126724.62447,0.8544168307086614,63199,1026,0.535094997798625,0.008686964473194026,60188,113
0.08,0.98,9089079.575,10808189.826700002,318130.0,20215399.4017,37725019.1583,0.8408710629921259,63626,599,0.5387103329156365,0.005071629356182477,60248,53
0.1,0.1,1931172.1749999998,166173977.21199998,0.0,168105149.387,-110164730.82699999,0.9512795275590551,0,56260,0.0,0.47634368544044436,0,52394
0.1,0.12000000000000001,2053517.2697499997,150114713.78636,32625.0,152200856.05611,-94260437.49610999,0.9495816929133858,6525,49735,0.05524604599180411,0.4210976394486402,6479,45915
0.1,0.13999999999999999,2131671.55825,136586985.48173997,58880.0,138777537.03998998,-80837118.47998998,0.9476254921259842,11776,44484,0.09970535442137704,0.3766383310190673,11677,40717
0.1,0.16,2194348.5069999998,124136110.44522,81110.0,126411568.95222,-68471150.39221999,0.9456692913385827,16222,40038,0.13734886713855116,0.3389948183018932,16070,36324
0.1,0.18,2271608.4407499996,113872492.12432,99515.0,116243615.56507,-58303197.00507,0.9440083661417322,19903,36357,0.1685152572222034,0.3078284282182409,19706,32688
0.1,0.19999999999999998,2371501.46275,104054798.22774,115545.0,106541844.69049,-48601426.130490005,0.9422367125984252,23109,33151,0.19565990449419177,0.28068378094625257,22864,29530
0.1,0.22,2469108.025,95356251.38158001,129375.0,97954734.40658002,-40014315.84658001,0.9405757874015748,25875,30385,0.21907914789853355,0.2572645375419108,25585,26809
0.1,0.24,2612409.50275,88307801.78686,141115.0,91061326.28961,-33120907.729609996,0.9389517716535434,28223,28037,0.2389592576286111,0.23738442781183325,27889,24505
0.1,0.26,2682797.80375,82115468.76675999,151485.0,84949751.57050999,-27009333.010509983,0.9376599409448819,30297,25963,0.2565194567683815,0.21982422867206286,29928,22466
0.1,0.28,2776838.6365,76070126.10436,161210.0,79008174.74086,-21067756.180859998,0.9360359251968504,32242,24018,0.27298743522877367,0.20335625021167067,31829,20565
0.1,0.30000000000000004,2903780.69575,71244856.51697999,169740.0,74318377.21272999,-16377958.652729988,0.9341904527559055,33948,22312,0.28743184204287603,0.18891184339756834,33485,18909
0.1,0.32,3102731.9365,66174821.4839,177770.0,69455323.42040001,-11514904.860400006,0.9317544291338583,35554,20706,0.30102956615978593,0.17531411928065838,35025,17369
0.1,0.34,3212685.3062499994,61736210.83216,185140.0,65134036.13841,-7193617.57841,0.930056594488189,37028,19232,0.31350966911640193,0.1628340163240424,36453,15941
0.1,0.36000000000000004,3333989.2495,57906469.1725,191470.0,61431928.422,-3491509.861999996,0.9283218503937007,38294,17966,0.3242286720628577,0.15211501337758662,37672,14722
0.1,0.38,3407958.6325,54454653.05896,197290.0,58059901.69146,-119483.1314599961,0.9269192913385826,39458,16802,0.33408405865817725,0.14225962678226708,38798,13596
0.1,0.4,3492304.0622499995,51202532.86314002,202810.0,54897646.92539002,3042771.6346099824,0.9251476377952756,40562,15698,0.34343143563518136,0.13291224980526298,39854,12540
0.1,0.42000000000000004,3614131.8917499995,48599090.89648001,207685.0,52420907.78823001,5519510.771769993,0.9233390748031496,41537,14723,0.35168659193280727,0.12465709350763708,40780,11614
0.1,0.44,3703775.25775,45809806.85684,212575.0,49726157.11459,8214261.445410006,0.9213090551181102,42515,13745,0.35996714871134894,0.1163765367290954,41703,10691
0.1,0.46,3881761.0719999997,43215663.35242,217130.0,47314554.42442,10625864.135580003,0.9189837598425197,43426,12834,0.3676804280827717,0.10866325735767264,42551,9843
0.1,0.48000000000000004,3977705.7932499996,41030570.64272,221200.0,45229476.43597,12710942.124030001,0.9169906496062993,44240,12020,0.37457242523791784,0.1017712602025265,43311,9083
0.1,0.5,4117576.468,38822499.480280004,225160.0,43165235.94828001,14775182.611719996,0.9144808070866142,45032,11228,0.38127815219968164,0.0950655332407627,44035,8359
0.1,0.52,4251595.534,36316264.64196001,229015.0,40796875.17596001,17143543.38403999,0.912413877952756,45803,10457,0.38780607579503507,0.08853760964540928,44750,7644
0.1,0.54,4408618.4155,34038685.529400006,232675.0,38679978.944900006,19260439.615099996,0.9098302165354332,46535,9725,0.39400379313848344,0.08233989230196091,45412,6982
0.1,0.56,4604000.61325,32024807.769700006,236165.0,36864973.38295001,21075445.177049994,0.9073572834645669,47233,9027,0.39991363836488636,0.07643004707555796,46043,6351
0.1,0.5800000000000001,4812227.9004999995,30121762.292120002,239265.0,35173255.19262,22767163.36738,0.9048843503937007,47853,8407,0.40516307108747923,0.07118061435296508,46596,5798
0.1,0.6,4956815.56,28356424.115199998,242090.0,33555329.6752,24385088.884800002,0.9026328740157481,48418,7842,0.40994682832661633,0.06639685711382802,47100,5294
0.1,0.62,5092489.954,26607288.817500003,244985.0,31944763.771500003,25995654.7885,0.9001599409448819,48997,7263,0.4148491211433603,0.061494564297084026,47612,4782
0.1,0.64,5260567.07125,25181837.67136,247620.0,30690024.74261,27250393.817390002,0.8976500984251969,49524,6736,0.4193111389575643,0.05703254648288007,48071,4323
0.1,0.66,5444991.08275,23572048.382600002,250300.0,29267339.465350002,28673079.09465,0.8949187992125984,50060,6200,0.4238493582145155,0.05249432722592881,48533,3861
0.1,0.68,5578002.54175,21929958.664780002,252740.0,27760701.20653,30179717.35347,0.8928518700787402,50548,5712,0.42798116977681444,0.048362515663629896,48965,3429
0.1,0.7000000000000001,5828257.945,20400994.3222,255350.0,26484602.2672,31455816.2928,0.8898622047244094,51070,5190,0.43240085345615875,0.04394283198428557,49406,2988
0.1,0.7200000000000001,6064679.8719999995,18949589.3794,257730.0,25271999.2514,32668419.3086,0.8865772637795276,51546,4714,0.43643106309479457,0.03991262234564975,49793,2601
0.1,0.74,6311667.9459999995,17539975.62708,259845.0,24111488.57308,33828929.98692,0.8836614173228347,51969,4291,0.44001253090391845,0.03633115453652589,50137,2257
0.1,0.76,6576789.512499999,16213216.92004,262070.0,23052076.43254,34888342.12746,0.880302657480315,52414,3846,0.44378026890642464,0.03256341653401971,50491,1903
0.1,0.78,6852651.39325,15063340.04816,263885.0,22179876.441409998,35760542.118590005,0.8772022637795275,52777,3483,0.44685372709723303,0.0294899583432113,50770,1624
0.1,0.8,7084334.28625,14031002.855360001,265805.0,21381142.14161,36559276.418390006,0.8738804133858268,53161,3099,0.45010498865445187,0.026238696785992482,51064,1330
0.1,0.8200000000000001,7325745.435249999,13184840.727459999,267440.0,20778026.162709996,37162392.39729001,0.8708907480314961,53488,2772,0.452873641074271,0.023470044366173334,51310,1084
0.1,0.8400000000000001,7620770.289249999,12283678.04276,269105.0,20173553.33201,37766865.22799,0.8676058070866142,53821,2439,0.4556930944559217,0.02065059098452264,51554,840
0.1,0.86,7902565.81,11411377.79188,270700.0,19584643.60188,38355774.95812,0.8635457677165354,54140,2120,0.45839401225996546,0.017949673180478885,51763,631
0.1,0.88,8177297.797,10904965.049880002,271900.0,19354162.846880004,38586255.71312,0.8605191929133859,54380,1880,0.46042605073322723,0.01591763470721712,51921,473
0.1,0.9,8509745.319249999,10481047.3177,273095.0,19263887.63695,38676530.92305,0.8564591535433072,54619,1641,0.46244962237951703,0.013894063060927287,52050,344
0.1,0.92,8656852.8055,10108919.51764,274090.0,19039862.323140003,38900556.23686,0.8526574803149606,54818,1442,0.4641345209469299,0.01220916449351441,52146,248
0.1,0.9400000000000001,8925311.392,9875100.00274,275115.0,19075526.39474,38864892.16526,0.8480068897637795,55023,1237,0.4658702204761743,0.01047346496426999,52225,169
0.1,0.9600000000000001,9206357.82025,9790452.16414,276170.0,19272979.984389998,38667438.575610004,0.8422859251968503,55234,1026,0.4676567209672503,0.008686964473194026,52281,113
0.1,0.98,9658219.370499998,9738161.08006,278305.0,19674685.450559996,38265733.10944001,0.8287401574803149,55661,599,0.47127205608426187,0.005071629356182477,52341,53
0.12000000000000001,0.12000000000000001,2746806.1399999997,149126874.206,0.0,151873680.346,-93933261.78599998,0.9399606299212598,0,49735,0.0,0.4210976394486402,0,45915
0.12000000000000001,0.13999999999999999,2824960.4284999995,135599145.90137997,26255.0,138450361.32987997,-80509942.76987997,0.9380044291338583,5251,44484,0.044459308429572936,0.3766383310190673,5198,40717
0.12000000000000001,0.16,2887637.37725,123148270.86486,48485.0,126084393.24211,-68143974.68211,0.9360482283464566,9697,40038,0.08210282114674705,0.3389948183018932,9591,36324
0.12000000000000001,0.18,2964897.3109999998,112884652.54396,66890.0,115916439.85496001,-57976021.29496001,0.9343873031496063,13378,36357,0.11326921123039929,0.3078284282182409,13227,32688
0.12000000000000001,0.19999999999999998,3064790.3329999996,103066958.64738,82920.0,106214668.98038,-48274250.42038,0.9326156496062993,16584,33151,0.14041385850238763,0.28068378094625257,16385,29530
0.12000000000000001,0.22,3162396.8952499996,94368411.80122001,96750.0,97627558.69647,-39687140.136470005,0.9309547244094488,19350,30385,0.16383310190672942,0.2572645375419108,19106,26809
0.12000000000000001,0.24,3305698.3729999997,87319962.20650001,108490.0,90734150.5795,-32793732.019500002,0.9293307086614173,21698,28037,0.18371321163680698,0.23738442781183325,21410,24505
0.12000000000000001,0.26,3376086.6739999996,81127629.1864,118860.0,84622575.86039999,-26682157.30039999,0.928038877952756,23772,25963,0.20127341077657737,0.21982422867206286,23449,22466
0.12000000000000001,0.28,3470127.5067499997,75082286.524,128585.0,78680999.03075,-20740580.470750004,0.9264148622047244,25717,24018,0.21774138923696956,0.20335625021167067,25350,20565
0.12000000000000001,0.30000000000000004,3597069.5659999996,70257016.93662,137115.0,73991201.50262,-16050782.942619994,0.9245693897637794,27423,22312,0.2321857960510719,0.18891184339756834,27006,18909
0.12000000000000001,0.32,3796020.8067499995,65186981.90354,145145.0,69128147.71029,-11187729.150289997,0.9221333661417324,29029,20706,0.24578352016798186,0.17531411928065838,28546,17369
0.12000000000000001,0.34,3905974.1764999996,60748371.2518,152515.0,64806860.4283,-6866441.868299998,0.920435531496063,30503,19232,0.25826362312459783,0.1628340163240424,29974,15941
0.12000000000000001,0.36000000000000004,4027278.1197499996,56918629.592140004,158845.0,61104752.711890005,-3164334.151890002,0.9187007874015748,31769,17966,0.2689826260710536,0.15211501337758662,31193,14722
0.12000000000000001,0.38,4101247.50275,53466813.478599995,164665.0,57732725.98135,207692.57865000516,0.9172982283464567,32933,16802,0.27883801266637315,0.14225962678226708,32319,13596
0.12000000000000001,0.4,4185592.932499999,50214693.282780014,170185.0,54570471.21528001,3369947.344719991,0.9155265748031496,34037,15698,0.28818538964337725,0.13291224980526298,33375,12540
0.12000000000000001,0.42000000000000004,4307420.761999999,47611251.316120006,175060.0,52093732.07812001,5846686.481879994,0.9137180118110236,35012,14723,0.29644054594100316,0.12465709350763708,34301,11614
0.12000000000000001,0.44,4397064.128,44821967.276480004,179950.0,49398981.40448,8541437.15552,0.9116879921259843,35990,13745,0.30472110271954483,0.1163765367290954,35224,10691
0.12000000000000001,0.46,4575049.942249999,42227823.77206001,184505.0,46987378.714310005,10953039.845689997,0.9093626968503937,36901,12834,0.3124343820909676,0.10866325735767264,36072,9843
0.12000000000000001,0.48000000000000004,4670994.6635,40042731.06236,188575.0,44902300.72586,13038117.834140003,0.9073695866141732,37715,12020,0.31932637924611373,0.1017712602025265,36832,9083
0.12000000000000001,0.5,4810865.33825,37834659.89992,192535.0,42838060.23817,15102358.321830004,0.9048597440944882,38507,11228,0.32603210620787754,0.0950655332407627,37556,8359
0.12000000000000001,0.52,4944884.40425,35328425.06160001,196390.0,40469699.46585001,17470719.094149992,0.9027928149606299,39278,10457,0.33256002980323096,0.08853760964540928,38271,7644
0.12000000000000001,0.54,5101907.28575,33050845.949040003,200050.0,38352803.234790005,19587615.325209998,0.900209153543307,40010,9725,0.33875774714667933,0.08233989230196091,38933,6982
0.12000000000000001,0.56,5297289.4835,31036968.189340003,203540.0,36537797.67284,21402620.887160003,0.897736220472441,40708,9027,0.34466759237308225,0.07643004707555796,39564,6351
0.12000000000000001,0.5800000000000001,5505516.770749999,29133922.711760003,206640.0,34846079.48251,23094339.077490002,0.8952632874015748,41328,8407,0.3499170250956751,0.07118061435296508,40117,5798
0.12000000000000001,0.6,5650104.43025,27368584.53484,209465.0,33228153.96509,24712264.594910003,0.893011811023622,41893,7842,0.3547007823348122,0.06639685711382802,40621,5294
0.12000000000000001,0.62,5785778.82425,25619449.23714,212360.0,31617588.061389998,26322830.498610005,0.8905388779527558,42472,7263,0.3596030751515562,0.061494564297084026,41133,4782
0.12000000000000001,0.64,5953855.941499999,24193998.091000002,214995.0,30362849.0325,27577569.527500004,0.8880290354330708,42999,6736,0.3640650929657602,0.05703254648288007,41592,4323
0.12000000000000001,0.66,6138279.953,22584208.802240003,217675.0,28940163.75524,29000254.80476,0.8852977362204724,43535,6200,0.3686033122227114,0.05249432722592881,42054,3861
0.12000000000000001,0.68,6271291.412,20942119.084420003,220115.0,27433525.496420003,30506893.06358,0.8832308070866142,44023,5712,0.37273512378501034,0.048362515663629896,42486,3429
0.12000000000000001,0.7000000000000001,6521546.81525,19413154.74184,222725.0,26157426.55709,31782992.002910003,0.8802411417322835,44545,5190,0.37715480746435465,0.04394283198428557,42927,2988
0.12000000000000001,0.7200000000000001,6757968.742249999,17961749.799040005,225105.0,24944823.541290004,32995595.01871,0.8769562007874016,45021,4714,0.38118501710299046,0.03991262234564975,43314,2601
0.12000000000000001,0.74,7004956.816249999,16552136.04672,227220.0,23784312.86297,34156105.69703001,0.8740403543307086,45444,4291,0.38476648491211435,0.03633115453652589,43658,2257
0.12000000000000001,0.76,7270078.382749999,15225377.339680001,229445.0,22724900.72243,35215517.837570004,0.8706815944881889,45889,3846,0.38853422291462053,0.03256341653401971,44012,1903
0.12000000000000001,0.78,7545940.263499999,14075500.4678,231260.0,21852700.7313,36087717.828700006,0.8675812007874015,46252,3483,0.39160768110542893,0.0294899583432113,44291,1624
0.12000000000000001,0.8,7777623.1565,13043163.275000002,233180.0,21053966.431500003,36886452.1285,0.8642593503937007,46636,3099,0.39485894266264776,0.026238696785992482,44585,1330
0.12000000000000001,0.8200000000000001,8019034.3055,12197001.147100002,234815.0,20450850.452600002,37489568.1074,0.8612696850393701,46963,2772,0.39762759508246687,0.023470044366173334,44831,1084
0.12000000000000001,0.8400000000000001,8314059.1595,11295838.4624,236480.0,19846377.6219,38094040.9381,0.8579847440944882,47296,2439,0.4004470484641176,0.02065059098452264,45075,840
0.12000000000000001,0.86,8595854.68025,10423538.21152,238075.0,19257467.891769998,38682950.668230005,0.8539247047244094,47615,2120,0.40314796626816135,0.017949673180478885,45284,631
0.12000000000000001,0.88,8870586.66725,9917125.469519999,239275.0,19026987.13677,38913431.42323001,0.8508981299212598,47855,1880,0.4051800047414231,0.01591763470721712,45442,473
0.12000000000000001,0.9,9203034.1895,9493207.73734,240470.0,18936711.92684,39003706.63316,0.8468380905511811,48094,1641,0.40720357638771293,0.013894063060927287,45571,344
0.12000000000000001,0.92,9350141.675749999,9121079.937280001,241465.0,18712686.61303,39227731.94697,0.8430364173228346,48293,1442,0.4088884749551258,0.01220916449351441,45667,248
0.12000000000000001,0.9400000000000001,9618600.262249999,8887260.42238,242490.0,18748350.68463,39192067.87537,0.8383858267716535,48498,1237,0.4106241744843702,0.01047346496426999,45746,169
0.12000000000000001,0.9600000000000001,9899646.690499999,8802612.58378,243545.0,18945804.274279997,38994614.285720006,0.8326648622047244,48709,1026,0.4124106749754462,0.008686964473194026,45802,113
0.12000000000000001,0.98,10351508.24075,8750321.4997,245680.0,19347509.740450002,38592908.81955,0.819119094488189,49136,599,0.41602601009245777,0.005071629356182477,45862,53
0.13999999999999999,0.13999999999999999,3267834.7299999995,134765534.73299998,0.0,138033369.46299997,-80092950.90299997,0.9269192913385826,0,44484,0.0,0.3766383310190673,0,40717
0.13999999999999999,0.16,3330511.6787499995,122314659.69648,22230.0,125667401.37523,-67726982.81523,0.9249630905511812,4446,40038,0.03764351271717411,0.3389948183018932,4393,36324
0.13999999999999999,0.18,3407771.6124999993,112051041.37558,40635.0,115499447.98808,-57559029.42807999,0.9233021653543307,8127,36357,0.06880990280082636,0.3078284282182409,8029,32688
0.13999999999999999,0.19999999999999998,3507664.6344999997,102233347.479,56665.0,105797677.1135,-47857258.5535,0.9215305118110236,11333,33151,0.09595455007281471,0.28068378094625257,11187,29530
0.13999999999999999,0.22,3605271.1967499997,93534800.63284001,70495.0,97210566.82959001,-39270148.269590005,0.9198695866141732,14099,30385,0.1193737934771565,0.2572645375419108,13908,26809
0.13999999999999999,0.24,3748572.6744999997,86486351.03812,82235.0,90317158.71262,-32376740.152620003,0.9182455708661418,16447,28037,0.13925390320723405,0.23738442781183325,16212,24505
0.13999999999999999,0.26,3818960.9754999997,80294018.01802,92605.0,84205583.99352,-26265165.433520004,0.9169537401574803,18521,25963,0.15681410234700444,0.21982422867206286,18251,22466
0.13999999999999999,0.28,3913001.80825,74248675.35562,102330.0,78264007.16386999,-20323588.60386999,0.9153297244094488,20466,24018,0.17328208080739663,0.20335625021167067,20152,20565
0.13999999999999999,0.30000000000000004,4039943.8674999997,69423405.76823999,110860.0,73574209.63573998,-15633791.07573998,0.9134842519685039,22172,22312,0.18772648762149896,0.18891184339756834,21808,18909
0.13999999999999999,0.32,4238895.10825,64353370.73516,118890.0,68711155.84341,-10770737.283409998,0.9110482283464567,23778,20706,0.20132421173840892,0.17531411928065838,23348,17369
0.13999999999999999,0.34,4348848.477999999,59914760.08342,126260.0,64389868.56142,-6449450.001419999,0.9093503937007874,25252,19232,0.2138043146950249,0.1628340163240424,24776,15941
0.13999999999999999,0.36000000000000004,4470152.42125,56085018.42376,132590.0,60687760.84501,-2747342.285009995,0.9076156496062993,26518,17966,0.22452331764148067,0.15211501337758662,25995,14722
0.13999999999999999,0.38,4544121.804249999,52633202.31022,138410.0,57315734.114470005,624684.4455299973,0.906213090551181,27682,16802,0.2343787042368002,0.14225962678226708,27121,13596
0.13999999999999999,0.4,4628467.233999999,49381082.114400014,143930.0,54153479.34840001,3786939.2115999907,0.904441437007874,28786,15698,0.24372608121380432,0.13291224980526298,28177,12540
0.13999999999999999,0.42000000000000004,4750295.063499999,46777640.14774001,148805.0,51676740.21124001,6263678.348759994,0.9026328740157481,29761,14723,0.2519812375114302,0.12465709350763708,29103,11614
0.13999999999999999,0.44,4839938.429499999,43988356.108100004,153695.0,48981989.5376,8958429.0224,0.9006028543307087,30739,13745,0.26026179428997187,0.1163765367290954,30026,10691
0.13999999999999999,0.46,5017924.243749999,41394212.60368,158250.0,46570386.84743,11370031.712570004,0.8982775590551181,31650,12834,0.26797507366139467,0.10866325735767264,30874,9843
0.13999999999999999,0.48000000000000004,5113868.965,39209119.89398,162320.0,44485308.85898,13455109.701020002,0.8962844488188977,32464,12020,0.27486707081654077,0.1017712602025265,31634,9083
0.13999999999999999,0.5,5253739.639749999,37001048.73154,166280.0,42421068.37129,15519350.188710004,0.8937746062992127,33256,11228,0.28157279777830463,0.0950655332407627,32358,8359
0.13999999999999999,0.52,5387758.70575,34494813.89322001,170135.0,40052707.59897001,17887710.96102999,0.8917076771653544,34027,10457,0.288100721373658,0.08853760964540928,33073,7644
0.13999999999999999,0.54,5544781.58725,32217234.780660007,173795.0,37935811.367910005,20004607.192089997,0.8891240157480316,34759,9725,0.29429843871710637,0.08233989230196091,33735,6982
0.13999999999999999,0.56,5740163.784999999,30203357.020960003,177285.0,36120805.80596,21819612.754040003,0.8866510826771653,35457,9027,0.30020828394350935,0.07643004707555796,34366,6351
0.13999999999999999,0.5800000000000001,5948391.072249999,28300311.54338,180385.0,34429087.61563,23511330.94437,0.8841781496062993,36077,8407,0.3054577166661022,0.07118061435296508,34919,5798
0.13999999999999999,0.6,6092978.731749999,26534973.36646,183210.0,32811162.09821,25129256.461790003,0.8819266732283464,36642,7842,0.31024147390523926,0.06639685711382802,35423,5294
0.13999999999999999,0.62,6228653.12575,24785838.06876,186105.0,31200596.194509998,26739822.365490004,0.8794537401574803,37221,7263,0.31514376672198324,0.061494564297084026,35935,4782
0.13999999999999999,0.64,6396730.243,23360386.92262,188740.0,29945857.16562,27994561.394380003,0.8769438976377952,37748,6736,0.3196057845361872,0.05703254648288007,36394,4323
0.13999999999999999,0.66,6581154.2545,21750597.63386,191420.0,28523171.88836,29417246.67164,0.8742125984251969,38284,6200,0.32414400379313846,0.05249432722592881,36856,3861
0.13999999999999999,0.68,6714165.7135,20108507.91604,193860.0,27016533.62954,30923884.930460002,0.8721456692913385,38772,5712,0.3282758153554374,0.048362515663629896,37288,3429
0.13999999999999999,0.7000000000000001,6964421.11675,18579543.57346,196470.0,25740434.69021,32199983.869790003,0.8691560039370079,39294,5190,0.33269549903478174,0.04394283198428557,37729,2988
0.13999999999999999,0.7200000000000001,7200843.043749999,17128138.630659997,198850.0,24527831.674409997,33412586.885590006,0.8658710629921259,39770,4714,0.33672570867341756,0.03991262234564975,38116,2601
0.13999999999999999,0.74,7447831.117749999,15718524.878340002,200965.0,23367320.996090002,34573097.56391,0.8629552165354332,40193,4291,0.3403071764825414,0.03633115453652589,38460,2257
0.13999999999999999,0.76,7712952.684249999,14391766.171300001,203190.0,22307908.85555,35632509.704450004,0.8595964566929133,40638,3846,0.34407491448504757,0.03256341653401971,38814,1903
0.13999999999999999,0.78,7988814.5649999995,13241889.299420003,205005.0,21435708.864420004,36504709.69558,0.856496062992126,41001,3483,0.347148372675856,0.0294899583432113,39093,1624
0.13999999999999999,0.8,8220497.458,12209552.10662,206925.0,20636974.56462,37303443.99538,0.8531742125984253,41385,3099,0.3503996342330748,0.026238696785992482,39387,1330
0.13999999999999999,0.8200000000000001,8461908.606999999,11363389.97872,208560.0,20033858.58572,37906559.97428,0.8501845472440944,41712,2772,0.35316828665289396,0.023470044366173334,39633,1084
0.13999999999999999,0.8400000000000001,8756933.461,10462227.29402,210225.0,19429385.75502,38511032.80498,0.8468996062992127,42045,2439,0.35598774003454464,0.02065059098452264,39877,840
0.13999999999999999,0.86,9038728.98175,9589927.04314,211820.0,18840476.02489,39099942.535110004,0.8428395669291339,42364,2120,0.3586886578385884,0.017949673180478885,40086,631
0.13999999999999999,0.88,9313460.96875,9083514.301140001,213020.0,18609995.269890003,39330423.29011,0.8398129921259843,42604,1880,0.36072069631185016,0.01591763470721712,40244,473
0.13999999999999999,0.9,9645908.491,8659596.56896,214215.0,18519720.05996,39420698.50004,0.8357529527559056,42843,1641,0.36274426795814,0.013894063060927287,40373,344
0.13999999999999999,0.92,9793015.977249999,8287468.768900001,215210.0,18295694.746150002,39644723.81385,0.831951279527559,43042,1442,0.3644291665255529,0.01220916449351441,40469,248
0.13999999999999999,0.9400000000000001,10061474.563749999,8053649.254000001,216235.0,18331358.81775,39609059.74225,0.827300688976378,43247,1237,0.3661648660547973,0.01047346496426999,40548,169
0.13999999999999999,0.9600000000000001,10342520.991999999,7969001.415399999,217290.0,18528812.407399997,39411606.152600005,0.8215797244094488,43458,1026,0.3679513665458733,0.008686964473194026,40604,113
0.13999999999999999,0.98,10794382.542249998,7916710.33132,219425.0,18930517.87357,39009900.68643001,0.8080339566929133,43885,599,0.3715667016628848,0.005071629356182477,40664,53
0.16,0.16,3685681.0549999997,121545159.375,0.0,125230840.43,-67290421.87,0.9138779527559056,0,40038,0.0,0.3389948183018932,0,36324
0.16,0.18,3762940.9887499996,111281541.0541,18405.0,115062887.04285,-57122468.48285,0.9122170275590551,3681,36357,0.03116639008365225,0.3078284282182409,3636,32688
0.16,0.19999999999999998,3862834.01075,101463847.15752,34435.0,105361116.16826999,-47420697.60826999,0.9104453740157481,6887,33151,0.0583110373556406,0.28068378094625257,6794,29530
0.16,0.22,3960440.573,92765300.31136002,48265.0,96774005.88436002,-38833587.32436001,0.9087844488188976,9653,30385,0.08173028075998238,0.2572645375419108,9515,26809
0.16,0.24,4103742.0507499995,85716850.71664001,60005.0,89880597.76739001,-31940179.20739001,0.9071604330708661,12001,28037,0.10161039049005995,0.23738442781183325,11819,24505
0.16,0.26,4174130.3517499994,79524517.69654,70375.0,83769023.04829,-25828604.488289997,0.9058686023622047,14075,25963,0.11917058962983032,0.21982422867206286,13858,22466
0.16,0.28,4268171.1844999995,73479175.03414,80100.0,77827446.21864,-19887027.658639997,0.9042445866141732,16020,24018,0.1356385680902225,0.20335625021167067,15759,20565
0.16,0.30000000000000004,4395113.243749999,68653905.44676,88630.0,73137648.69051,-15197230.130510002,0.9023991141732284,17726,22312,0.15008297490432485,0.18891184339756834,17415,18909
0.16,0.32,4594064.484499999,63583870.41368,96660.0,68274594.89818001,-10334176.338180006,0.8999630905511811,19332,20706,0.1636806990212348,0.17531411928065838,18955,17369
0.16,0.34,4704017.85425,59145259.76194,104030.0,63953307.61619,-6012889.056189999,0.8982652559055119,20806,19232,0.17616080197785078,0.1628340163240424,20383,15941
0.16,0.36000000000000004,4825321.797499999,55315518.10228,110360.0,60251199.89978,-2310781.3397799954,0.8965305118110236,22072,17966,0.18687980492430656,0.15211501337758662,21602,14722
0.16,0.38,4899291.1805,51863701.98874,116180.0,56879173.16924,1061245.3907600045,0.8951279527559055,23236,16802,0.1967351915196261,0.14225962678226708,22728,13596
0.16,0.4,4983636.61025,48611581.792920016,121700.0,53716918.40317002,4223500.156829983,0.8933562992125984,24340,15698,0.2060825684966302,0.13291224980526298,23784,12540
0.16,0.42000000000000004,5105464.43975,46008139.82626001,126575.0,51240179.26601001,6700239.293989994,0.8915477362204725,25315,14723,0.2143377247942561,0.12465709350763708,24710,11614
0.16,0.44,5195107.805749999,43218855.78662,131465.0,48545428.592369996,9394989.967630006,0.8895177165354331,26293,13745,0.22261828157279778,0.1163765367290954,25633,10691
0.16,0.46,5373093.62,40624712.2822,136020.0,46133825.9022,11806592.657800004,0.8871924212598425,27204,12834,0.23033156094422055,0.10866325735767264,26481,9843
0.16,0.48000000000000004,5469038.34125,38439619.5725,140090.0,44048747.91375,13891670.646250002,0.885199311023622,28018,12020,0.23722355809936668,0.1017712602025265,27241,9083
0.16,0.5,5608909.015999999,36231548.41006,144050.0,41984507.426060006,15955911.133939996,0.882689468503937,28810,11228,0.24392928506113049,0.0950655332407627,27965,8359
0.16,0.52,5742928.0819999995,33725313.57174001,147905.0,39616146.65374001,18324271.90625999,0.8806225393700787,29581,10457,0.2504572086564839,0.08853760964540928,28680,7644
0.16,0.54,5899950.9635,31447734.459180005,151565.0,37499250.422680005,20441168.137319997,0.8780388779527559,30313,9725,0.2566549259999323,0.08233989230196091,29342,6982
0.16,0.56,6095333.161249999,29433856.699480005,155055.0,35684244.86073001,22256173.699269995,0.8755659448818898,31011,9027,0.2625647712263352,0.07643004707555796,29973,6351
0.16,0.5800000000000001,6303560.4485,27530811.2219,158155.0,33992526.6704,23947891.8896,0.8730930118110236,31631,8407,0.2678142039489281,0.07118061435296508,30526,5798
0.16,0.6,6448148.107999999,25765473.044979997,160980.0,32374601.152979996,25565817.407020006,0.8708415354330709,32196,7842,0.2725979611880652,0.06639685711382802,31030,5294
0.16,0.62,6583822.501999998,24016337.74728,163875.0,30764035.24928,27176383.310720004,0.8683686023622048,32775,7263,0.27750025400480915,0.061494564297084026,31542,4782
0.16,0.64,6751899.6192499995,22590886.60114,166510.0,29509296.22039,28431122.339610003,0.8658587598425197,33302,6736,0.2819622718190131,0.05703254648288007,32001,4323
0.16,0.66,6936323.6307500005,20981097.31238,169190.0,28086610.94313,29853807.61687,0.8631274606299213,33838,6200,0.28650049107596437,0.05249432722592881,32463,3861
0.16,0.68,7069335.089749999,19339007.59456,171630.0,26579972.68431,31360445.875690002,0.861060531496063,34326,5712,0.2906323026382633,0.048362515663629896,32895,3429
0.16,0.7000000000000001,7319590.492999999,17810043.25198,174240.0,25303873.74498,32636544.815020002,0.8580708661417322,34848,5190,0.2950519863176076,0.04394283198428557,33336,2988
0.16,0.7200000000000001,7556012.419999999,16358638.30918,176620.0,24091270.72918,33849147.83082,0.8547859251968504,35324,4714,0.2990821959562434,0.03991262234564975,33723,2601
0.16,0.74,7803000.493999999,14949024.55686,178735.0,22930760.05086,35009658.50914,0.8518700787401575,35747,4291,0.3026636637653673,0.03633115453652589,34067,2257
0.16,0.76,8068122.060499999,13622265.849820001,180960.0,21871347.91032,36069070.64968,0.8485113188976378,36192,3846,0.3064314017678735,0.03256341653401971,34421,1903
0.16,0.78,8343983.941249999,12472388.97794,182775.0,20999147.91919,36941270.64081,0.8454109251968503,36555,3483,0.3095048599586819,0.0294899583432113,34700,1624
0.16,0.8,8575666.83425,11440051.78514,184695.0,20200413.61939,37740004.94061001,0.8420890748031497,36939,3099,0.3127561215159007,0.026238696785992482,34994,1330
0.16,0.8200000000000001,8817077.98325,10593889.65724,186330.0,19597297.64049,38343120.91951001,0.8390994094488189,37266,2772,0.31552477393571987,0.023470044366173334,35240,1084
0.16,0.8400000000000001,9112102.83725,9692726.972540002,187995.0,18992824.80979,38947593.75021,0.835814468503937,37599,2439,0.31834422731737055,0.02065059098452264,35484,840
0.16,0.86,9393898.358,8820426.72166,189590.0,18403915.07966,39536503.480340004,0.8317544291338582,37918,2120,0.3210451451214143,0.017949673180478885,35693,631
0.16,0.88,9668630.344999999,8314013.97966,190790.0,18173434.32466,39766984.23534,0.8287278543307086,38158,1880,0.3230771835946761,0.01591763470721712,35851,473
0.16,0.9,10001077.86725,7890096.247479999,191985.0,18083159.11473,39857259.44527,0.8246678149606299,38397,1641,0.3251007552409659,0.013894063060927287,35980,344
0.16,0.92,10148185.353499997,7517968.44742,192980.0,17859133.80092,40081284.75908001,0.8208661417322834,38596,1442,0.32678565380837876,0.01220916449351441,36076,248
0.16,0.9400000000000001,10416643.94,7284148.932520001,194005.0,17894797.87252,40045620.68748,0.8162155511811023,38801,1237,0.32852135333762317,0.01047346496426999,36155,169
0.16,0.9600000000000001,10697690.368249997,7199501.09392,195060.0,18092251.462169997,39848167.097830005,0.8104945866141732,39012,1026,0.33030785382869915,0.008686964473194026,36211,113
0.16,0.98,11149551.918499999,7147210.00984,197195.0,18493956.92834,39446461.63166,0.7969488188976377,39439,599,0.3339231889457107,0.005071629356182477,36271,53
0.18,0.18,4200747.279999999,110647304.14,0.0,114848051.42,-56907632.86,0.9028051181102362,0,36357,0.0,0.3078284282182409,0,32688
0.18,0.19999999999999998,4300640.301999999,100829610.24342,16030.0,105146280.54542,-47205861.98542,0.9010334645669292,3206,33151,0.02714464727198835,0.28068378094625257,3158,29530
0.18,0.22,4398246.86425,92131063.39726001,29860.0,96559170.26151001,-38618751.70151001,0.8993725393700788,5972,30385,0.05056389067633014,0.2572645375419108,5879,26809
0.18,0.24,4541548.341999999,85082613.80254,41600.0,89665762.14454,-31725343.584539995,0.8977485236220472,8320,28037,0.07044400040640769,0.23738442781183325,8183,24505
0.18,0.26,4611936.642999999,78890280.78243999,51970.0,83554187.42543998,-25613768.86543998,0.8964566929133858,10394,25963,0.08800419954617808,0.21982422867206286,10222,22466
0.18,0.28,4705977.475749999,72844938.12004,61695.0,77612610.59579,-19672192.035789996,0.8948326771653543,12339,24018,0.10447217800657026,0.20335625021167067,12123,20565
0.18,0.30000000000000004,4832919.534999999,68019668.53266,70225.0,72922813.06765999,-14982394.507659987,0.8929872047244094,14045,22312,0.1189165848206726,0.18891184339756834,13779,18909
0.18,0.32,5031870.775749999,62949633.49958,78255.0,68059759.27533,-10119340.715330005,0.8905511811023622,15651,20706,0.13251430893758256,0.17531411928065838,15319,17369
0.18,0.34,5141824.1455,58511022.84784,85625.0,63738471.99334,-5798053.433339998,0.888853346456693,17125,19232,0.14499441189419854,0.1628340163240424,16747,15941
0.18,0.36000000000000004,5263128.088749999,54681281.18818,91955.0,60036364.27693,-2095945.7169299945,0.8871186023622047,18391,17966,0.15571341484065432,0.15211501337758662,17966,14722
0.18,0.38,5337097.471749999,51229465.07464,97775.0,56664337.54639,1276081.0136100054,0.8857160433070866,19555,16802,0.16556880143597386,0.14225962678226708,19092,13596
0.18,0.4,5421442.9015,47977344.87882001,103295.0,53502082.78032001,4438335.779679991,0.8839443897637795,20659,15698,0.17491617841297796,0.13291224980526298,20148,12540
0.18,0.42000000000000004,5543270.730999999,45373902.91216001,108170.0,51025343.64316001,6915074.9168399945,0.8821358267716536,21634,14723,0.18317133471060384,0.12465709350763708,21074,11614
0.18,0.44,5632914.096999999,42584618.87252,113060.0,48330592.96952,9609825.59048,0.8801058070866141,22612,13745,0.19145189148914551,0.1163765367290954,21997,10691
0.18,0.46,5810899.911249999,39990475.3681,117615.0,45918990.27935,12021428.280650005,0.8777805118110237,23523,12834,0.19916517086056829,0.10866325735767264,22845,9843
0.18,0.48000000000000004,5906844.632499999,37805382.6584,121685.0,43833912.2909,14106506.269100003,0.8757874015748031,24337,12020,0.20605716801571444,0.1017712602025265,23605,9083
0.18,0.5,6046715.30725,35597311.495960005,125645.0,41769671.803210005,16170746.756789997,0.8732775590551181,25129,11228,0.21276289497747825,0.0950655332407627,24329,8359
0.18,0.52,6180734.373249999,33091076.657640006,129500.0,39401311.03089,18539107.52911,0.8712106299212599,25900,10457,0.21929081857283164,0.08853760964540928,25044,7644
0.18,0.54,6337757.254749998,30813497.545080006,133160.0,37284414.799830005,20656003.760169998,0.868626968503937,26632,9725,0.22548853591628001,0.08233989230196091,25706,6982
0.18,0.56,6533139.452499999,28799619.785380002,136650.0,35469409.23788,22471009.322120003,0.8661540354330709,27330,9027,0.23139838114268296,0.07643004707555796,26337,6351
0.18,0.5800000000000001,6741366.739749999,26896574.307800002,139750.0,33777691.04755,24162727.512450002,0.8636811023622047,27950,8407,0.23664781386527584,0.07118061435296508,26890,5798
0.18,0.6,6885954.399249999,25131236.13088,142575.0,32159765.53013,25780653.029870003,0.861429625984252,28515,7842,0.2414315711044129,0.06639685711382802,27394,5294
0.18,0.62,7021628.793249999,23382100.833180003,145470.0,30549199.62643,27391218.93357,0.8589566929133858,29094,7263,0.24633386392115691,0.061494564297084026,27906,4782
0.18,0.64,7189705.910499999,21956649.68704,148105.0,29294460.59754,28645957.962460004,0.8564468503937007,29621,6736,0.2507958817353609,0.05703254648288007,28365,4323
0.18,0.66,7374129.921999999,20346860.398280002,150785.0,27871775.32028,30068643.23972,0.8537155511811023,30157,6200,0.25533410099231213,0.05249432722592881,28827,3861
0.18,0.68,7507141.380999999,18704770.68046,153225.0,26365137.061459996,31575281.498540007,0.8516486220472441,30645,5712,0.25946591255461104,0.048362515663629896,29259,3429
0.18,0.7000000000000001,7757396.784249999,17175806.33788,155835.0,25089038.12213,32851380.437870003,0.8486589566929134,31167,5190,0.26388559623395536,0.04394283198428557,29700,2988
0.18,0.7200000000000001,7993818.71125,15724401.39508,158215.0,23876435.10633,34063983.45367,0.8453740157480315,31643,4714,0.2679158058725912,0.03991262234564975,30087,2601
0.18,0.74,8240806.785249999,14314787.642760001,160330.0,22715924.42801,35224494.13199,0.8424581692913385,32066,4291,0.27149727368171506,0.03633115453652589,30431,2257
0.18,0.76,8505928.35175,12988028.93572,162555.0,21656512.287469998,36283906.272530004,0.8390994094488189,32511,3846,0.27526501168422124,0.03256341653401971,30785,1903
0.18,0.78,8781790.232499998,11838152.063840002,164370.0,20784312.29634,37156106.26366,0.8359990157480315,32874,3483,0.27833846987502964,0.0294899583432113,31064,1624
0.18,0.8,9013473.1255,10805814.87104,166290.0,19985577.99654,37954840.56346001,0.8326771653543307,33258,3099,0.28158973143224847,0.026238696785992482,31358,1330
0.18,0.8200000000000001,9254884.2745,9959652.74314,167925.0,19382462.017640002,38557956.54236,0.8296875,33585,2772,0.2843583838520676,0.023470044366173334,31604,1084
0.18,0.8400000000000001,9549909.1285,9058490.05844,169590.0,18777989.18694,39162429.37306,0.8264025590551181,33918,2439,0.2871778372337183,0.02065059098452264,31848,840
0.18,0.86,9831704.64925,8186189.807560001,171185.0,18189079.45681,39751339.103190005,0.8223425196850394,34237,2120,0.28987875503776206,0.017949673180478885,32057,631
0.18,0.88,10106436.63625,7679777.06556,172385.0,17958598.701810002,39981819.85819,0.8193159448818897,34477,1880,0.29191079351102384,0.01591763470721712,32215,473
0.18,0.9,10438884.158499999,7255859.333380001,173580.0,17868323.49188,40072095.06812,0.8152559055118109,34716,1641,0.29393436515731364,0.013894063060927287,32344,344
0.18,0.92,10585991.644749999,6883731.53332,174575.0,17644298.17807,40296120.38193,0.8114542322834646,34915,1442,0.2956192637247265,0.01220916449351441,32440,248
0.18,0.9400000000000001,10854450.23125,6649912.018420001,175600.0,17679962.24967,40260456.31033,0.8068036417322835,35120,1237,0.2973549632539709,0.01047346496426999,32519,169
0.18,0.9600000000000001,11135496.6595,6565264.17982,176655.0,17877415.83932,40063002.72068,0.8010826771653543,35331,1026,0.2991414637450469,0.008686964473194026,32575,113
0.18,0.98,11587358.20975,6512973.095739999,178790.0,18279121.30549,39661297.25451,0.7875369094488188,35758,599,0.3027567988620585,0.005071629356182477,32635,53
0.19999999999999998,0.19999999999999998,4866700.76,100221090.633,0.0,105087791.393,-47147372.833000004,0.890994094488189,0,33151,0.0,0.28068378094625257,0,29530
0.19999999999999998,0.22,4964307.32225,91522543.78684002,13830.0,96500681.10909002,-38560262.54909001,0.8893331692913385,2766,30385,0.02341924340434179,0.2572645375419108,2721,26809
0.19999999999999998,0.24,5107608.8,84474094.19212,25570.0,89607272.99212,-31666854.432119995,0.8877091535433072,5114,28037,0.04329935313441934,0.23738442781183325,5025,24505
0.19999999999999998,0.26,5177997.101,78281761.17202,35940.0,83495698.27302,-25555279.713019997,0.8864173228346457,7188,25963,0.060859552274189724,0.21982422867206286,7064,22466
0.19999999999999998,0.28,5272037.93375,72236418.50962,45665.0,77554121.44337,-19613702.883369997,0.8847933070866142,9133,24018,0.07732753073458191,0.20335625021167067,8965,20565
0.19999999999999998,0.30000000000000004,5398979.993,67411148.92223999,54195.0,72864323.91523999,-14923905.355239987,0.8829478346456693,10839,22312,0.09177193754868425,0.18891184339756834,10621,18909
0.19999999999999998,0.32,5597931.23375,62341113.88916,62225.0,68001270.12291,-10060851.56290999,0.8805118110236221,12445,20706,0.10536966166559421,0.17531411928065838,12161,17369
0.19999999999999998,0.34,5707884.6035,57902503.23742,69595.0,63679982.84092,-5739564.280919999,0.8788139763779528,13919,19232,0.11784976462221018,0.1628340163240424,13589,15941
0.19999999999999998,0.36000000000000004,5829188.54675,54072761.57776,75925.0,59977875.124510005,-2037456.5645100027,0.8770792322834645,15185,17966,0.12856876756866598,0.15211501337758662,14808,14722
0.19999999999999998,0.38,5903157.929749999,50620945.46422,81745.0,56605848.39397,1334570.1660300046,0.8756766732283464,16349,16802,0.1384241541639855,0.14225962678226708,15934,13596
0.19999999999999998,0.4,5987503.3595,47368825.26840001,87265.0,53443593.62790001,4496824.932099991,0.8739050196850394,17453,15698,0.1477715311409896,0.13291224980526298,16990,12540
0.19999999999999998,0.42000000000000004,6109331.188999999,44765383.301740006,92140.0,50966854.49074,6973564.069260001,0.8720964566929134,18428,14723,0.1560266874386155,0.12465709350763708,17916,11614
0.19999999999999998,0.44,6198974.555,41976099.2621,97030.0,48272103.8171,9668314.742899999,0.870066437007874,19406,13745,0.16430724421715717,0.1163765367290954,18839,10691
0.19999999999999998,0.46,6376960.3692499995,39381955.75768,101585.0,45860501.12693,12079917.433070004,0.8677411417322834,20317,12834,0.17202052358857994,0.10866325735767264,19687,9843
0.19999999999999998,0.48000000000000004,6472905.0905,37196863.04798,105655.0,43775423.13848,14164995.421520002,0.865748031496063,21131,12020,0.17891252074372607,0.1017712602025265,20447,9083
0.19999999999999998,0.5,6612775.765249999,34988791.88554,109615.0,41711182.65079,16229235.909210004,0.8632381889763779,21923,11228,0.1856182477054899,0.0950655332407627,21171,8359
0.19999999999999998,0.52,6746794.83125,32482557.047220007,113470.0,39342821.87847,18597596.68153,0.8611712598425197,22694,10457,0.1921461713008433,0.08853760964540928,21886,7644
0.19999999999999998,0.54,6903817.712749999,30204977.934660006,117130.0,37225925.647410005,20714492.912589997,0.8585875984251969,23426,9725,0.19834388864429167,0.08233989230196091,22548,6982
0.19999999999999998,0.56,7099199.910499999,28191100.174960002,120620.0,35410920.08546,22529498.474540003,0.8561146653543307,24124,9027,0.20425373387069462,0.07643004707555796,23179,6351
0.19999999999999998,0.5800000000000001,7307427.19775,26288054.697380003,123720.0,33719201.89513,24221216.66487,0.8536417322834645,24744,8407,0.2095031665932875,0.07118061435296508,23732,5798
0.19999999999999998,0.6,7452014.857249999,24522716.52046,126545.0,32101276.37771,25839142.182290003,0.8513902559055119,25309,7842,0.21428692383242456,0.06639685711382802,24236,5294
0.19999999999999998,0.62,7587689.251249999,22773581.22276,129440.0,30490710.47401,27449708.085990004,0.8489173228346457,25888,7263,0.21918921664916854,0.061494564297084026,24748,4782
0.19999999999999998,0.64,7755766.3685,21348130.07662,132075.0,29235971.44512,28704447.114880003,0.8464074803149607,26415,6736,0.2236512344633725,0.05703254648288007,25207,4323
0.19999999999999998,0.66,7940190.38,19738340.787860002,134755.0,27813286.16786,30127132.39214,0.8436761811023622,26951,6200,0.22818945372032376,0.05249432722592881,25669,3861
0.19999999999999998,0.68,8073201.839,18096251.070040002,137195.0,26306647.909040004,31633770.65096,0.841609251968504,27439,5712,0.23232126528262267,0.048362515663629896,26101,3429
0.19999999999999998,0.7000000000000001,8323457.242249999,16567286.727460003,139805.0,25030548.96971,32909869.590290003,0.8386195866141731,27961,5190,0.236740948961967,0.04394283198428557,26542,2988
0.19999999999999998,0.7200000000000001,8559879.16925,15115881.78466,142185.0,23817945.95391,34122472.60609,0.8353346456692914,28437,4714,0.24077115860060283,0.03991262234564975,26929,2601
0.19999999999999998,0.74,8806867.24325,13706268.032340001,144300.0,22657435.275590003,35282983.28441,0.8324187992125984,28860,4291,0.2443526264097267,0.03633115453652589,27273,2257
0.19999999999999998,0.76,9071988.809749998,12379509.3253,146525.0,21598023.13505,36342395.42495,0.8290600393700788,29305,3846,0.24812036441223287,0.03256341653401971,27627,1903
0.19999999999999998,0.78,9347850.690499999,11229632.453420002,148340.0,20725823.14392,37214595.41608,0.8259596456692913,29668,3483,0.2511938226030413,0.0294899583432113,27906,1624
0.19999999999999998,0.8,9579533.5835,10197295.260620002,150260.0,19927088.844120003,38013329.71588,0.8226377952755906,30052,3099,0.2544450841602601,0.026238696785992482,28200,1330
0.19999999999999998,0.8200000000000001,9820944.732499998,9351133.132720001,151895.0,19323972.86522,38616445.69478001,0.8196481299212599,30379,2772,0.25721373658007923,0.023470044366173334,28446,1084
0.19999999999999998,0.8400000000000001,10115969.5865,8449970.44802,153560.0,18719500.03452,39220918.52548,0.8163631889763779,30712,2439,0.2600331899617299,0.02065059098452264,28690,840
0.19999999999999998,0.86,10397765.10725,7577670.197140001,155155.0,18130590.30439,39809828.255610004,0.8123031496062991,31031,2120,0.2627341077657737,0.017949673180478885,28899,631
0.19999999999999998,0.88,10672497.09425,7071257.45514,156355.0,17900109.54939,40040309.01061,0.8092765748031495,31271,1880,0.26476614623903544,0.01591763470721712,29057,473
0.19999999999999998,0.9,11004944.616499998,6647339.722960001,157550.0,17809834.33946,40130584.22054,0.8052165354330708,31510,1641,0.2667897178853253,0.013894063060927287,29186,344
0.19999999999999998,0.92,11152052.10275,6275211.922900001,158545.0,17585809.025650002,40354609.53435,0.8014148622047244,31709,1442,0.2684746164527382,0.01220916449351441,29282,248
0.19999999999999998,0.9400000000000001,11420510.68925,6041392.408,159570.0,17621473.09725,40318945.46275,0.7967642716535432,31914,1237,0.2702103159819826,0.01047346496426999,29361,169
0.19999999999999998,0.9600000000000001,11701557.1175,5956744.5694,160625.0,17818926.6869,40121491.8731,0.7910433070866141,32125,1026,0.27199681647305857,0.008686964473194026,29417,113
0.19999999999999998,0.98,12153418.66775,5904453.48532,162760.0,18220632.15307,39719786.40693,0.7774975393700787,32552,599,0.27561215159007013,0.005071629356182477,29477,53
0.22,0.22,5517411.175,90982948.66900001,0.0,96500359.84400001,-38559941.28400001,0.8799212598425197,0,30385,0.0,0.2572645375419108,0,26809
0.22,0.24,5660712.652749999,83934499.07428001,11740.0,89606951.72703001,-31666533.167030007,0.8782972440944882,2348,28037,0.019880109730077557,0.23738442781183325,2304,24505
0.22,0.26,5731100.953749999,77742166.05418,22110.0,83495377.00793,-25554958.447929993,0.8770054133858268,4422,25963,0.037440308869847935,0.21982422867206286,4343,22466
0.22,0.28,5825141.786499999,71696823.39178,31835.0,77553800.17828,-19613381.618279994,0.8753813976377953,6367,24018,0.05390828733024012,0.20335625021167067,6244,20565
0.22,0.30000000000000004,5952083.845749999,66871553.8044,40365.0,72864002.65015,-14923584.090149999,0.8735359251968504,8073,22312,0.06835269414434246,0.18891184339756834,7900,18909
0.22,0.32,6151035.0865,61801518.77132,48395.0,68000948.85782,-10060530.297820002,0.8710999015748032,9679,20706,0.08195041826125242,0.17531411928065838,9440,17369
0.22,0.34,6260988.45625,57362908.11958,55765.0,63679661.57583,-5739243.015829995,0.8694020669291339,11153,19232,0.0944305212178684,0.1628340163240424,10868,15941
0.22,0.36000000000000004,6382292.399499999,53533166.459920004,62095.0,59977553.85942,-2037135.2994199991,0.8676673228346456,12419,17966,0.10514952416432417,0.15211501337758662,12087,14722
0.22,0.38,6456261.7825,50081350.34638,67915.0,56605527.12888,1334891.4311200008,0.8662647637795275,13583,16802,0.11500491075964371,0.14225962678226708,13213,13596
0.22,0.4,6540607.21225,46829230.150560014,73435.0,53443272.362810016,4497146.197189987,0.8644931102362206,14687,15698,0.12435228773664782,0.13291224980526298,14269,12540
0.22,0.42000000000000004,6662435.04175,44225788.183900006,78310.0,50966533.225650005,6973885.334349997,0.8626845472440945,15662,14723,0.1326074440342737,0.12465709350763708,15195,11614
0.22,0.44,6752078.407749999,41436504.144260004,83200.0,48271782.55201,9668636.007990003,0.860654527559055,16640,13745,0.14088800081281538,0.1163765367290954,16118,10691
0.22,0.46,6930064.222,38842360.63984,87755.0,45860179.86184,12080238.69816,0.8583292322834646,17551,12834,0.14860128018423815,0.10866325735767264,16966,9843
0.22,0.48000000000000004,7026008.94325,36657267.93014,91825.0,43775101.873390004,14165316.686609998,0.8563361220472441,18365,12020,0.15549327733938428,0.1017712602025265,17726,9083
0.22,0.5,7165879.618,34449196.7677,95785.0,41710861.3857,16229557.1743,0.853826279527559,19157,11228,0.16219900430114811,0.0950655332407627,18450,8359
0.22,0.52,7299898.683999999,31942961.929380007,99640.0,39342500.61338001,18597917.946619995,0.8517593503937009,19928,10457,0.1687269278965015,0.08853760964540928,19165,7644
0.22,0.54,7456921.5655,29665382.816820007,103300.0,37225604.38232001,20714814.177679993,0.849175688976378,20660,9725,0.17492464523994988,0.08233989230196091,19827,6982
0.22,0.56,7652303.763249999,27651505.057120003,106790.0,35410598.82037,22529819.73963,0.8467027559055118,21358,9027,0.18083449046635283,0.07643004707555796,20458,6351
0.22,0.5800000000000001,7860531.0505,25748459.57954,109890.0,33718880.63004,24221537.929960005,0.8442298228346456,21978,8407,0.1860839231889457,0.07118061435296508,21011,5798
0.22,0.6,8005118.71,23983121.40262,112715.0,32100955.11262,25839463.447380003,0.841978346456693,22543,7842,0.19086768042808278,0.06639685711382802,21515,5294
0.22,0.62,8140793.104,22233986.10492,115610.0,30490389.208920002,27450029.35108,0.8395054133858267,23122,7263,0.19576997324482676,0.061494564297084026,22027,4782
0.22,0.64,8308870.2212499995,20808534.958779998,118245.0,29235650.180029996,28704768.379970007,0.8369955708661417,23649,6736,0.20023199105903072,0.05703254648288007,22486,4323
0.22,0.66,8493294.232749999,19198745.670020003,120925.0,27812964.90277,30127453.65723,0.8342642716535432,24185,6200,0.20477021031598197,0.05249432722592881,22948,3861
0.22,0.68,8626305.69175,17556655.952200003,123365.0,26306326.64395,31634091.916050002,0.8321973425196851,24673,5712,0.20890202187828089,0.048362515663629896,23380,3429
0.22,0.7000000000000001,8876561.094999999,16027691.609620001,125975.0,25030227.70462,32910190.855380002,0.8292076771653543,25195,5190,0.21332170555762522,0.04394283198428557,23821,2988
0.22,0.7200000000000001,9112983.022,14576286.66682,128355.0,23817624.68882,34122793.87118,0.8259227362204725,25671,4714,0.21735191519626104,0.03991262234564975,24208,2601
0.22,0.74,9359971.096,13166672.9145,130470.0,22657114.0105,35283304.5495,0.8230068897637794,26094,4291,0.2209333830053849,0.03633115453652589,24552,2257
0.22,0.76,9625092.6625,11839914.207460001,132695.0,21597701.869960003,36342716.69004,0.8196481299212599,26539,3846,0.22470112100789108,0.03256341653401971,24906,1903
0.22,0.78,9900954.54325,10690037.335580003,134510.0,20725501.87883,37214916.68117,0.8165477362204724,26902,3483,0.2277745791986995,0.0294899583432113,25185,1624
0.22,0.8,10132637.436250001,9657700.142780002,136430.0,19926767.579030003,38013650.980969995,0.8132258858267716,27286,3099,0.2310258407559183,0.026238696785992482,25479,1330
0.22,0.8200000000000001,10374048.58525,8811538.01488,138065.0,19323651.60013,38616766.95987,0.810236220472441,27613,2772,0.23379449317573747,0.023470044366173334,25725,1084
0.22,0.8400000000000001,10669073.43925,7910375.33018,139730.0,18719178.76943,39221239.790570006,0.806951279527559,27946,2439,0.23661394655738816,0.02065059098452264,25969,840
0.22,0.86,10950868.959999999,7038075.079299999,141325.0,18130269.0393,39810149.52070001,0.8028912401574803,28265,2120,0.2393148643614319,0.017949673180478885,26178,631
0.22,0.88,11225600.947,6531662.337300001,142525.0,17899788.2843,40040630.2757,0.7998646653543307,28505,1880,0.24134690283469368,0.01591763470721712,26336,473
0.22,0.9,11558048.469250001,6107744.6051199995,143720.0,17809513.07437,40130905.485630006,0.7958046259842518,28744,1641,0.2433704744809835,0.013894063060927287,26465,344
0.22,0.92,11705155.9555,5735616.80506,144715.0,17585487.76056,40354930.799440004,0.7920029527559055,28943,1442,0.2450553730483964,0.01220916449351441,26561,248
0.22,0.9400000000000001,11973614.542,5501797.290160001,145740.0,17621151.83216,40319266.72784001,0.7873523622047244,29148,1237,0.2467910725776408,0.01047346496426999,26640,169
0.22,0.9600000000000001,12254660.97025,5417149.451560001,146795.0,17818605.42181,40121813.13819,0.7816313976377952,29359,1026,0.24857757306871678,0.008686964473194026,26696,113
0.22,0.98,12706522.5205,5364858.3674800005,148930.0,18220310.88798,39720107.67202,0.7680856299212598,29786,599,0.2521929081857283,0.005071629356182477,26756,53
0.24,0.24,6472754.36,83497833.781,0.0,89970588.141,-32030169.581,0.8690944881889764,0,28037,0.0,0.23738442781183325,0,24505
0.24,0.26,6543142.661,77305500.76089999,10370.0,83859013.42189999,-25918594.861899987,0.8678026574803149,2074,25963,0.01756019913977038,0.21982422867206286,2039,22466
0.24,0.28,6637183.49375,71260158.0985,20095.0,77917436.59225,-19977018.032250002,0.8661786417322835,4019,24018,0.034028177600162565,0.20335625021167067,3940,20565
0.24,0.30000000000000004,6764125.553,66434888.51112,28625.0,73227639.06412,-15287220.504119992,0.8643331692913386,5725,22312,0.04847258441426491,0.18891184339756834,5596,18909
0.24,0.32,6963076.79375,61364853.47804,36655.0,68364585.27179,-10424166.711789995,0.8618971456692913,7331,20706,0.06207030853117486,0.17531411928065838,7136,17369
0.24,0.34,7073030.163500001,56926242.8263,44025.0,64043297.989800006,-6102879.429800004,0.860199311023622,8805,19232,0.07455041148779083,0.1628340163240424,8564,15941
0.24,0.36000000000000004,7194334.10675,53096501.16664,50355.0,60341190.273389995,-2400771.7133899927,0.8584645669291339,10071,17966,0.08526941443424663,0.15211501337758662,9783,14722
0.24,0.38,7268303.48975,49644685.0531,56175.0,56969163.542849995,971255.0171500072,0.8570620078740158,11235,16802,0.09512480102956616,0.14225962678226708,10909,13596
0.24,0.4,7352648.919500001,46392564.857280016,61695.0,53806908.77678002,4133509.7832199857,0.8552903543307087,12339,15698,0.10447217800657026,0.13291224980526298,11965,12540
0.24,0.42000000000000004,7474476.749,43789122.89062001,66570.0,51330169.639620006,6610248.920379996,0.8534817913385827,13314,14723,0.11272733430419615,0.12465709350763708,12891,11614
0.24,0.44,7564120.115,40999838.85098,71460.0,48635418.96598,9304999.594020002,0.8514517716535434,14292,13745,0.12100789108273784,0.1163765367290954,13814,10691
0.24,0.46,7742105.92925,38405695.34656,76015.0,46223816.27581,11716602.28419,0.8491264763779527,15203,12834,0.1287211704541606,0.10866325735767264,14662,9843
0.24,0.48000000000000004,7838050.6505,36220602.63686,80085.0,44138738.28736,13801680.272640005,0.8471333661417323,16017,12020,0.13561316760930672,0.1017712602025265,15422,9083
0.24,0.5,7977921.325250001,34012531.47442,84045.0,42074497.79967,15865920.760329999,0.8446235236220473,16809,11228,0.14231889457107055,0.0950655332407627,16146,8359
0.24,0.52,8111940.39125,31506296.636100005,87900.0,39706137.02735001,18234281.532649994,0.842556594488189,17580,10457,0.14884681816642395,0.08853760964540928,16861,7644
0.24,0.54,8268963.2727500005,29228717.523540005,91560.0,37589240.79629,20351177.76371,0.8399729330708662,18312,9725,0.15504453550987232,0.08233989230196091,17523,6982
0.24,0.56,8464345.4705,27214839.763840005,95050.0,35774235.234340005,22166183.325659998,0.8375,19010,9027,0.16095438073627527,0.07643004707555796,18154,6351
0.24,0.5800000000000001,8672572.75775,25311794.28626,98150.0,34082517.04401,23857901.515990004,0.8350270669291339,19630,8407,0.16620381345886814,0.07118061435296508,18707,5798
0.24,0.6,8817160.41725,23546456.109339997,100975.0,32464591.526589997,25475827.033410005,0.8327755905511811,20195,7842,0.17098757069800521,0.06639685711382802,19211,5294
0.24,0.62,8952834.811250001,21797320.81164,103870.0,30854025.622890003,27086392.93711,0.830302657480315,20774,7263,0.17588986351474922,0.061494564297084026,19723,4782
0.24,0.64,9120911.9285,20371869.6655,106505.0,29599286.594,28341131.966000002,0.82779281496063,21301,6736,0.18035188132895316,0.05703254648288007,20182,4323
0.24,0.66,9305335.940000001,18762080.37674,109185.0,28176601.316740002,29763817.24326,0.8250615157480315,21837,6200,0.18489010058590444,0.05249432722592881,20644,3861
0.24,0.68,9438347.399,17119990.65892,111625.0,26669963.05792,31270455.50208,0.8229945866141731,22325,5712,0.18902191214820335,0.048362515663629896,21076,3429
0.24,0.7000000000000001,9688602.802250002,15591026.31634,114235.0,25393864.11859,32546554.44141,0.8200049212598425,22847,5190,0.19344159582754766,0.04394283198428557,21517,2988
0.24,0.7200000000000001,9925024.72925,14139621.373540001,116615.0,24181261.10279,33759157.457210004,0.8167199803149605,23323,4714,0.19747180546618348,0.03991262234564975,21904,2601
0.24,0.74,10172012.80325,12730007.62122,118730.0,23020750.42447,34919668.13553,0.8138041338582678,23746,4291,0.20105327327530734,0.03633115453652589,22248,2257
0.24,0.76,10437134.36975,11403248.914180001,120955.0,21961338.283930004,35979080.27607,0.8104453740157479,24191,3846,0.20482101127781352,0.03256341653401971,22602,1903
0.24,0.78,10712996.250500001,10253372.0423,122770.0,21089138.2928,36851280.2672,0.8073449803149607,24554,3483,0.20789446946862195,0.0294899583432113,22881,1624
0.24,0.8,10944679.1435,9221034.8495,124690.0,20290403.993,37650014.567,0.8040231299212599,24938,3099,0.21114573102584075,0.026238696785992482,23175,1330
0.24,0.8200000000000001,11186090.2925,8374872.7216,126325.0,19687288.0141,38253130.5459,0.801033464566929,25265,2772,0.2139143834456599,0.023470044366173334,23421,1084
0.24,0.8400000000000001,11481115.146499999,7473710.036900001,127990.0,19082815.183399998,38857603.376600005,0.7977485236220473,25598,2439,0.2167338368273106,0.02065059098452264,23665,840
0.24,0.86,11762910.66725,6601409.78602,129585.0,18493905.45327,39446513.10673,0.7936884842519686,25917,2120,0.21943475463135437,0.017949673180478885,23874,631
0.24,0.88,12037642.65425,6094997.044020001,130785.0,18263424.69827,39676993.86173,0.7906619094488189,26157,1880,0.22146679310461612,0.01591763470721712,24032,473
0.24,0.9,12370090.1765,5671079.3118400015,131980.0,18173149.48834,39767269.07166,0.7866018700787402,26396,1641,0.22349036475090595,0.013894063060927287,24161,344
0.24,0.92,12517197.66275,5298951.51178,132975.0,17949124.17453,39991294.38547,0.7828001968503937,26595,1442,0.22517526331831883,0.01220916449351441,24257,248
0.24,0.9400000000000001,12785656.24925,5065131.99688,134000.0,17984788.24613,39955630.31387,0.7781496062992126,26800,1237,0.22691096284756324,0.01047346496426999,24336,169
0.24,0.9600000000000001,13066702.677499998,4980484.15828,135055.0,18182241.83578,39758176.72422001,0.7724286417322835,27011,1026,0.22869746333863922,0.008686964473194026,24392,113
0.24,0.98,13518564.22775,4928193.074200001,137190.0,18583947.30195,39356471.25805,0.758882874015748,27438,599,0.23231279845565075,0.005071629356182477,24452,53
0.26,0.26,6942009.7,76921958.866,0.0,83863968.566,-25923550.005999997,0.8604822834645669,0,25963,0.0,0.21982422867206286,0,22466
0.26,0.28,7036050.53275,70876616.2036,9725.0,77922391.73635,-19981973.176349998,0.8588582677165355,1945,24018,0.016467978460392184,0.20335625021167067,1901,20565
0.26,0.30000000000000004,7162992.592,66051346.61622,18255.0,73232594.20822,-15292175.648220003,0.8570127952755906,3651,22312,0.030912385274494532,0.18891184339756834,3557,18909
0.26,0.32,7361943.83275,60981311.58314,26285.0,68369540.41589001,-10429121.855890006,0.8545767716535433,5257,20706,0.04451010939140448,0.17531411928065838,5097,17369
0.26,0.34,7471897.202500001,56542700.9314,33655.0,64048253.1339,-6107834.573899999,0.852878937007874,6731,19232,0.05699021234802046,0.1628340163240424,6525,15941
0.26,0.36000000000000004,7593201.14575,52712959.271740004,39985.0,60346145.417490005,-2405726.857490003,0.8511441929133858,7997,17966,0.06770921529447624,0.15211501337758662,7744,14722
0.26,0.38,7667170.5287500005,49261143.158199996,45805.0,56974118.68695,966299.8730500042,0.8497416338582677,9161,16802,0.07756460188979578,0.14225962678226708,8870,13596
0.26,0.4,7751515.958500001,46009022.962380014,51325.0,53811863.92088001,4128554.63911999,0.8479699803149606,10265,15698,0.08691197886679988,0.13291224980526298,9926,12540
0.26,0.42000000000000004,7873343.788000001,43405580.99572001,56200.0,51335124.78372001,6605293.776279993,0.8461614173228347,11240,14723,0.09516713516442578,0.12465709350763708,10852,11614
0.26,0.44,7962987.154,40616296.956080005,61090.0,48640374.110080004,9300044.449919999,0.8441313976377953,12218,13745,0.10344769194296745,0.1163765367290954,11775,10691
0.26,0.46,8140972.96825,38022153.45166,65645.0,46228771.41991,11711647.140090004,0.8418061023622047,13129,12834,0.11116097131439022,0.10866325735767264,12623,9843
0.26,0.48000000000000004,8236917.6895,35837060.741960004,69715.0,44143693.43146001,13796725.128539994,0.8398129921259843,13943,12020,0.11805296846953636,0.1017712602025265,13383,9083
0.26,0.5,8376788.364250001,33628989.57952,73675.0,42079452.94377001,15860965.616229996,0.8373031496062993,14735,11228,0.12475869543130017,0.0950655332407627,14107,8359
0.26,0.52,8510807.43025,31122754.741200007,77530.0,39711092.171450004,18229326.38855,0.835236220472441,15506,10457,0.13128661902665356,0.08853760964540928,14822,7644
0.26,0.54,8667830.31175,28845175.628640007,81190.0,37594195.940390006,20346222.619609997,0.8326525590551181,16238,9725,0.13748433637010193,0.08233989230196091,15484,6982
0.26,0.56,8863212.5095,26831297.868940003,84680.0,35779190.37844001,22161228.181559995,0.830179625984252,16936,9027,0.14339418159650488,0.07643004707555796,16115,6351
0.26,0.5800000000000001,9071439.79675,24928252.391360004,87780.0,34087472.18811,23852946.37189,0.8277066929133858,17556,8407,0.14864361431909778,0.07118061435296508,16668,5798
0.26,0.6,9216027.45625,23162914.21444,90605.0,32469546.67069,25470871.889310002,0.8254552165354331,18121,7842,0.15342737155823483,0.06639685711382802,17172,5294
0.26,0.62,9351701.85025,21413778.91674,93500.0,30858980.76699,27081437.793010004,0.8229822834645669,18700,7263,0.15832966437497883,0.061494564297084026,17684,4782
0.26,0.64,9519778.9675,19988327.7706,96135.0,29604241.7381,28336176.821900003,0.8204724409448819,19227,6736,0.16279168218918277,0.05703254648288007,18143,4323
0.26,0.66,9704202.979,18378538.48184,98815.0,28181556.46084,29758862.09916,0.8177411417322835,19763,6200,0.16732990144613405,0.05249432722592881,18605,3861
0.26,0.68,9837214.438,16736448.76402,101255.0,26674918.202019997,31265500.357980005,0.8156742125984251,20251,5712,0.17146171300843296,0.048362515663629896,19037,3429
0.26,0.7000000000000001,10087469.84125,15207484.421440002,103865.0,25398819.26269,32541599.297310002,0.8126845472440944,20773,5190,0.17588139668777727,0.04394283198428557,19478,2988
0.26,0.7200000000000001,10323891.76825,13756079.47864,106245.0,24186216.24689,33754202.31311,0.8093996062992125,21249,4714,0.17991160632641312,0.03991262234564975,19865,2601
0.26,0.74,10570879.84225,12346465.72632,108360.0,23025705.568570003,34914712.99143,0.8064837598425197,21672,4291,0.18349307413553698,0.03633115453652589,20209,2257
0.26,0.76,10836001.408750001,11019707.01928,110585.0,21966293.42803,35974125.13197,0.8031249999999999,22117,3846,0.18726081213804316,0.03256341653401971,20563,1903
0.26,0.78,11111863.2895,9869830.147400001,112400.0,21094093.4369,36846325.1231,0.8000246062992127,22480,3483,0.19033427032885156,0.0294899583432113,20842,1624
0.26,0.8,11343546.182500001,8837492.954599999,114320.0,20295359.1371,37645059.422900006,0.7967027559055119,22864,3099,0.1935855318860704,0.026238696785992482,21136,1330
0.26,0.8200000000000001,11584957.331500001,7991330.8267,115955.0,19692243.158200003,38248175.4018,0.793713090551181,23191,2772,0.19635418430588952,0.023470044366173334,21382,1084
0.26,0.8400000000000001,11879982.1855,7090168.142,117620.0,19087770.3275,38852648.2325,0.7904281496062993,23524,2439,0.1991736376875402,0.02065059098452264,21626,840
0.26,0.86,12161777.70625,6217867.89112,119215.0,18498860.59737,39441557.96263,0.7863681102362206,23843,2120,0.20187455549158398,0.017949673180478885,21835,631
0.26,0.88,12436509.69325,5711455.14912,120415.0,18268379.84237,39672038.71763,0.7833415354330708,24083,1880,0.20390659396484573,0.01591763470721712,21993,473
0.26,0.9,12768957.215499999,5287537.41694,121610.0,18178104.63244,39762313.92756,0.7792814960629921,24322,1641,0.20593016561113556,0.013894063060927287,22122,344
0.26,0.92,12916064.70175,4915409.616880001,122605.0,17954079.31863,39986339.24137001,0.7754798228346457,24521,1442,0.20761506417854844,0.01220916449351441,22218,248
0.26,0.9400000000000001,13184523.28825,4681590.101980001,123630.0,17989743.39023,39950675.16977,0.7708292322834646,24726,1237,0.20935076370779288,0.01047346496426999,22297,169
0.26,0.9600000000000001,13465569.7165,4596942.263379999,124685.0,18187196.979879998,39753221.580120005,0.7651082677165355,24937,1026,0.21113726419886883,0.008686964473194026,22353,113
0.26,0.98,13917431.26675,4544651.179299999,126820.0,18588902.44605,39351516.11395,0.7515625,25364,599,0.2147525993158804,0.005071629356182477,22413,53
0.28,0.28,7568948.585,70501663.906,0.0,78070612.491,-20130193.930999994,0.8496555118110236,0,24018,0.0,0.20335625021167067,0,20565
0.28,0.30000000000000004,7695890.64425,65676394.31862,8530.0,73380814.96287,-15440396.40287,0.8478100393700787,1706,22312,0.014444406814102346,0.18891184339756834,1656,18909
0.28,0.32,7894841.885,60606359.28554,16560.0,68517761.17054,-10577342.610540003,0.8453740157480315,3312,20706,0.028042130931012293,0.17531411928065838,3196,17369
0.28,0.34,8004795.25475,56167748.6338,23930.0,64196473.88855,-6256055.328549996,0.8436761811023622,4786,19232,0.040522233887628274,0.1628340163240424,4624,15941
0.28,0.36000000000000004,8126099.198,52338006.97414,30260.0,60494366.17214,-2553947.61214,0.841941437007874,6052,17966,0.05124123683408406,0.15211501337758662,5843,14722
0.28,0.38,8200068.581,48886190.8606,36080.0,57122339.4416,818079.1184,0.8405388779527558,7216,16802,0.0610966234294036,0.14225962678226708,6969,13596
0.28,0.4,8284414.010749999,45634070.66478001,41600.0,53960084.67553002,3980333.884469986,0.8387672244094488,8320,15698,0.07044400040640769,0.13291224980526298,8025,12540
0.28,0.42000000000000004,8406241.84025,43030628.698120005,46475.0,51483345.538370006,6457073.021629997,0.8369586614173229,9295,14723,0.0786991567040336,0.12465709350763708,8951,11614
0.28,0.44,8495885.20625,40241344.65848,51365.0,48788594.86473,9151823.695270002,0.8349286417322835,10273,13745,0.08697971348257527,0.1163765367290954,9874,10691
0.28,0.46,8673871.0205,37647201.154060006,55920.0,46376992.17456001,11563426.385439992,0.8326033464566929,11184,12834,0.09469299285399804,0.10866325735767264,10722,9843
0.28,0.48000000000000004,8769815.74175,35462108.44436,59990.0,44291914.186110005,13648504.373889998,0.8306102362204724,11998,12020,0.10158499000914417,0.1017712602025265,11482,9083
0.28,0.5,8909686.4165,33254037.281920005,63950.0,42227673.69842,15712744.86158,0.8281003937007875,12790,11228,0.10829071697090799,0.0950655332407627,12206,8359
0.28,0.52,9043705.4825,30747802.443600006,67805.0,39859312.92610001,18081105.633899994,0.8260334645669292,13561,10457,0.11481864056626138,0.08853760964540928,12921,7644
0.28,0.54,9200728.364,28470223.331040006,71465.0,37742416.69504,20198001.86496,0.8234498031496063,14293,9725,0.12101635790970976,0.08233989230196091,13583,6982
0.28,0.56,9396110.56175,26456345.571340002,74955.0,35927411.133090004,22013007.426909998,0.8209768700787401,14991,9027,0.12692620313611272,0.07643004707555796,14214,6351
0.28,0.5800000000000001,9604337.849,24553300.093760002,78055.0,34235692.942760006,23704725.617239997,0.818503937007874,15611,8407,0.1321756358587056,0.07118061435296508,14767,5798
0.28,0.6,9748925.508499999,22787961.91684,80880.0,32617767.425339997,25322651.134660006,0.8162524606299213,16176,7842,0.13695939309784266,0.06639685711382802,15271,5294
0.28,0.62,9884599.9025,21038826.61914,83775.0,31007201.52164,26933217.038360003,0.813779527559055,16755,7263,0.14186168591458664,0.061494564297084026,15783,4782
0.28,0.64,10052677.019749999,19613375.473,86410.0,29752462.49275,28187956.067250002,0.81126968503937,17282,6736,0.1463237037287906,0.05703254648288007,16242,4323
0.28,0.66,10237101.03125,18003586.184240002,89090.0,28329777.215490002,29610641.34451,0.8085383858267716,17818,6200,0.15086192298574186,0.05249432722592881,16704,3861
0.28,0.68,10370112.490249999,16361496.46642,91530.0,26823138.95667,31117279.60333,0.8064714566929134,18306,5712,0.15499373454804077,0.048362515663629896,17136,3429
0.28,0.7000000000000001,10620367.8935,14832532.12384,94140.0,25547040.01734,32393378.54266,0.8034817913385827,18828,5190,0.1594134182273851,0.04394283198428557,17577,2988
0.28,0.7200000000000001,10856789.8205,13381127.18104,96520.0,24334437.001539998,33605981.558460005,0.8001968503937008,19304,4714,0.16344362786602093,0.03991262234564975,17964,2601
0.28,0.74,11103777.8945,11971513.42872,98635.0,23173926.32322,34766492.23678,0.7972810039370077,19727,4291,0.16702509567514479,0.03633115453652589,18308,2257
0.28,0.76,11368899.461,10644754.72168,100860.0,22114514.18268,35825904.37732001,0.7939222440944882,20172,3846,0.17079283367765097,0.03256341653401971,18662,1903
0.28,0.78,11644761.34175,9494877.8498,102675.0,21242314.19155,36698104.36845,0.7908218503937007,20535,3483,0.17386629186845937,0.0294899583432113,18941,1624
0.28,0.8,11876444.234749999,8462540.657000002,104595.0,20443579.89175,37496838.66825,0.7874999999999999,20919,3099,0.1771175534256782,0.026238696785992482,19235,1330
0.28,0.8200000000000001,12117855.38375,7616378.529100001,106230.0,19840463.91285,38099954.64715,0.7845103346456693,21246,2772,0.17988620584549733,0.023470044366173334,19481,1084
0.28,0.8400000000000001,12412880.237750001,6715215.8444,107895.0,19235991.08215,38704427.477850005,0.7812253937007874,21579,2439,0.18270565922714804,0.02065059098452264,19725,840
0.28,0.86,12694675.7585,5842915.593520001,109490.0,18647081.352020003,39293337.20798,0.7771653543307085,21898,2120,0.1854065770311918,0.017949673180478885,19934,631
0.28,0.88,12969407.7455,5336502.85152,110690.0,18416600.59702,39523817.96298,0.774138779527559,22138,1880,0.18743861550445354,0.01591763470721712,20092,473
0.28,0.9,13301855.26775,4912585.119340001,111885.0,18326325.38709,39614093.172910005,0.7700787401574803,22377,1641,0.1894621871507434,0.013894063060927287,20221,344
0.28,0.92,13448962.754,4540457.3192799995,112880.0,18102300.07328,39838118.48672,0.7662770669291338,22576,1442,0.19114708571815625,0.01220916449351441,20317,248
0.28,0.9400000000000001,13717421.340499999,4306637.804380001,113905.0,18137964.14488,39802454.415120006,0.7616264763779528,22781,1237,0.19288278524740068,0.01047346496426999,20396,169
0.28,0.9600000000000001,13998467.768749999,4221989.96578,114960.0,18335417.73453,39605000.82547,0.7559055118110236,22992,1026,0.19466928573847664,0.008686964473194026,20452,113
0.28,0.98,14450329.319,4169698.8817,117095.0,18737123.2007,39203295.3593,0.7423597440944881,23419,599,0.1982846208554882,0.005071629356182477,20512,53
0.30000000000000004,0.30000000000000004,8415228.98,65377911.578999996,0.0,73793140.559,-15852721.998999998,0.8373523622047244,0,22312,0.0,0.18891184339756834,0,18909
0.30000000000000004,0.32,8614180.22075,60307876.54592,8030.0,68930086.76667,-10989668.206670001,0.8349163385826771,1606,20706,0.013597724116909947,0.17531411928065838,1540,17369
0.30000000000000004,0.34,8724133.5905,55869265.89418,15400.0,64608799.48468,-6668380.924679995,0.8332185039370078,3080,19232,0.026077827073525926,0.1628340163240424,2968,15941
0.30000000000000004,0.36000000000000004,8845437.533750001,52039524.23452,21730.0,60906691.76827,-2966273.2082699984,0.8314837598425197,4346,17966,0.03679683001998171,0.15211501337758662,4187,14722
0.30000000000000004,0.38,8919406.91675,48587708.12098,27550.0,57534665.03773,405753.5222700015,0.8300812007874016,5510,16802,0.04665221661530125,0.14225962678226708,5313,13596
0.30000000000000004,0.4,9003752.3465,45335587.92516001,33070.0,54372410.271660015,3568008.2883399874,0.8283095472440944,6614,15698,0.05599959359230535,0.13291224980526298,6369,12540
0.30000000000000004,0.42000000000000004,9125580.176,42732145.958500005,37945.0,51895671.134500004,6044747.425499998,0.8265009842519685,7589,14723,0.06425474988993125,0.12465709350763708,7295,11614
0.30000000000000004,0.44,9215223.542000001,39942861.91886,42835.0,49200920.46086001,8739498.099139996,0.8244709645669291,8567,13745,0.07253530666847292,0.1163765367290954,8218,10691
0.30000000000000004,0.46,9393209.356250001,37348718.414440006,47390.0,46789317.77069001,11151100.789309993,0.8221456692913386,9478,12834,0.0802485860398957,0.10866325735767264,9066,9843
0.30000000000000004,0.48000000000000004,9489154.0775,35163625.70474,51460.0,44704239.78224,13236178.777759999,0.8201525590551181,10292,12020,0.08714058319504182,0.1017712602025265,9826,9083
0.30000000000000004,0.5,9629024.75225,32955554.542300005,55420.0,42639999.29455,15300419.26545,0.8176427165354331,11084,11228,0.09384631015680564,0.0950655332407627,10550,8359
0.30000000000000004,0.52,9763043.81825,30449319.703980006,59275.0,40271638.52223001,17668780.037769996,0.8155757874015748,11855,10457,0.10037423375215904,0.08853760964540928,11265,7644
0.30000000000000004,0.54,9920066.69975,28171740.591420006,62935.0,38154742.29117001,19785676.268829994,0.812992125984252,12587,9725,0.10657195109560741,0.08233989230196091,11927,6982
0.30000000000000004,0.56,10115448.8975,26157862.831720002,66425.0,36339736.72922,21600681.83078,0.8105191929133858,13285,9027,0.11248179632201036,0.07643004707555796,12558,6351
0.30000000000000004,0.5800000000000001,10323676.18475,24254817.354140002,69525.0,34648018.538890004,23292400.02111,0.8080462598425197,13905,8407,0.11773122904460324,0.07118061435296508,13111,5798
0.30000000000000004,0.6,10468263.844250001,22489479.177219998,72350.0,33030093.02147,24910325.538530003,0.8057947834645669,14470,7842,0.1225149862837403,0.06639685711382802,13615,5294
0.30000000000000004,0.62,10603938.23825,20740343.87952,75245.0,31419527.11777,26520891.44223,0.8033218503937007,15049,7263,0.1274172791004843,0.061494564297084026,14127,4782
0.30000000000000004,0.64,10772015.355500001,19314892.73338,77880.0,30164788.088880002,27775630.47112,0.8008120078740157,15576,6736,0.13187929691468825,0.05703254648288007,14586,4323
0.30000000000000004,0.66,10956439.367,17705103.444620002,80560.0,28742102.811620004,29198315.748379998,0.7980807086614173,16112,6200,0.13641751617163952,0.05249432722592881,15048,3861
0.30000000000000004,0.68,11089450.826000001,16063013.7268,83000.0,27235464.5528,30704954.007200003,0.796013779527559,16600,5712,0.14054932773393844,0.048362515663629896,15480,3429
0.30000000000000004,0.7000000000000001,11339706.229249999,14534049.38422,85610.0,25959365.61347,31981052.946530003,0.7930241141732284,17122,5190,0.14496901141328275,0.04394283198428557,15921,2988
0.30000000000000004,0.7200000000000001,11576128.15625,13082644.44142,87990.0,24746762.59767,33193655.962330002,0.7897391732283464,17598,4714,0.1489992210519186,0.03991262234564975,16308,2601
0.30000000000000004,0.74,11823116.230250001,11673030.689100001,90105.0,23586251.919350002,34354166.640650004,0.7868233267716535,18021,4291,0.15258068886104242,0.03633115453652589,16652,2257
0.30000000000000004,0.76,12088237.79675,10346271.98206,92330.0,22526839.778810002,35413578.78119,0.7834645669291339,18466,3846,0.1563484268635486,0.03256341653401971,17006,1903
0.30000000000000004,0.78,12364099.6775,9196395.110180002,94145.0,21654639.78768,36285778.77232,0.7803641732283464,18829,3483,0.15942188505435703,0.0294899583432113,17285,1624
0.30000000000000004,0.8,12595782.5705,8164057.917380001,96065.0,20855905.48788,37084513.07212,0.7770423228346456,19213,3099,0.16267314661157584,0.026238696785992482,17579,1330
0.30000000000000004,0.8200000000000001,12837193.719500002,7317895.789480001,97700.0,20252789.508980002,37687629.05102,0.7740526574803149,19540,2772,0.165441799031395,0.023470044366173334,17825,1084
0.30000000000000004,0.8400000000000001,13132218.5735,6416733.10478,99365.0,19648316.67828,38292101.88172001,0.770767716535433,19873,2439,0.16826125241304568,0.02065059098452264,18069,840
0.30000000000000004,0.86,13414014.094250001,5544432.8538999995,100960.0,19059406.94815,38881011.61185,0.7667076771653543,20192,2120,0.17096217021708945,0.017949673180478885,18278,631
0.30000000000000004,0.88,13688746.08125,5038020.1119,102160.0,18828926.19315,39111492.36685,0.7636811023622047,20432,1880,0.1729942086903512,0.01591763470721712,18436,473
0.30000000000000004,0.9,14021193.6035,4614102.379720001,103355.0,18738650.98322,39201767.57678001,0.759621062992126,20671,1641,0.17501778033664103,0.013894063060927287,18565,344
0.30000000000000004,0.92,14168301.08975,4241974.57966,104350.0,18514625.669409998,39425792.890590005,0.7558193897637795,20870,1442,0.17670267890405392,0.01220916449351441,18661,248
0.30000000000000004,0.9400000000000001,14436759.67625,4008155.0647600004,105375.0,18550289.74101,39390128.81899001,0.7511687992125984,21075,1237,0.17843837843329835,0.01047346496426999,18740,169
0.30000000000000004,0.9600000000000001,14717806.1045,3923507.22616,106430.0,18747743.33066,39192675.22934,0.7454478346456693,21286,1026,0.1802248789243743,0.008686964473194026,18796,113
0.30000000000000004,0.98,15169667.65475,3871216.1420800006,108565.0,19149448.796830002,38790969.763170004,0.7319020669291338,21713,599,0.18384021404138584,0.005071629356182477,18856,53
0.32,0.32,9741570.585,59993104.097,0.0,69734674.68200001,-11794256.122000009,0.8211122047244095,0,20706,0.0,0.17531411928065838,0,17369
0.32,0.34,9851523.954750001,55554493.44526,7370.0,65413387.400010005,-7472968.840010002,0.8194143700787402,1474,19232,0.012480102956615979,0.1628340163240424,1428,15941
0.32,0.36000000000000004,9972827.898,51724751.7856,13700.0,61711279.6836,-3770861.1235999987,0.817679625984252,2740,17966,0.023199105903071764,0.15211501337758662,2647,14722
0.32,0.38,10046797.281000001,48272935.67206,19520.0,58339252.95306,-398834.39305999875,0.8162770669291338,3904,16802,0.033054492498391305,0.14225962678226708,3773,13596
0.32,0.4,10131142.71075,45020815.47624001,25040.0,55176998.18699001,2763420.3730099946,0.8145054133858268,5008,15698,0.0424018694753954,0.13291224980526298,4829,12540
0.32,0.42000000000000004,10252970.540250001,42417373.50958001,29915.0,52700259.04983001,5240159.51016999,0.8126968503937009,5983,14723,0.0506570257730213,0.12465709350763708,5755,11614
0.32,0.44,10342613.90625,39628089.46994,34805.0,50005508.37619,7934910.183810003,0.8106668307086614,6961,13745,0.05893758255156298,0.1163765367290954,6678,10691
0.32,0.46,10520599.720500002,37033945.96552,39360.0,47593905.68602,10346512.87398,0.8083415354330709,7872,12834,0.06665086192298574,0.10866325735767264,7526,9843
0.32,0.48000000000000004,10616544.441750001,34848853.25582,43430.0,45508827.697569996,12431590.862430006,0.8063484251968503,8686,12020,0.07354285907813188,0.1017712602025265,8286,9083
0.32,0.5,10756415.116500001,32640782.093380004,47390.0,43444587.20988001,14495831.350119993,0.8038385826771653,9478,11228,0.0802485860398957,0.0950655332407627,9010,8359
0.32,0.52,10890434.182500001,30134547.255060006,51245.0,41076226.43756001,16864192.122439995,0.8017716535433072,10249,10457,0.08677650963524909,0.08853760964540928,9725,7644
0.32,0.54,11047457.064000001,27856968.142500006,54905.0,38959330.20650001,18981088.353499994,0.7991879921259842,10981,9725,0.09297422697869746,0.08233989230196091,10387,6982
0.32,0.56,11242839.261750001,25843090.3828,58395.0,37144324.64455,20796093.91545,0.7967150590551181,11679,9027,0.09888407220510041,0.07643004707555796,11018,6351
0.32,0.5800000000000001,11451066.549,23940044.905220002,61495.0,35452606.454220004,22487812.105779998,0.794242125984252,12299,8407,0.1041335049276933,0.07118061435296508,11571,5798
0.32,0.6,11595654.208500002,22174706.728299998,64320.0,33834680.9368,24105737.6232,0.7919906496062993,12864,7842,0.10891726216683036,0.06639685711382802,12075,5294
0.32,0.62,11731328.602500001,20425571.430600002,67215.0,32224115.0331,25716303.5269,0.789517716535433,13443,7263,0.11381955498357435,0.061494564297084026,12587,4782
0.32,0.64,11899405.719750002,19000120.28446,69850.0,30969376.004210003,26971042.55579,0.787007874015748,13970,6736,0.1182815727977783,0.05703254648288007,13046,4323
0.32,0.66,12083829.731250001,17390330.9957,72530.0,29546690.726950005,28393727.833049998,0.7842765748031496,14506,6200,0.12281979205472957,0.05249432722592881,13508,3861
0.32,0.68,12216841.190250002,15748241.277880002,74970.0,28040052.468130004,29900366.09187,0.7822096456692914,14994,5712,0.12695160361702848,0.048362515663629896,13940,3429
0.32,0.7000000000000001,12467096.593500001,14219276.9353,77580.0,26763953.528800003,31176465.0312,0.7792199803149606,15516,5190,0.13137128729637282,0.04394283198428557,14381,2988
0.32,0.7200000000000001,12703518.5205,12767871.9925,79960.0,25551350.513,32389068.047000002,0.7759350393700787,15992,4714,0.13540149693500864,0.03991262234564975,14768,2601
0.32,0.74,12950506.5945,11358258.24018,82075.0,24390839.83468,33549578.725320004,0.7730191929133858,16415,4291,0.1389829647441325,0.03633115453652589,15112,2257
0.32,0.76,13215628.161,10031499.53314,84300.0,23331427.694140002,34608990.86586,0.7696604330708661,16860,3846,0.14275070274663867,0.03256341653401971,15466,1903
0.32,0.78,13491490.04175,8881622.661260001,86115.0,22459227.70301,35481190.85699,0.7665600393700788,17223,3483,0.14582416093744707,0.0294899583432113,15745,1624
0.32,0.8,13723172.93475,7849285.468460001,88035.0,21660493.40321,36279925.15679,0.763238188976378,17607,3099,0.1490754224946659,0.026238696785992482,16039,1330
0.32,0.8200000000000001,13964584.083750002,7003123.34056,89670.0,21057377.424310002,36883041.13569,0.7602485236220472,17934,2772,0.15184407491448504,0.023470044366173334,16285,1084
0.32,0.8400000000000001,14259608.93775,6101960.65586,91335.0,20452904.59361,37487513.96639,0.7569635826771653,18267,2439,0.15466352829613575,0.02065059098452264,16529,840
0.32,0.86,14541404.458500002,5229660.40498,92930.0,19863994.86348,38076423.69652,0.7529035433070866,18586,2120,0.1573644461001795,0.017949673180478885,16738,631
0.32,0.88,14816136.445500001,4723247.66298,94130.0,19633514.10848,38306904.45152,0.749876968503937,18826,1880,0.15939648457344124,0.01591763470721712,16896,473
0.32,0.9,15148583.967750002,4299329.9308,95325.0,19543238.898550004,38397179.66145,0.7458169291338582,19065,1641,0.1614200562197311,0.013894063060927287,17025,344
0.32,0.92,15295691.454,3927202.13074,96320.0,19319213.584739998,38621204.975260004,0.7420152559055119,19264,1442,0.16310495478714396,0.01220916449351441,17121,248
0.32,0.9400000000000001,15564150.0405,3693382.61584,97345.0,19354877.65634,38585540.90366,0.7373646653543307,19469,1237,0.1648406543163884,0.01047346496426999,17200,169
0.32,0.9600000000000001,15845196.46875,3608734.7772399997,98400.0,19552331.24599,38388087.31401,0.7316437007874016,19680,1026,0.16662715480746434,0.008686964473194026,17256,113
0.32,0.98,16297058.019000001,3556443.6931600003,100535.0,19954036.712160002,37986381.847839996,0.7180979330708661,20107,599,0.1702424899244759,0.005071629356182477,17316,53
0.34,0.34,10474593.05,55279381.276,0.0,65753974.326000005,-7813555.766000003,0.8097933070866141,0,19232,0.0,0.1628340163240424,0,15941
0.34,0.36000000000000004,10595896.993250001,51449639.616340004,6330.0,62051866.60959001,-4111448.0495900065,0.808058562992126,1266,17966,0.010719002946455787,0.15211501337758662,1219,14722
0.34,0.38,10669866.37625,47997823.5028,12150.0,58679839.87905,-739421.3190499991,0.8066560039370079,2430,16802,0.020574389541775324,0.14225962678226708,2345,13596
0.34,0.4,10754211.806,44745703.306980014,17670.0,55517585.112980016,2422833.447019987,0.8048843503937009,3534,15698,0.02992176651877942,0.13291224980526298,3401,12540
0.34,0.42000000000000004,10876039.6355,42142261.340320006,22545.0,53040845.975820005,4899572.584179997,0.8030757874015747,4509,14723,0.03817692281640533,0.12465709350763708,4327,11614
0.34,0.44,10965683.001500001,39352977.300680004,27435.0,50346095.30218001,7594323.257819995,0.8010457677165354,5487,13745,0.046457479594947,0.1163765367290954,5250,10691
0.34,0.46,11143668.815750001,36758833.79626,31990.0,47934492.61201,10005925.94799,0.7987204724409449,6398,12834,0.05417075896636976,0.10866325735767264,6098,9843
0.34,0.48000000000000004,11239613.537,34573741.08656,36060.0,45849414.623560004,12091003.936439998,0.7967273622047244,7212,12020,0.0610627561215159,0.1017712602025265,6858,9083
0.34,0.5,11379484.21175,32365669.924120005,40020.0,43785174.13587001,14155244.424129993,0.7942175196850393,8004,11228,0.0677684830832797,0.0950655332407627,7582,8359
0.34,0.52,11513503.27775,29859435.085800007,43875.0,41416813.36355001,16523605.196449995,0.7921505905511812,8775,10457,0.07429640667863312,0.08853760964540928,8297,7644
0.34,0.54,11670526.15925,27581855.973240007,47535.0,39299917.13249001,18640501.427509993,0.7895669291338583,9507,9725,0.08049412402208149,0.08233989230196091,8959,6982
0.34,0.56,11865908.357,25567978.213540003,51025.0,37484911.57054,20455506.98946,0.7870939960629921,10205,9027,0.08640396924848444,0.07643004707555796,9590,6351
0.34,0.5800000000000001,12074135.64425,23664932.735960003,54125.0,35793193.380210005,22147225.179789998,0.784621062992126,10825,8407,0.09165340197107733,0.07118061435296508,10143,5798
0.34,0.6,12218723.30375,21899594.55904,56950.0,34175267.86279,23765150.69721,0.7823695866141732,11390,7842,0.09643715921021438,0.06639685711382802,10647,5294
0.34,0.62,12354397.69775,20150459.26134,59845.0,32564701.959090002,25375716.60091,0.7798966535433071,11969,7263,0.10133945202695838,0.061494564297084026,11159,4782
0.34,0.64,12522474.815000001,18725008.1152,62480.0,31309962.930200003,26630455.6298,0.7773868110236221,12496,6736,0.10580146984116233,0.05703254648288007,11618,4323
0.34,0.66,12706898.8265,17115218.826440003,65160.0,29887277.652940005,28053140.907059997,0.7746555118110235,13032,6200,0.11033968909811359,0.05249432722592881,12080,3861
0.34,0.68,12839910.285500001,15473129.108620001,67600.0,28380639.39412,29559779.165880002,0.7725885826771653,13520,5712,0.1144715006604125,0.048362515663629896,12512,3429
0.34,0.7000000000000001,13090165.68875,13944164.766040001,70210.0,27104540.454790004,30835878.10521,0.7695989173228347,14042,5190,0.11889118433975683,0.04394283198428557,12953,2988
0.34,0.7200000000000001,13326587.61575,12492759.82324,72590.0,25891937.43899,32048481.12101,0.7663139763779528,14518,4714,0.12292139397839266,0.03991262234564975,13340,2601
0.34,0.74,13573575.68975,11083146.07092,74705.0,24731426.76067,33208991.799330004,0.7633981299212598,14941,4291,0.12650286178751652,0.03633115453652589,13684,2257
0.34,0.76,13838697.256250001,9756387.363880001,76930.0,23672014.620130002,34268403.93987,0.7600393700787402,15386,3846,0.1302705997900227,0.03256341653401971,14038,1903
0.34,0.78,14114559.137,8606510.492,78745.0,22799814.629,35140603.931,0.7569389763779527,15749,3483,0.1333440579808311,0.0294899583432113,14317,1624
0.34,0.8,14346242.03,7574173.2992,80665.0,22001080.3292,35939338.2308,0.7536171259842519,16133,3099,0.13659531953804993,0.026238696785992482,14611,1330
0.34,0.8200000000000001,14587653.179000001,6728011.1713,82300.0,21397964.3503,36542454.2097,0.7506274606299213,16460,2772,0.13936397195786906,0.023470044366173334,14857,1084
0.34,0.8400000000000001,14882678.033,5826848.4866,83965.0,20793491.5196,37146927.0404,0.7473425196850393,16793,2439,0.14218342533951975,0.02065059098452264,15101,840
0.34,0.86,15164473.55375,4954548.23572,85560.0,20204581.789470002,37735836.77053,0.7432824803149606,17112,2120,0.14488434314356352,0.017949673180478885,15310,631
0.34,0.88,15439205.54075,4448135.493720001,86760.0,19974101.03447,37966317.52553,0.740255905511811,17352,1880,0.14691638161682527,0.01591763470721712,15468,473
0.34,0.9,15771653.063000001,4024217.76154,87955.0,19883825.82454,38056592.73546,0.7361958661417322,17591,1641,0.14893995326311513,0.013894063060927287,15597,344
0.34,0.92,15918760.54925,3652089.9614799996,88950.0,19659800.51073,38280618.049270004,0.7323941929133858,17790,1442,0.15062485183052798,0.01220916449351441,15693,248
0.34,0.9400000000000001,16187219.13575,3418270.44658,89975.0,19695464.58233,38244953.97767,0.7277436023622048,17995,1237,0.15236055135977242,0.01047346496426999,15772,169
0.34,0.9600000000000001,16468265.564000001,3333622.6079800003,91030.0,19892918.17198,38047500.38802,0.7220226377952756,18206,1026,0.15414705185084837,0.008686964473194026,15828,113
0.34,0.98,16920127.11425,3281331.5239000004,93165.0,20294623.63815,37645794.92185,0.7084768700787402,18633,599,0.15776238696785994,0.005071629356182477,15888,53
0.36000000000000004,0.36000000000000004,11283286.005,51212190.787,0.0,62495476.792,-4555058.232000001,0.7982283464566929,0,17966,0.0,0.15211501337758662,0,14722
0.36000000000000004,0.38,11357255.388,47760374.67346,5820.0,59123450.06146,-1183031.5014600009,0.7968257874015748,1164,16802,0.009855386595319537,0.14225962678226708,1126,13596
0.36000000000000004,0.4,11441600.817750001,44508254.47764001,11340.0,55961195.29539001,1979223.2646099925,0.7950541338582677,2268,15698,0.019202763572323638,0.13291224980526298,2182,12540
0.36000000000000004,0.42000000000000004,11563428.64725,41904812.51098001,16215.0,53484456.15823001,4455962.401769996,0.7932455708661418,3243,14723,0.027457919869949537,0.12465709350763708,3108,11614
0.36000000000000004,0.44,11653072.01325,39115528.47134,21105.0,50789705.48459,7150713.075410001,0.7912155511811023,4221,13745,0.03573847664849121,0.1163765367290954,4031,10691
0.36000000000000004,0.46,11831057.8275,36521384.96692,25660.0,48378102.794420004,9562315.765579998,0.7888902559055119,5132,12834,0.043451756019913974,0.10866325735767264,4879,9843
0.36000000000000004,0.48000000000000004,11927002.54875,34336292.25722,29730.0,46293024.80597,11647393.754030004,0.7868971456692913,5946,12020,0.05034375317506012,0.1017712602025265,5639,9083
0.36000000000000004,0.5,12066873.2235,32128221.094780006,33690.0,44228784.318280004,13711634.241719998,0.7843873031496063,6738,11228,0.05704948013682393,0.0950655332407627,6363,8359
0.36000000000000004,0.52,12200892.2895,29621986.256460007,37545.0,41860423.54596001,16079995.014039993,0.782320374015748,7509,10457,0.06357740373217732,0.08853760964540928,7078,7644
0.36000000000000004,0.54,12357915.171,27344407.143900007,41205.0,39743527.31490001,18196891.24509999,0.7797367125984251,8241,9725,0.0697751210756257,0.08233989230196091,7740,6982
0.36000000000000004,0.56,12553297.36875,25330529.384200003,44695.0,37928521.752950005,20011896.807049997,0.7772637795275591,8939,9027,0.07568496630202866,0.07643004707555796,8371,6351
0.36000000000000004,0.5800000000000001,12761524.656000001,23427483.906620003,47795.0,36236803.56262001,21703614.997379996,0.7747908464566929,9559,8407,0.08093439902462153,0.07118061435296508,8924,5798
0.36000000000000004,0.6,12906112.3155,21662145.7297,50620.0,34618878.0452,23321540.514800005,0.7725393700787402,10124,7842,0.08571815626375859,0.06639685711382802,9428,5294
0.36000000000000004,0.62,13041786.7095,19913010.432,53515.0,33008312.1415,24932106.418500002,0.770066437007874,10703,7263,0.0906204490805026,0.061494564297084026,9940,4782
0.36000000000000004,0.64,13209863.826750001,18487559.285860002,56150.0,31753573.112610005,26186845.447389998,0.7675565944881889,11230,6736,0.09508246689470654,0.05703254648288007,10399,4323
0.36000000000000004,0.66,13394287.83825,16877769.997100003,58830.0,30330887.835350003,27609530.72465,0.7648252952755905,11766,6200,0.09962068615165781,0.05249432722592881,10861,3861
0.36000000000000004,0.68,13527299.29725,15235680.279280001,61270.0,28824249.576530002,29116168.98347,0.7627583661417323,12254,5712,0.10375249771395671,0.048362515663629896,11293,3429
0.36000000000000004,0.7000000000000001,13777554.7005,13706715.936700001,63880.0,27548150.6372,30392267.9228,0.7597687007874016,12776,5190,0.10817218139330105,0.04394283198428557,11734,2988
0.36000000000000004,0.7200000000000001,14013976.627500001,12255310.993900001,66260.0,26335547.621400002,31604870.9386,0.7564837598425197,13252,4714,0.11220239103193687,0.03991262234564975,12121,2601
0.36000000000000004,0.74,14260964.7015,10845697.24158,68375.0,25175036.94308,32765381.61692,0.7535679133858267,13675,4291,0.11578385884106072,0.03633115453652589,12465,2257
0.36000000000000004,0.76,14526086.268000001,9518938.53454,70600.0,24115624.80254,33824793.75746,0.7502091535433071,14120,3846,0.1195515968435669,0.03256341653401971,12819,1903
0.36000000000000004,0.78,14801948.14875,8369061.662660001,72415.0,23243424.811410002,34696993.74859,0.7471087598425197,14483,3483,0.12262505503437532,0.0294899583432113,13098,1624
0.36000000000000004,0.8,15033631.04175,7336724.469860001,74335.0,22444690.51161,35495728.04839,0.7437869094488189,14867,3099,0.12587631659159412,0.026238696785992482,13392,1330
0.36000000000000004,0.8200000000000001,15275042.190750001,6490562.34196,75970.0,21841574.53271,36098844.02729,0.7407972440944882,15194,2772,0.12864496901141328,0.023470044366173334,13638,1084
0.36000000000000004,0.8400000000000001,15570067.044750001,5589399.657260001,77635.0,21237101.702010002,36703316.85799,0.7375123031496063,15527,2439,0.13146442239306397,0.02065059098452264,13882,840
0.36000000000000004,0.86,15851862.5655,4717099.40638,79230.0,20648191.97188,37292226.58812,0.7334522637795275,15846,2120,0.13416534019710774,0.017949673180478885,14091,631
0.36000000000000004,0.88,16126594.5525,4210686.664380001,80430.0,20417711.21688,37522707.34312,0.7304256889763779,16086,1880,0.1361973786703695,0.01591763470721712,14249,473
0.36000000000000004,0.9,16459042.074750002,3786768.9322,81625.0,20327436.006950002,37612982.55305,0.7263656496062991,16325,1641,0.13822095031665932,0.013894063060927287,14378,344
0.36000000000000004,0.92,16606149.561,3414641.13214,82620.0,20103410.69314,37837007.86686,0.7225639763779528,16524,1442,0.1399058488840722,0.01220916449351441,14474,248
0.36000000000000004,0.9400000000000001,16874608.1475,3180821.61724,83645.0,20139074.76474,37801343.79526,0.7179133858267717,16729,1237,0.14164154841331664,0.01047346496426999,14553,169
0.36000000000000004,0.9600000000000001,17155654.57575,3096173.7786400006,84700.0,20336528.354390003,37603890.20561,0.7121924212598425,16940,1026,0.1434280489043926,0.008686964473194026,14609,113
0.36000000000000004,0.98,17607516.126000002,3043882.69456,86835.0,20738233.82056,37202184.73944,0.698646653543307,17367,599,0.14704338402140413,0.005071629356182477,14669,53
0.38,0.38,11776415.225,47546514.496,0.0,59322929.721,-1382511.1609999985,0.7888779527559056,0,16802,0.0,0.14225962678226708,0,13596
0.38,0.4,11860760.654749999,44294394.30018001,5520.0,56160674.95493001,1779743.605069995,0.7871062992125984,1104,15698,0.009347376977004098,0.13291224980526298,1056,12540
0.38,0.42000000000000004,11982588.48425,41690952.33352001,10395.0,53683935.81777001,4256482.742229991,0.7852977362204724,2079,14723,0.01760253327463,0.12465709350763708,1982,11614
0.38,0.44,12072231.85025,38901668.29388,15285.0,50989185.14413,6951233.415870003,0.783267716535433,3057,13745,0.025883090053171673,0.1163765367290954,2905,10691
0.38,0.46,12250217.6645,36307524.78946,19840.0,48577582.45396,9362836.10604,0.7809424212598425,3968,12834,0.03359636942459444,0.10866325735767264,3753,9843
0.38,0.48000000000000004,12346162.38575,34122432.07976,23910.0,46492504.465509996,11447914.094490007,0.7789493110236221,4782,12020,0.04048836657974058,0.1017712602025265,4513,9083
0.38,0.5,12486033.0605,31914360.917320006,27870.0,44428263.97782001,13512154.582179993,0.776439468503937,5574,11228,0.04719409354150438,0.0950655332407627,5237,8359
0.38,0.52,12620052.1265,29408126.079000007,31725.0,42059903.20550001,15880515.354499996,0.7743725393700788,6345,10457,0.05372201713685779,0.08853760964540928,5952,7644
0.38,0.54,12777075.008,27130546.966440007,35385.0,39943006.97444001,17997411.585559994,0.771788877952756,7077,9725,0.05991973448030616,0.08233989230196091,6614,6982
0.38,0.56,12972457.20575,25116669.206740003,38875.0,38128001.41249,19812417.14751,0.7693159448818898,7775,9027,0.06582957970670911,0.07643004707555796,7245,6351
0.38,0.5800000000000001,13180684.493,23213623.729160003,41975.0,36436283.222160004,21504135.33784,0.7668430118110235,8395,8407,0.071079012429302,0.07118061435296508,7798,5798
0.38,0.6,13325272.1525,21448285.55224,44800.0,34818357.70474,23122060.85526,0.7645915354330709,8960,7842,0.07586276966843905,0.06639685711382802,8302,5294
0.38,0.62,13460946.5465,19699150.25454,47695.0,33207791.80104,24732626.75896,0.7621186023622047,9539,7263,0.08076506248518306,0.061494564297084026,8814,4782
0.38,0.64,13629023.66375,18273699.108400002,50330.0,31953052.772150002,25987365.78785,0.7596087598425197,10066,6736,0.085227080299387,0.05703254648288007,9273,4323
0.38,0.66,13813447.67525,16663909.819640001,53010.0,30530367.49489,27410051.06511,0.7568774606299212,10602,6200,0.08976529955633826,0.05249432722592881,9735,3861
0.38,0.68,13946459.13425,15021820.101820001,55450.0,29023729.23607,28916689.323930003,0.754810531496063,11090,5712,0.09389711111863717,0.048362515663629896,10167,3429
0.38,0.7000000000000001,14196714.5375,13492855.759240001,58060.0,27747630.296740003,30192788.26326,0.7518208661417323,11612,5190,0.09831679479798151,0.04394283198428557,10608,2988
0.38,0.7200000000000001,14433136.464499999,12041450.816440001,60440.0,26535027.28094,31405391.279060002,0.7485359251968504,12088,4714,0.10234700443661733,0.03991262234564975,10995,2601
0.38,0.74,14680124.5385,10631837.06412,62555.0,25374516.60262,32565901.957380004,0.7456200787401575,12511,4291,0.10592847224574119,0.03633115453652589,11339,2257
0.38,0.76,14945246.105,9305078.357080001,64780.0,24315104.46208,33625314.09792,0.7422613188976378,12956,3846,0.10969621024824737,0.03256341653401971,11693,1903
0.38,0.78,15221107.985749999,8155201.485200001,66595.0,23442904.47095,34497514.08905,0.7391609251968504,13319,3483,0.11276966843905578,0.0294899583432113,11972,1624
0.38,0.8,15452790.87875,7122864.292400001,68515.0,22644170.17115,35296248.38885,0.7358390748031496,13703,3099,0.1160209299962746,0.026238696785992482,12266,1330
0.38,0.8200000000000001,15694202.02775,6276702.1645,70150.0,22041054.19225,35899364.367750004,0.7328494094488189,14030,2772,0.11878958241609375,0.023470044366173334,12512,1084
0.38,0.8400000000000001,15989226.881749999,5375539.479799999,71815.0,21436581.361549996,36503837.19845001,0.729564468503937,14363,2439,0.12160903579774444,0.02065059098452264,12756,840
0.38,0.86,16271022.4025,4503239.228920001,73410.0,20847671.63142,37092746.92858,0.7255044291338583,14682,2120,0.12430995360178819,0.017949673180478885,12965,631
0.38,0.88,16545754.3895,3996826.48692,74610.0,20617190.87642,37323227.68358,0.7224778543307085,14922,1880,0.12634199207504995,0.01591763470721712,13123,473
0.38,0.9,16878201.91175,3572908.7547400002,75805.0,20526915.66649,37413502.89351,0.7184178149606298,15161,1641,0.12836556372133978,0.013894063060927287,13252,344
0.38,0.92,17025309.398,3200780.9546799995,76800.0,20302890.352679998,37637528.207320005,0.7146161417322834,15360,1442,0.13005046228875267,0.01220916449351441,13348,248
0.38,0.9400000000000001,17293767.9845,2966961.43978,77825.0,20338554.42428,37601864.13572,0.7099655511811024,15565,1237,0.1317861618179971,0.01047346496426999,13427,169
0.38,0.9600000000000001,17574814.41275,2882313.60118,78880.0,20536008.01393,37404410.54607,0.7042445866141732,15776,1026,0.13357266230907305,0.008686964473194026,13483,113
0.38,0.98,18026675.963,2830022.5171000003,81015.0,20937713.4801,37002705.079900004,0.6906988188976378,16203,599,0.1371879974260846,0.005071629356182477,13543,53
0.4,0.4,12338718.09,44092878.54300001,0.0,56431596.633000016,1508821.9269999862,0.7770669291338582,0,15698,0.0,0.13291224980526298,0,12540
0.4,0.42000000000000004,12460545.9195,41489436.576340005,4875.0,53954857.495840006,3985561.064159997,0.7752583661417323,975,14723,0.008255156297625901,0.12465709350763708,926,11614
0.4,0.44,12550189.2855,38700152.5367,9765.0,51260106.8222,6680311.737800002,0.7732283464566929,1953,13745,0.016535713076167576,0.1163765367290954,1849,10691
0.4,0.46,12728175.09975,36106009.032280006,14320.0,48848504.13203,9091914.42797,0.7709030511811024,2864,12834,0.02424899244759034,0.10866325735767264,2697,9843
0.4,0.48000000000000004,12824119.821,33920916.32258,18390.0,46763426.143580005,11176992.416419998,0.7689099409448819,3678,12020,0.03114098960273648,0.1017712602025265,3457,9083
0.4,0.5,12963990.49575,31712845.160140004,22350.0,44699185.65589,13241232.90411,0.7664000984251969,4470,11228,0.03784671656450029,0.0950655332407627,4181,8359
0.4,0.52,13098009.56175,29206610.321820006,26205.0,42330824.88357001,15609593.676429994,0.7643331692913385,5241,10457,0.04437464015985369,0.08853760964540928,4896,7644
0.4,0.54,13255032.44325,26929031.209260006,29865.0,40213928.65251,17726489.90749,0.7617495078740157,5973,9725,0.050572357503302065,0.08233989230196091,5558,6982
0.4,0.56,13450414.640999999,24915153.44956,33355.0,38398923.090560004,19541495.46944,0.7592765748031496,6671,9027,0.056482202729705014,0.07643004707555796,6189,6351
0.4,0.5800000000000001,13658641.92825,23012107.97198,36455.0,36707204.900230005,21233213.659769997,0.7568036417322835,7291,8407,0.061731635452297894,0.07118061435296508,6742,5798
0.4,0.6,13803229.587749999,21246769.795059998,39280.0,35089279.38281,22851139.177190006,0.7545521653543307,7856,7842,0.06651539269143496,0.06639685711382802,7246,5294
0.4,0.62,13938903.98175,19497634.49736,42175.0,33478713.47911,24461705.080890004,0.7520792322834645,8435,7263,0.07141768550817895,0.061494564297084026,7758,4782
0.4,0.64,14106981.099,18072183.35122,44810.0,32223974.45022,25716444.109780002,0.7495693897637795,8962,6736,0.0758797033223829,0.05703254648288007,8217,4323
0.4,0.66,14291405.1105,16462394.062460002,47490.0,30801289.172960002,27139129.38704,0.7468380905511811,9498,6200,0.08041792257933417,0.05249432722592881,8679,3861
0.4,0.68,14424416.5695,14820304.344640002,49930.0,29294650.91414,28645767.64586,0.7447711614173228,9986,5712,0.08454973414163308,0.048362515663629896,9111,3429
0.4,0.7000000000000001,14674671.97275,13291340.002060002,52540.0,28018551.974810004,29921866.58519,0.7417814960629922,10508,5190,0.0889694178209774,0.04394283198428557,9552,2988
0.4,0.7200000000000001,14911093.89975,11839935.05926,54920.0,26805948.959009998,31134469.600990005,0.7384965551181102,10984,4714,0.09299962745961324,0.03991262234564975,9939,2601
0.4,0.74,15158081.973749999,10430321.30694,57035.0,25645438.28069,32294980.279310003,0.7355807086614173,11407,4291,0.0965810952687371,0.03633115453652589,10283,2257
0.4,0.76,15423203.54025,9103562.5999,59260.0,24586026.14015,33354392.419850003,0.7322219488188977,11852,3846,0.10034883327124326,0.03256341653401971,10637,1903
0.4,0.78,15699065.421,7953685.728020001,61075.0,23713826.14902,34226592.41098,0.7291215551181102,12215,3483,0.10342229146205169,0.0294899583432113,10916,1624
0.4,0.8,15930748.314,6921348.535220001,62995.0,22915091.84922,35025326.71078,0.7257997047244094,12599,3099,0.10667355301927049,0.026238696785992482,11210,1330
0.4,0.8200000000000001,16172159.463,6075186.40732,64630.0,22311975.87032,35628442.68968,0.7228100393700787,12926,2772,0.10944220543908964,0.023470044366173334,11456,1084
0.4,0.8400000000000001,16467184.317,5174023.722619999,66295.0,21707503.039619997,36232915.520380005,0.7195250984251967,13259,2439,0.11226165882074034,0.02065059098452264,11700,840
0.4,0.86,16748979.837749999,4301723.471740001,67890.0,21118593.30949,36821825.25051001,0.715465059055118,13578,2120,0.1149625766247841,0.017949673180478885,11909,631
0.4,0.88,17023711.82475,3795310.7297400003,69090.0,20888112.55449,37052306.00551,0.7124384842519684,13818,1880,0.11699461509804586,0.01591763470721712,12067,473
0.4,0.9,17356159.347,3371392.99756,70285.0,20797837.344559997,37142581.215440005,0.7083784448818897,14057,1641,0.11901818674433569,0.013894063060927287,12196,344
0.4,0.92,17503266.83325,2999265.1975,71280.0,20573812.03075,37366606.52925,0.7045767716535433,14256,1442,0.12070308531174857,0.01220916449351441,12292,248
0.4,0.9400000000000001,17771725.419749998,2765445.6826,72305.0,20609476.102349997,37330942.457650006,0.6999261811023622,14461,1237,0.12243878484099299,0.01047346496426999,12371,169
0.4,0.9600000000000001,18052771.847999997,2680797.844,73360.0,20806929.691999998,37133488.868,0.6942052165354331,14672,1026,0.12422528533206896,0.008686964473194026,12427,113
0.4,0.98,18504633.39825,2628506.7599200006,75495.0,21208635.15817,36731783.40183,0.6806594488188976,15099,599,0.1278406204490805,0.005071629356182477,12487,53
0.42000000000000004,0.42000000000000004,13150903.620000001,41328579.00400001,0.0,54479482.62400001,3460935.9359999895,0.7650098425196851,0,14723,0.0,0.12465709350763708,0,11614
0.42000000000000004,0.44,13240546.986000001,38539294.96436,4890.0,51784731.95036,6155686.609640002,0.7629798228346457,978,13745,0.008280556778541674,0.1163765367290954,923,10691
0.42000000000000004,0.46,13418532.800250001,35945151.45994,9445.0,49373129.26019,8567289.29981,0.7606545275590552,1889,12834,0.01599383614996444,0.10866325735767264,1771,9843
0.42000000000000004,0.48000000000000004,13514477.5215,33760058.75024,13515.0,47288051.27174,10652367.288260005,0.7586614173228347,2703,12020,0.022885833305110577,0.1017712602025265,2531,9083
0.42000000000000004,0.5,13654348.196250001,31551987.587800004,17475.0,45223810.78405,12716607.77595,0.7561515748031497,3495,11228,0.029591560266874387,0.0950655332407627,3255,8359
0.42000000000000004,0.52,13788367.26225,29045752.749480005,21330.0,42855450.01173001,15084968.548269995,0.7540846456692913,4266,10457,0.03611948386222779,0.08853760964540928,3970,7644
0.42000000000000004,0.54,13945390.14375,26768173.636920005,24990.0,40738553.78067,17201864.77933,0.7515009842519684,4998,9725,0.04231720120567616,0.08233989230196091,4632,6982
0.42000000000000004,0.56,14140772.341500001,24754295.877220005,28480.0,38923548.218720004,19016870.34128,0.7490280511811024,5696,9027,0.04822704643207911,0.07643004707555796,5263,6351
0.42000000000000004,0.5800000000000001,14348999.62875,22851250.39964,31580.0,37231830.028390005,20708588.531609997,0.7465551181102362,6316,8407,0.053476479154672,0.07118061435296508,5816,5798
0.42000000000000004,0.6,14493587.288250001,21085912.222719997,34405.0,35613904.51097,22326514.049030006,0.7443036417322835,6881,7842,0.058260236393809055,0.06639685711382802,6320,5294
0.42000000000000004,0.62,14629261.68225,19336776.92502,37300.0,34003338.60727,23937079.95273,0.7418307086614173,7460,7263,0.06316252921055306,0.061494564297084026,6832,4782
0.42000000000000004,0.64,14797338.799500002,17911325.77888,39935.0,32748599.578380004,25191818.98162,0.7393208661417323,7987,6736,0.067624547024757,0.05703254648288007,7291,4323
0.42000000000000004,0.66,14981762.811,16301536.490120001,42615.0,31325914.30112,26614504.25888,0.7365895669291339,8523,6200,0.07216276628170827,0.05249432722592881,7753,3861
0.42000000000000004,0.68,15114774.270000001,14659446.772300001,45055.0,29819276.0423,28121142.5177,0.7345226377952756,9011,5712,0.07629457784400719,0.048362515663629896,8185,3429
0.42000000000000004,0.7000000000000001,15365029.67325,13130482.429720001,47665.0,28543177.102970004,29397241.45703,0.7315329724409448,9533,5190,0.08071426152335151,0.04394283198428557,8626,2988
0.42000000000000004,0.7200000000000001,15601451.600250002,11679077.486920001,50045.0,27330574.087170005,30609844.472829998,0.728248031496063,10009,4714,0.08474447116198733,0.03991262234564975,9013,2601
0.42000000000000004,0.74,15848439.674250001,10269463.7346,52160.0,26170063.40885,31770355.151150003,0.72533218503937,10432,4291,0.08832593897111118,0.03633115453652589,9357,2257
0.42000000000000004,0.76,16113561.24075,8942705.027560001,54385.0,25110651.268310003,32829767.29169,0.7219734251968504,10877,3846,0.09209367697361737,0.03256341653401971,9711,1903
0.42000000000000004,0.78,16389423.1215,7792828.155680001,56200.0,24238451.27718,33701967.28282,0.718873031496063,11240,3483,0.09516713516442578,0.0294899583432113,9990,1624
0.42000000000000004,0.8,16621106.014500001,6760490.9628800005,58120.0,23439716.97738,34500701.58262,0.7155511811023622,11624,3099,0.0984183967216446,0.026238696785992482,10284,1330
0.42000000000000004,0.8200000000000001,16862517.1635,5914328.83498,59755.0,22836600.99848,35103817.56152,0.7125615157480315,11951,2772,0.10118704914146374,0.023470044366173334,10530,1084
0.42000000000000004,0.8400000000000001,17157542.017500002,5013166.15028,61420.0,22232128.16778,35708290.392220005,0.7092765748031497,12284,2439,0.10400650252311444,0.02065059098452264,10774,840
0.42000000000000004,0.86,17439337.53825,4140865.8993999995,63015.0,21643218.43765,36297200.12235001,0.7052165354330708,12603,2120,0.1067074203271582,0.017949673180478885,10983,631
0.42000000000000004,0.88,17714069.525250003,3634453.1574,64215.0,21412737.682650004,36527680.87735,0.7021899606299212,12843,1880,0.10873945880041995,0.01591763470721712,11141,473
0.42000000000000004,0.9,18046517.0475,3210535.42522,65410.0,21322462.47272,36617956.087280005,0.6981299212598425,13082,1641,0.11076303044670979,0.013894063060927287,11270,344
0.42000000000000004,0.92,18193624.53375,2838407.6251600003,66405.0,21098437.158910003,36841981.401089996,0.6943282480314961,13281,1442,0.11244792901412266,0.01220916449351441,11366,248
0.42000000000000004,0.9400000000000001,18462083.12025,2604588.1102600005,67430.0,21134101.230510004,36806317.32949,0.689677657480315,13486,1237,0.11418362854336708,0.01047346496426999,11445,169
0.42000000000000004,0.9600000000000001,18743129.5485,2519940.2716599996,68485.0,21331554.82016,36608863.73984,0.6839566929133858,13697,1026,0.11597012903444305,0.008686964473194026,11501,113
0.42000000000000004,0.98,19194991.098750003,2467649.1875799997,70620.0,21733260.286330003,36207158.27367,0.6704109251968503,14124,599,0.1195854641514546,0.005071629356182477,11561,53
0.44,0.44,13748526.06,38366557.898,0.0,52115083.958000004,5825334.601999998,0.7514763779527559,0,13745,0.0,0.1163765367290954,0,10691
0.44,0.46,13926511.87425,35772414.393580005,4555.0,49703481.26783001,8236937.292169996,0.7491510826771653,911,12834,0.007713279371422766,0.10866325735767264,848,9843
0.44,0.48000000000000004,14022456.5955,33587321.68388,8625.0,47618403.27938,10322015.280620001,0.7471579724409448,1725,12020,0.014605276526568903,0.1017712602025265,1608,9083
0.44,0.5,14162327.27025,31379250.521440003,12585.0,45554162.79169001,12386255.768309996,0.7446481299212598,2517,11228,0.021311003488332713,0.0950655332407627,2332,8359
0.44,0.52,14296346.33625,28873015.683120005,16440.0,43185802.019370005,14754616.540629998,0.7425812007874015,3288,10457,0.027838927083686116,0.08853760964540928,3047,7644
0.44,0.54,14453369.21775,26595436.570560005,20100.0,41068905.788310006,16871512.771689996,0.7399975393700787,4020,9725,0.034036644427134485,0.08233989230196091,3709,6982
0.44,0.56,14648751.4155,24581558.810860004,23590.0,39253900.22636001,18686518.333639994,0.7375246062992127,4718,9027,0.03994648965353744,0.07643004707555796,4340,6351
0.44,0.5800000000000001,14856978.702750001,22678513.33328,26690.0,37562182.03603,20378236.52397,0.7350516732283464,5338,8407,0.04519592237613032,0.07118061435296508,4893,5798
0.44,0.6,15001566.36225,20913175.15636,29515.0,35944256.51861,21996162.04139,0.7328001968503937,5903,7842,0.049979679615267385,0.06639685711382802,5397,5294
0.44,0.62,15137240.75625,19164039.85866,32410.0,34333690.61491,23606727.945090003,0.7303272637795276,6482,7263,0.05488197243201138,0.061494564297084026,5909,4782
0.44,0.64,15305317.8735,17738588.71252,35045.0,33078951.58602,24861466.973980002,0.7278174212598425,7009,6736,0.059343990246215325,0.05703254648288007,6368,4323
0.44,0.66,15489741.885,16128799.42376,37725.0,31656266.308760002,26284152.25124,0.7250861220472441,7545,6200,0.06388220950316659,0.05249432722592881,6830,3861
0.44,0.68,15622753.344,14486709.70594,40165.0,30149628.04994,27790790.51006,0.7230191929133858,8033,5712,0.0680140210654655,0.048362515663629896,7262,3429
0.44,0.7000000000000001,15873008.74725,12957745.36336,42775.0,28873529.11061,29066889.44939,0.720029527559055,8555,5190,0.07243370474480984,0.04394283198428557,7703,2988
0.44,0.7200000000000001,16109430.674250001,11506340.42056,45155.0,27660926.09481,30279492.46519,0.7167445866141732,9031,4714,0.07646391438344566,0.03991262234564975,8090,2601
0.44,0.74,16356418.74825,10096726.66824,47270.0,26500415.41649,31440003.143510003,0.7138287401574803,9454,4291,0.08004538219256951,0.03633115453652589,8434,2257
0.44,0.76,16621540.31475,8769967.9612,49495.0,25441003.27595,32499415.284050003,0.7104699803149606,9899,3846,0.0838131201950757,0.03256341653401971,8788,1903
0.44,0.78,16897402.1955,7620091.08932,51310.0,24568803.28482,33371615.27518,0.7073695866141733,10262,3483,0.08688657838588411,0.0294899583432113,9067,1624
0.44,0.8,17129085.0885,6587753.896520001,53230.0,23770068.98502,34170349.574980006,0.7040477362204725,10646,3099,0.09013783994310293,0.026238696785992482,9361,1330
0.44,0.8200000000000001,17370496.2375,5741591.76862,54865.0,23166953.00612,34773465.553880006,0.7010580708661417,10973,2772,0.09290649236292207,0.023470044366173334,9607,1084
0.44,0.8400000000000001,17665521.0915,4840429.08392,56530.0,22562480.17542,35377938.38458,0.6977731299212598,11306,2439,0.09572594574457276,0.02065059098452264,9851,840
0.44,0.86,17947316.61225,3968128.83304,58125.0,21973570.44529,35966848.11471,0.6937130905511811,11625,2120,0.09842686354861652,0.017949673180478885,10060,631
0.44,0.88,18222048.59925,3461716.0910400003,59325.0,21743089.69029,36197328.86971,0.6906865157480314,11865,1880,0.10045890202187828,0.01591763470721712,10218,473
0.44,0.9,18554496.1215,3037798.35886,60520.0,21652814.48036,36287604.07964,0.6866264763779527,12104,1641,0.10248247366816812,0.013894063060927287,10347,344
0.44,0.92,18701603.60775,2665670.5587999998,61515.0,21428789.16655,36511629.39345001,0.6828248031496063,12303,1442,0.104167372235581,0.01220916449351441,10443,248
0.44,0.9400000000000001,18970062.19425,2431851.0439000004,62540.0,21464453.23815,36475965.32185,0.6781742125984251,12508,1237,0.10590307176482541,0.01047346496426999,10522,169
0.44,0.9600000000000001,19251108.622500002,2347203.2053,63595.0,21661906.827800002,36278511.7322,0.6724532480314961,12719,1026,0.10768957225590138,0.008686964473194026,10578,113
0.44,0.98,19702970.17275,2294912.1212200006,65730.0,22063612.29397,35876806.26603,0.6589074803149606,13146,599,0.11130490737291293,0.005071629356182477,10638,53
0.46,0.46,14935098.155,35611702.255,0.0,50546800.410000004,7393618.1499999985,0.7359744094488189,0,12834,0.0,0.10866325735767264,0,9843
0.46,0.48000000000000004,15031042.876249999,33426609.5453,4070.0,48461722.42155,9478696.138450004,0.7339812992125985,814,12020,0.006891997155146138,0.1017712602025265,760,9083
0.46,0.5,15170913.550999999,31218538.382860005,8030.0,46397481.933860004,11542936.626139998,0.7314714566929134,1606,11228,0.013597724116909947,0.0950655332407627,1484,8359
0.46,0.52,15304932.616999999,28712303.544540007,11885.0,44029121.16154,13911297.39846,0.7294045275590552,2377,10457,0.020125647712263352,0.08853760964540928,2199,7644
0.46,0.54,15461955.498499999,26434724.431980006,15545.0,41912224.93048,16028193.629519999,0.7268208661417324,3109,9725,0.02632336505571172,0.08233989230196091,2861,6982
0.46,0.56,15657337.69625,24420846.672280002,19035.0,40097219.368530005,17843199.191469997,0.7243479330708661,3807,9027,0.03223321028211468,0.07643004707555796,3492,6351
0.46,0.5800000000000001,15865564.9835,22517801.194700003,22135.0,38405501.17820001,19534917.381799996,0.7218749999999999,4427,8407,0.03748264300470756,0.07118061435296508,4045,5798
0.46,0.6,16010152.643,20752463.01778,24960.0,36787575.66078,21152842.899220005,0.7196235236220473,4992,7842,0.042266400243844614,0.06639685711382802,4549,5294
0.46,0.62,16145827.036999999,19003327.72008,27855.0,35177009.757079996,22763408.802920006,0.7171505905511811,5571,7263,0.047168693060588615,0.061494564297084026,5061,4782
0.46,0.64,16313904.15425,17577876.57394,30490.0,33922270.728190005,24018147.831809998,0.7146407480314961,6098,6736,0.05163071087479256,0.05703254648288007,5520,4323
0.46,0.66,16498328.165749999,15968087.285180002,33170.0,32499585.45093,25440833.109070003,0.7119094488188976,6634,6200,0.05616893013174383,0.05249432722592881,5982,3861
0.46,0.68,16631339.62475,14325997.56736,35610.0,30992947.192110002,26947471.36789,0.7098425196850394,7122,5712,0.06030074169404274,0.048362515663629896,6414,3429
0.46,0.7000000000000001,16881595.028,12797033.22478,38220.0,29716848.25278,28223570.30722,0.7068528543307087,7644,5190,0.06472042537338707,0.04394283198428557,6855,2988
0.46,0.7200000000000001,17118016.955,11345628.28198,40600.0,28504245.23698,29436173.323020004,0.7035679133858268,8120,4714,0.0687506350120229,0.03991262234564975,7242,2601
0.46,0.74,17365005.029,9936014.52966,42715.0,27343734.55866,30596684.00134,0.7006520669291338,8543,4291,0.07233210282114674,0.03633115453652589,7586,2257
0.46,0.76,17630126.5955,8609255.82262,44940.0,26284322.41812,31656096.141880002,0.6972933070866142,8988,3846,0.07609984082365293,0.03256341653401971,7940,1903
0.46,0.78,17905988.47625,7459378.950740001,46755.0,25412122.426990002,32528296.13301,0.6941929133858268,9351,3483,0.07917329901446134,0.0294899583432113,8219,1624
0.46,0.8,18137671.36925,6427041.757940001,48675.0,24613388.12719,33327030.43281,0.690871062992126,9735,3099,0.08242456057168016,0.026238696785992482,8513,1330
0.46,0.8200000000000001,18379082.51825,5580879.63004,50310.0,24010272.14829,33930146.41171,0.6878813976377953,10062,2772,0.0851932129914993,0.023470044366173334,8759,1084
0.46,0.8400000000000001,18674107.37225,4679716.94534,51975.0,23405799.31759,34534619.242410004,0.6845964566929134,10395,2439,0.08801266637315,0.02065059098452264,9003,840
0.46,0.86,18955902.893,3807416.69446,53570.0,22816889.58746,35123528.972540006,0.6805364173228347,10714,2120,0.09071358417719376,0.017949673180478885,9212,631
0.46,0.88,19230634.88,3301003.95246,54770.0,22586408.832459997,35354009.72754,0.6775098425196849,10954,1880,0.09274562265045551,0.01591763470721712,9370,473
0.46,0.9,19563082.40225,2877086.22028,55965.0,22496133.62253,35444284.937470004,0.6734498031496062,11193,1641,0.09476919429674535,0.013894063060927287,9499,344
0.46,0.92,19710189.888499998,2504958.4202199997,56960.0,22272108.308719996,35668310.25128001,0.6696481299212598,11392,1442,0.09645409286415822,0.01220916449351441,9595,248
0.46,0.9400000000000001,19978648.474999998,2271138.90532,57985.0,22307772.380319998,35632646.179680005,0.6649975393700788,11597,1237,0.09818979239340264,0.01047346496426999,9674,169
0.46,0.9600000000000001,20259694.90325,2186491.06672,59040.0,22505225.969970003,35435192.59003,0.6592765748031496,11808,1026,0.09997629288447861,0.008686964473194026,9730,113
0.46,0.98,20711556.4535,2134199.98264,61175.0,22906931.43614,35033487.12386,0.6457308070866141,12235,599,0.10359162800149016,0.005071629356182477,9790,53
0.48000000000000004,0.48000000000000004,15574729.63,33291501.5,0.0,48866231.13,9074187.43,0.7226870078740157,0,12020,0.0,0.1017712602025265,0,9083
0.48000000000000004,0.5,15714600.304750001,31083430.337560005,3960.0,46801990.64231001,11138427.917689994,0.7201771653543307,792,11228,0.00670572696176381,0.0950655332407627,724,8359
0.48000000000000004,0.52,15848619.37075,28577195.499240007,7815.0,44433629.869990006,13506788.690009996,0.7181102362204724,1563,10457,0.013233650557117215,0.08853760964540928,1439,7644
0.48000000000000004,0.54,16005642.25225,26299616.386680007,11475.0,42316733.63893001,15623684.921069995,0.7155265748031496,2295,9725,0.019431367900565585,0.08233989230196091,2101,6982
0.48000000000000004,0.56,16201024.450000001,24285738.626980003,14965.0,40501728.07698,17438690.48302,0.7130536417322835,2993,9027,0.025341213126968538,0.07643004707555796,2732,6351
0.48000000000000004,0.5800000000000001,16409251.73725,22382693.149400003,18065.0,38810009.88665,19130408.67335,0.7105807086614173,3613,8407,0.030590645849561417,0.07118061435296508,3285,5798
0.48000000000000004,0.6,16553839.396750001,20617354.97248,20890.0,37192084.36923,20748334.19077,0.7083292322834646,4178,7842,0.03537440308869848,0.06639685711382802,3789,5294
0.48000000000000004,0.62,16689513.79075,18868219.67478,23785.0,35581518.46553,22358900.09447,0.7058562992125984,4757,7263,0.04027669590544248,0.061494564297084026,4301,4782
0.48000000000000004,0.64,16857590.908,17442768.528640002,26420.0,34326779.43664,23613639.12336,0.7033464566929134,5284,6736,0.044738713719646425,0.05703254648288007,4760,4323
0.48000000000000004,0.66,17042014.9195,15832979.239880001,29100.0,32904094.159380004,25036324.40062,0.700615157480315,5820,6200,0.04927693297659769,0.05249432722592881,5222,3861
0.48000000000000004,0.68,17175026.3785,14190889.522060001,31540.0,31397455.90056,26542962.659440003,0.6985482283464567,6308,5712,0.0534087445388966,0.048362515663629896,5654,3429
0.48000000000000004,0.7000000000000001,17425281.78175,12661925.179480001,34150.0,30121356.961230002,27819061.59877,0.695558562992126,6830,5190,0.05782842821824093,0.04394283198428557,6095,2988
0.48000000000000004,0.7200000000000001,17661703.708750002,11210520.236680001,36530.0,28908753.945430003,29031664.61457,0.6922736220472441,7306,4714,0.06185863785687676,0.03991262234564975,6482,2601
0.48000000000000004,0.74,17908691.78275,9800906.48436,38645.0,27748243.267109998,30192175.292890005,0.6893577755905512,7729,4291,0.06544010566600061,0.03633115453652589,6826,2257
0.48000000000000004,0.76,18173813.34925,8474147.777320001,40870.0,26688831.12657,31251587.43343,0.6859990157480316,8174,3846,0.0692078436685068,0.03256341653401971,7180,1903
0.48000000000000004,0.78,18449675.23,7324270.905440001,42685.0,25816631.13544,32123787.424560003,0.6828986220472442,8537,3483,0.07228130185931521,0.0294899583432113,7459,1624
0.48000000000000004,0.8,18681358.123,6291933.7126400005,44605.0,25017896.83564,32922521.724360004,0.6795767716535434,8921,3099,0.07553256341653403,0.026238696785992482,7753,1330
0.48000000000000004,0.8200000000000001,18922769.272,5445771.58474,46240.0,24414780.856739998,33525637.703260005,0.6765871062992125,9248,2772,0.07830121583635317,0.023470044366173334,7999,1084
0.48000000000000004,0.8400000000000001,19217794.126000002,4544608.90004,47905.0,23810308.026040003,34130110.53396,0.6733021653543307,9581,2439,0.08112066921800386,0.02065059098452264,8243,840
0.48000000000000004,0.86,19499589.64675,3672308.6491600005,49500.0,23221398.29591,34719020.26409,0.669242125984252,9900,2120,0.08382158702204762,0.017949673180478885,8452,631
0.48000000000000004,0.88,19774321.63375,3165895.90716,50700.0,22990917.540909998,34949501.019090004,0.6662155511811023,10140,1880,0.08585362549530938,0.01591763470721712,8610,473
0.48000000000000004,0.9,20106769.156,2741978.1749800006,51895.0,22900642.33098,35039776.22902,0.6621555118110236,10379,1641,0.08787719714159921,0.013894063060927287,8739,344
0.48000000000000004,0.92,20253876.64225,2369850.37492,52890.0,22676617.01717,35263801.542830005,0.6583538385826773,10578,1442,0.0895620957090121,0.01220916449351441,8835,248
0.48000000000000004,0.9400000000000001,20522335.22875,2136030.86002,53915.0,22712281.088770002,35228137.47123,0.6537032480314959,10783,1237,0.09129779523825651,0.01047346496426999,8914,169
0.48000000000000004,0.9600000000000001,20803381.657,2051383.02142,54970.0,22909734.67842,35030683.88158,0.6479822834645669,10994,1026,0.09308429572933248,0.008686964473194026,8970,113
0.48000000000000004,0.98,21255243.20725,1999091.93734,57105.0,23311440.144589998,34628978.415410005,0.6344365157480315,11421,599,0.09669963084634402,0.005071629356182477,9030,53
0.5,0.5,16507200.795,30946648.774000004,0.0,47453849.569000006,10486568.990999997,0.7059547244094488,0,11228,0.0,0.0950655332407627,0,8359
0.5,0.52,16641219.861,28440413.935680006,3855.0,45085488.79668,12854929.763319999,0.7038877952755905,771,10457,0.006527923595353405,0.08853760964540928,715,7644
0.5,0.54,16798242.7425,26162834.823120005,7515.0,42968592.565620005,14971825.994379997,0.7013041338582677,1503,9725,0.012725640938801774,0.08233989230196091,1377,6982
0.5,0.56,16993624.940249998,24148957.06342,11005.0,41153587.00367,16786831.556330003,0.6988312007874016,2201,9027,0.018635486165204728,0.07643004707555796,2008,6351
0.5,0.5800000000000001,17201852.2275,22245911.58584,14105.0,39461868.81334,18478549.74666,0.6963582677165354,2821,8407,0.023884918887797608,0.07118061435296508,2561,5798
0.5,0.6,17346439.887,20480573.408919998,16930.0,37843943.29592,20096475.264080003,0.6941067913385827,3386,7842,0.02866867612693467,0.06639685711382802,3065,5294
0.5,0.62,17482114.281,18731438.111220002,19825.0,36233377.392220005,21707041.167779997,0.6916338582677166,3965,7263,0.03357096894367867,0.061494564297084026,3577,4782
0.5,0.64,17650191.39825,17305986.96508,22460.0,34978638.36333,22961780.196670003,0.6891240157480315,4492,6736,0.038032986757882616,0.05703254648288007,4036,4323
0.5,0.66,17834615.40975,15696197.676320001,25140.0,33555953.08607,24384465.47393,0.6863927165354331,5028,6200,0.04257120601483388,0.05249432722592881,4498,3861
0.5,0.68,17967626.86875,14054107.958500002,27580.0,32049314.82725,25891103.732750002,0.6843257874015748,5516,5712,0.04670301757713279,0.048362515663629896,4930,3429
0.5,0.7000000000000001,18217882.272,12525143.615920002,30190.0,30773215.88792,27167202.672080003,0.681336122047244,6038,5190,0.051122701256477124,0.04394283198428557,5371,2988
0.5,0.7200000000000001,18454304.199,11073738.67312,32570.0,29560612.87212,28379805.687880002,0.6780511811023622,6514,4714,0.05515291089511295,0.03991262234564975,5758,2601
0.5,0.74,18701292.273,9664124.9208,34685.0,28400102.1938,29540316.366200004,0.6751353346456693,6937,4291,0.0587343787042368,0.03633115453652589,6102,2257
0.5,0.76,18966413.8395,8337366.21376,36910.0,27340690.05326,30599728.506740004,0.6717765748031496,7382,3846,0.06250211670674298,0.03256341653401971,6456,1903
0.5,0.78,19242275.72025,7187489.341880001,38725.0,26468490.06213,31471928.497870002,0.6686761811023622,7745,3483,0.06557557489755139,0.0294899583432113,6735,1624
0.5,0.8,19473958.61325,6155152.149080001,40645.0,25669755.76233,32270662.797670003,0.6653543307086615,8129,3099,0.06882683645477021,0.026238696785992482,7029,1330
0.5,0.8200000000000001,19715369.76225,5308990.02118,42280.0,25066639.78343,32873778.776570003,0.6623646653543307,8456,2772,0.07159548887458936,0.023470044366173334,7275,1084
0.5,0.8400000000000001,20010394.61625,4407827.33648,43945.0,24462166.95273,33478251.607270002,0.6590797244094488,8789,2439,0.07441494225624005,0.02065059098452264,7519,840
0.5,0.86,20292190.137000002,3535527.0856000003,45540.0,23873257.2226,34067161.337400004,0.65501968503937,9108,2120,0.07711586006028381,0.017949673180478885,7728,631
0.5,0.88,20566922.123999998,3029114.3436000003,46740.0,23642776.4676,34297642.0924,0.6519931102362204,9348,1880,0.07914789853354556,0.01591763470721712,7886,473
0.5,0.9,20899369.646250002,2605196.61142,47935.0,23552501.25767,34387917.30233,0.6479330708661417,9587,1641,0.0811714701798354,0.013894063060927287,8015,344
0.5,0.92,21046477.1325,2233068.8113600006,48930.0,23328475.94386,34611942.61614,0.6441313976377953,9786,1442,0.08285636874724828,0.01220916449351441,8111,248
0.5,0.9400000000000001,21314935.719,1999249.2964599999,49955.0,23364140.01546,34576278.54454,0.6394808070866141,9991,1237,0.0845920682764927,0.01047346496426999,8190,169
0.5,0.9600000000000001,21595982.14725,1914601.4578599997,51010.0,23561593.60511,34378824.95489,0.633759842519685,10202,1026,0.08637856876756866,0.008686964473194026,8246,113
0.5,0.98,22047843.697499998,1862310.3737799998,53145.0,23963299.07128,33977119.48872,0.6202140748031496,10629,599,0.08999390388458021,0.005071629356182477,8306,53
0.52,0.52,17400661.235,28284548.946000006,0.0,45685210.18100001,12255208.378999993,0.6921751968503937,0,10457,0.0,0.08853760964540928,0,7644
0.52,0.54,17557684.116499998,26006969.833440006,3660.0,43568313.94994,14372104.610059999,0.6895915354330708,732,9725,0.006197717343448369,0.08233989230196091,662,6982
0.52,0.56,17753066.31425,23993092.07374,7150.0,41753308.38799,16187110.172010005,0.6871186023622047,1430,9027,0.012107562569851323,0.07643004707555796,1293,6351
0.52,0.5800000000000001,17961293.6015,22090046.596160002,10250.0,40061590.19766,17878828.362340003,0.6846456692913386,2050,8407,0.017356995292444204,0.07118061435296508,1846,5798
0.52,0.6,18105881.261,20324708.419239998,13075.0,38443664.68024,19496753.879760005,0.6823941929133859,2615,7842,0.022140752531581265,0.06639685711382802,2350,5294
0.52,0.62,18241555.655,18575573.12154,15970.0,36833098.776539996,21107319.783460006,0.6799212598425196,3194,7263,0.027043045348325263,0.061494564297084026,2862,4782
0.52,0.64,18409632.77225,17150121.9754,18605.0,35578359.74765,22362058.812350005,0.6774114173228346,3721,6736,0.03150506316252921,0.05703254648288007,3321,4323
0.52,0.66,18594056.783749998,15540332.686640002,21285.0,34155674.47039,23784744.089610003,0.6746801181102362,4257,6200,0.036043282419480474,0.05249432722592881,3783,3861
0.52,0.68,18727068.24275,13898242.96882,23725.0,32649036.211570002,25291382.34843,0.672613188976378,4745,5712,0.04017509398177939,0.048362515663629896,4215,3429
0.52,0.7000000000000001,18977323.645999998,12369278.626240002,26335.0,31372937.272239998,26567481.287760004,0.6696235236220472,5267,5190,0.04459477766112372,0.04394283198428557,4656,2988
0.52,0.7200000000000001,19213745.573,10917873.68344,28715.0,30160334.25644,27780084.303560004,0.6663385826771654,5743,4714,0.048624987299759545,0.03991262234564975,5043,2601
0.52,0.74,19460733.647,9508259.93112,30830.0,28999823.57812,28940594.98188,0.6634227362204724,6166,4291,0.052206455108883394,0.03633115453652589,5387,2257
0.52,0.76,19725855.2135,8181501.22408,33055.0,27940411.43758,30000007.12242,0.6600639763779528,6611,3846,0.05597419311138958,0.03256341653401971,5741,1903
0.52,0.78,20001717.09425,7031624.352200001,34870.0,27068211.446450002,30872207.11355,0.6569635826771654,6974,3483,0.05904765130219799,0.0294899583432113,6020,1624
0.52,0.8,20233399.98725,5999287.159400001,36790.0,26269477.14665,31670941.41335,0.6536417322834646,7358,3099,0.062298912859416807,0.026238696785992482,6314,1330
0.52,0.8200000000000001,20474811.13625,5153125.0315000005,38425.0,25666361.16775,32274057.39225,0.6506520669291339,7685,2772,0.06506756527923595,0.023470044366173334,6560,1084
0.52,0.8400000000000001,20769835.99025,4251962.3467999995,40090.0,25061888.33705,32878530.222950004,0.6473671259842518,8018,2439,0.06788701866088664,0.02065059098452264,6804,840
0.52,0.86,21051631.511,3379662.09592,41685.0,24472978.60692,33467439.953080002,0.6433070866141731,8337,2120,0.0705879364649304,0.017949673180478885,7013,631
0.52,0.88,21326363.498,2873249.35392,42885.0,24242497.85192,33697920.70808,0.6402805118110236,8577,1880,0.07261997493819217,0.01591763470721712,7171,473
0.52,0.9,21658811.02025,2449331.6217400003,44080.0,24152222.64199,33788195.918010004,0.6362204724409448,8816,1641,0.074643546584482,0.013894063060927287,7300,344
0.52,0.92,21805918.5065,2077203.8216800003,45075.0,23928197.32818,34012221.23182,0.6324187992125984,9015,1442,0.07632844515189488,0.01220916449351441,7396,248
0.52,0.9400000000000001,22074377.093,1843384.3067800002,46100.0,23963861.399779998,33976557.160220005,0.6277682086614174,9220,1237,0.0780641446811393,0.01047346496426999,7475,169
0.52,0.9600000000000001,22355423.52125,1758736.4681799999,47155.0,24161314.98943,33779103.57057001,0.6220472440944882,9431,1026,0.07985064517221525,0.008686964473194026,7531,113
0.52,0.98,22807285.0715,1706445.3841000001,49290.0,24563020.4556,33377398.1044,0.6085014763779527,9858,599,0.0834659802892268,0.005071629356182477,7591,53
0.54,0.54,18447480.445,25865395.422000006,0.0,44312875.867000006,13627542.692999996,0.6749507874015748,0,9725,0.0,0.08233989230196091,0,6982
0.54,0.56,18642862.64275,23851517.6623,3490.0,42497870.30505,15442548.254950002,0.6724778543307086,698,9027,0.005909845226402953,0.07643004707555796,631,6351
0.54,0.5800000000000001,18851089.93,21948472.184720002,6590.0,40806152.11472,17134266.44528,0.6700049212598426,1318,8407,0.011159277948995834,0.07118061435296508,1184,5798
0.54,0.6,18995677.5895,20183134.007799998,9415.0,39188226.59729999,18752191.96270001,0.6677534448818898,1883,7842,0.015943035188132896,0.06639685711382802,1688,5294
0.54,0.62,19131351.9835,18433998.7101,12310.0,37577660.6936,20362757.866400003,0.6652805118110235,2462,7263,0.020845328004876894,0.061494564297084026,2200,4782
0.54,0.64,19299429.10075,17008547.56396,14945.0,36322921.66471,21617496.895290002,0.6627706692913385,2989,6736,0.02530734581908084,0.05703254648288007,2659,4323
0.54,0.66,19483853.11225,15398758.275200002,17625.0,34900236.38745,23040182.17255,0.6600393700787401,3525,6200,0.029845565076032105,0.05249432722592881,3121,3861
0.54,0.68,19616864.57125,13756668.55738,20065.0,33393598.128629997,24546820.431370005,0.6579724409448819,4013,5712,0.03397737663833102,0.048362515663629896,3553,3429
0.54,0.7000000000000001,19867119.9745,12227704.214800002,22675.0,32117499.1893,25822919.3707,0.6549827755905512,4535,5190,0.03839706031767535,0.04394283198428557,3994,2988
0.54,0.7200000000000001,20103541.9015,10776299.272,25055.0,30904896.1735,27035522.3865,0.6516978346456693,5011,4714,0.04242726995631117,0.03991262234564975,4381,2601
0.54,0.74,20350529.9755,9366685.51968,27170.0,29744385.49518,28196033.064820003,0.6487819881889764,5434,4291,0.04600873776543503,0.03633115453652589,4725,2257
0.54,0.76,20615651.542,8039926.81264,29395.0,28684973.35464,29255445.205360003,0.6454232283464567,5879,3846,0.049776475767941204,0.03256341653401971,5079,1903
0.54,0.78,20891513.42275,6890049.940760001,31210.0,27812773.36351,30127645.19649,0.6423228346456693,6242,3483,0.052849933958749616,0.0294899583432113,5358,1624
0.54,0.8,21123196.31575,5857712.747960001,33130.0,27014039.06371,30926379.496290002,0.6390009842519685,6626,3099,0.056101195515968434,0.026238696785992482,5652,1330
0.54,0.8200000000000001,21364607.46475,5011550.620060001,34765.0,26410923.08481,31529495.475190002,0.6360113188976378,6953,2772,0.05886984793578758,0.023470044366173334,5898,1084
0.54,0.8400000000000001,21659632.31875,4110387.93536,36430.0,25806450.25411,32133968.30589,0.6327263779527559,7286,2439,0.06168930131743828,0.02065059098452264,6142,840
0.54,0.86,21941427.839500003,3238087.6844800003,38025.0,25217540.523980003,32722878.03602,0.6286663385826771,7605,2120,0.06439021912148203,0.017949673180478885,6351,631
0.54,0.88,22216159.8265,2731674.9424799997,39225.0,24987059.768979996,32953358.791020006,0.6256397637795276,7845,1880,0.0664222575947438,0.01591763470721712,6509,473
0.54,0.9,22548607.34875,2307757.2103000004,40420.0,24896784.55905,33043634.00095,0.6215797244094488,8084,1641,0.06844582924103362,0.013894063060927287,6638,344
0.54,0.92,22695714.835,1935629.4102400003,41415.0,24672759.245240003,33267659.31476,0.6177780511811023,8283,1442,0.07013072780844651,0.01220916449351441,6734,248
0.54,0.9400000000000001,22964173.4215,1701809.8953399998,42440.0,24708423.31684,33231995.243160002,0.6131274606299213,8488,1237,0.07186642733769093,0.01047346496426999,6813,169
0.54,0.9600000000000001,23245219.84975,1617162.0567400001,43495.0,24905876.90649,33034541.65351,0.6074064960629921,8699,1026,0.0736529278287669,0.008686964473194026,6869,113
0.54,0.98,23697081.4,1564870.97266,45630.0,25307582.37266,32632836.187340003,0.5938607283464566,9126,599,0.07726826294577845,0.005071629356182477,6929,53
0.56,0.56,19750028.43,23726597.167000003,0.0,43476625.597,14463792.963,0.6584645669291339,0,9027,0.0,0.07643004707555796,0,6351
0.56,0.5800000000000001,19958255.71725,21823551.689420003,3100.0,41784907.406670004,16155511.153329998,0.6559916338582676,620,8407,0.005249432722592881,0.07118061435296508,553,5798
0.56,0.6,20102843.37675,20058213.5125,5925.0,40166981.889249995,17773436.670750007,0.653740157480315,1185,7842,0.010033189961729942,0.06639685711382802,1057,5294
0.56,0.62,20238517.77075,18309078.2148,8820.0,38556415.98555,19384002.57445,0.6512672244094488,1764,7263,0.01493548277847394,0.061494564297084026,1569,4782
0.56,0.64,20406594.888,16883627.06866,11455.0,37301676.95666,20638741.60334,0.6487573818897638,2291,6736,0.019397500592677887,0.05703254648288007,2028,4323
0.56,0.66,20591018.8995,15273837.779900001,14135.0,35878991.679400004,22061426.880599998,0.6460260826771653,2827,6200,0.023935719849629153,0.05249432722592881,2490,3861
0.56,0.68,20724030.3585,13631748.062080001,16575.0,34372353.42058,23568065.139420003,0.6439591535433071,3315,5712,0.028067531411928064,0.048362515663629896,2922,3429
0.56,0.7000000000000001,20974285.761749998,12102783.719500002,19185.0,33096254.48125,24844164.078750003,0.6409694881889764,3837,5190,0.03248721509127239,0.04394283198428557,3363,2988
0.56,0.7200000000000001,21210707.68875,10651378.776700001,21565.0,31883651.46545,26056767.094550002,0.6376845472440945,4313,4714,0.03651742472990822,0.03991262234564975,3750,2601
0.56,0.74,21457695.76275,9241765.02438,23680.0,30723140.78713,27217277.772870004,0.6347687007874016,4736,4291,0.04009889253903207,0.03633115453652589,4094,2257
0.56,0.76,21722817.32925,7915006.3173400005,25905.0,29663728.646590002,28276689.91341,0.6314099409448819,5181,3846,0.043866630541538255,0.03256341653401971,4448,1903
0.56,0.78,21998679.21,6765129.445460001,27720.0,28791528.65546,29148889.904540002,0.6283095472440945,5544,3483,0.04694008873234667,0.0294899583432113,4727,1624
0.56,0.8,22230362.103,5732792.252660001,29640.0,27992794.35566,29947624.204340003,0.6249876968503937,5928,3099,0.050191350289565485,0.026238696785992482,5021,1330
0.56,0.8200000000000001,22471773.252,4886630.12476,31275.0,27389678.37676,30550740.183240004,0.621998031496063,6255,2772,0.05296000270938463,0.023470044366173334,5267,1084
0.56,0.8400000000000001,22766798.106,3985467.44006,32940.0,26785205.54606,31155213.013940003,0.6187130905511811,6588,2439,0.05577945609103532,0.02065059098452264,5511,840
0.56,0.86,23048593.62675,3113167.18918,34535.0,26196295.81593,31744122.74407,0.6146530511811024,6907,2120,0.05848037389507908,0.017949673180478885,5720,631
0.56,0.88,23323325.61375,2606754.44718,35735.0,25965815.06093,31974603.499070004,0.6116264763779526,7147,1880,0.06051241236834084,0.01591763470721712,5878,473
0.56,0.9,23655773.136,2182836.715,36930.0,25875539.851,32064878.709000003,0.6075664370078739,7386,1641,0.06253598401463067,0.013894063060927287,6007,344
0.56,0.92,23802880.62225,1810708.91494,37925.0,25651514.537189998,32288904.022810005,0.6037647637795275,7585,1442,0.06422088258204356,0.01220916449351441,6103,248
0.56,0.9400000000000001,24071339.208750002,1576889.4000399997,38950.0,25687178.608790003,32253239.95121,0.5991141732283465,7790,1237,0.06595658211128798,0.01047346496426999,6182,169
0.56,0.9600000000000001,24352385.637,1492241.56144,40005.0,25884632.198439997,32055786.361560006,0.5933932086614173,8001,1026,0.06774308260236393,0.008686964473194026,6238,113
0.56,0.98,24804247.18725,1439950.4773600001,42140.0,26286337.66461,31654080.895390004,0.5798474409448819,8428,599,0.07135841771937548,0.005071629356182477,6298,53
0.5800000000000001,0.5800000000000001,21138210.345,21705257.51,0.0,42843467.855000004,15096950.704999998,0.6419783464566929,0,8407,0.0,0.07118061435296508,0,5798
0.5800000000000001,0.6,21282798.004499998,19939919.333079997,2825.0,41225542.337579995,16714876.222420007,0.6397268700787402,565,7842,0.004783757239137061,0.06639685711382802,504,5294
0.5800000000000001,0.62,21418472.3985,18190784.035380002,5720.0,39614976.43388,18325442.12612,0.637253937007874,1144,7263,0.009686050055881058,0.061494564297084026,1016,4782
0.5800000000000001,0.64,21586549.51575,16765332.88924,8355.0,38360237.40499,19580181.15501,0.6347440944881889,1671,6736,0.014148067870085008,0.05703254648288007,1475,4323
0.5800000000000001,0.66,21770973.52725,15155543.600480001,11035.0,36937552.12773,21002866.432270005,0.6320127952755905,2207,6200,0.018686287127036273,0.05249432722592881,1937,3861
0.5800000000000001,0.68,21903984.98625,13513453.882660002,13475.0,35430913.86891,22509504.691090003,0.6299458661417323,2695,5712,0.022818098689335185,0.048362515663629896,2369,3429
0.5800000000000001,0.7000000000000001,22154240.3895,11984489.540080002,16085.0,34154814.92958,23785603.63042,0.6269562007874016,3217,5190,0.027237782368679513,0.04394283198428557,2810,2988
0.5800000000000001,0.7200000000000001,22390662.3165,10533084.59728,18465.0,32942211.91378,24998206.646220002,0.6236712598425197,3693,4714,0.03126799200731534,0.03991262234564975,3197,2601
0.5800000000000001,0.74,22637650.390499998,9123470.84496,20580.0,31781701.23546,26158717.324540004,0.6207554133858267,4116,4291,0.03484945981643919,0.03633115453652589,3541,2257
0.5800000000000001,0.76,22902771.957,7796712.137920001,22805.0,30722289.09492,27218129.465080004,0.6173966535433071,4561,3846,0.03861719781894537,0.03256341653401971,3895,1903
0.5800000000000001,0.78,23178633.83775,6646835.266040001,24620.0,29850089.10379,28090329.456210002,0.6142962598425197,4924,3483,0.04169065600975379,0.0294899583432113,4174,1624
0.5800000000000001,0.8,23410316.73075,5614498.073240001,26540.0,29051354.80399,28889063.756010003,0.6109744094488189,5308,3099,0.0449419175669726,0.026238696785992482,4468,1330
0.5800000000000001,0.8200000000000001,23651727.87975,4768335.94534,28175.0,28448238.82509,29492179.734910004,0.6079847440944882,5635,2772,0.04771056998679175,0.023470044366173334,4714,1084
0.5800000000000001,0.8400000000000001,23946752.733749997,3867173.26064,29840.0,27843765.994389996,30096652.565610006,0.6046998031496063,5968,2439,0.050530023368442444,0.02065059098452264,4958,840
0.5800000000000001,0.86,24228548.254499998,2994873.00976,31435.0,27254856.264259998,30685562.295740005,0.6006397637795275,6287,2120,0.053230941172486196,0.017949673180478885,5167,631
0.5800000000000001,0.88,24503280.241499998,2488460.26776,32635.0,27024375.50926,30916043.050740004,0.5976131889763779,6527,1880,0.05526297964574796,0.01591763470721712,5325,473
0.5800000000000001,0.9,24835727.763749998,2064542.5355800001,33830.0,26934100.29933,31006318.260670003,0.5935531496062991,6766,1641,0.057286551292037795,0.013894063060927287,5454,344
0.5800000000000001,0.92,24982835.25,1692414.7355200003,34825.0,26710074.98552,31230343.57448,0.5897514763779528,6965,1442,0.05897144985945067,0.01220916449351441,5550,248
0.5800000000000001,0.9400000000000001,25251293.836499996,1458595.2206199998,35850.0,26745739.057119995,31194679.502880007,0.5851008858267717,7170,1237,0.06070714938869509,0.01047346496426999,5629,169
0.5800000000000001,0.9600000000000001,25532340.26475,1373947.3820200001,36905.0,26943192.64677,30997225.913230002,0.5793799212598425,7381,1026,0.06249364987977106,0.008686964473194026,5685,113
0.5800000000000001,0.98,25984201.814999998,1321656.29794,39040.0,27344898.11294,30595520.447060004,0.5658341535433071,7808,599,0.06610898499678261,0.005071629356182477,5745,53
0.6,0.6,22102128.075,19830133.492,0.0,41932261.567,16008156.993,0.6269685039370079,0,7842,0.0,0.06639685711382802,0,5294
0.6,0.62,22237802.469,18080998.1943,2895.0,40321695.6633,17618722.896700002,0.6244955708661417,579,7263,0.004902292816743997,0.061494564297084026,512,4782
0.6,0.64,22405879.58625,16655547.04816,5530.0,39066956.63441,18873461.92559,0.6219857283464567,1106,6736,0.009364310630947946,0.05703254648288007,971,4323
0.6,0.66,22590303.59775,15045757.7594,8210.0,37644271.35715,20296147.20285,0.6192544291338583,1642,6200,0.013902529887899211,0.05249432722592881,1433,3861
0.6,0.68,22723315.05675,13403668.04158,10650.0,36137633.09833,21802785.461670004,0.6171875,2130,5712,0.018034341450198124,0.048362515663629896,1865,3429
0.6,0.7000000000000001,22973570.46,11874703.699000001,13260.0,34861534.159,23078884.401,0.6141978346456692,2652,5190,0.022454025129542452,0.04394283198428557,2306,2988
0.6,0.7200000000000001,23209992.387,10423298.7562,15640.0,33648931.143199995,24291487.416800007,0.6109128937007874,3128,4714,0.026484234768178277,0.03991262234564975,2693,2601
0.6,0.74,23456980.461,9013685.00388,17755.0,32488420.464879997,25451998.095120005,0.6079970472440945,3551,4291,0.03006570257730213,0.03633115453652589,3037,2257
0.6,0.76,23722102.0275,7686926.29684,19980.0,31429008.32434,26511410.23566,0.6046382874015748,3996,3846,0.03383344057980831,0.03256341653401971,3391,1903
0.6,0.78,23997963.90825,6537049.42496,21795.0,30556808.33321,27383610.226790003,0.6015378937007875,4359,3483,0.036906898770616724,0.0294899583432113,3670,1624
0.6,0.8,24229646.80125,5504712.232160001,23715.0,29758074.03341,28182344.52659,0.5982160433070867,4743,3099,0.04015816032783554,0.026238696785992482,3964,1330
0.6,0.8200000000000001,24471057.95025,4658550.10426,25350.0,29154958.05451,28785460.50549,0.5952263779527559,5070,2772,0.04292681274765469,0.023470044366173334,4210,1084
0.6,0.8400000000000001,24766082.80425,3757387.41956,27015.0,28550485.22381,29389933.336190004,0.591941437007874,5403,2439,0.04574626612930538,0.02065059098452264,4454,840
0.6,0.86,25047878.325,2885087.16868,28610.0,27961575.49368,29978843.066320002,0.5878813976377953,5722,2120,0.04844718393334914,0.017949673180478885,4663,631
0.6,0.88,25322610.312,2378674.4266800005,29810.0,27731094.738679998,30209323.821320005,0.5848548228346456,5962,1880,0.0504792224066109,0.01591763470721712,4821,473
0.6,0.9,25655057.83425,1954756.6945,31005.0,27640819.52875,30299599.031250004,0.5807947834645669,6201,1641,0.05250279405290074,0.013894063060927287,4950,344
0.6,0.92,25802165.320499998,1582628.8944400002,32000.0,27416794.214939997,30523624.345060006,0.5769931102362204,6400,1442,0.05418769262031361,0.01220916449351441,5046,248
0.6,0.9400000000000001,26070623.906999998,1348809.37954,33025.0,27452458.286539998,30487960.273460004,0.5723425196850394,6605,1237,0.055923392149558035,0.01047346496426999,5125,169
0.6,0.9600000000000001,26351670.335249998,1264161.5409399997,34080.0,27649911.87619,30290506.683810003,0.5666215551181102,6816,1026,0.057709892640633996,0.008686964473194026,5181,113
0.6,0.98,26803531.8855,1211870.45686,36215.0,28051617.342359997,29888801.217640005,0.5530757874015747,7243,599,0.061325227757645547,0.005071629356182477,5241,53
0.62,0.62,23006624.035,17972292.537,0.0,40978916.572,16961501.988000005,0.6104822834645669,0,7263,0.0,0.061494564297084026,0,4782
0.62,0.64,23174701.15225,16546841.39086,2635.0,39724177.54311,18216241.016890004,0.6079724409448819,527,6736,0.004462017814203949,0.05703254648288007,459,4323
0.62,0.66,23359125.16375,14937052.102100002,5315.0,38301492.26585,19638926.294150002,0.6052411417322834,1063,6200,0.009000237071155213,0.05249432722592881,921,3861
0.62,0.68,23492136.62275,13294962.384280002,7755.0,36794854.00703,21145564.55297,0.6031742125984253,1551,5712,0.013132048633454126,0.048362515663629896,1353,3429
0.62,0.7000000000000001,23742392.026,11765998.041700002,10365.0,35518755.0677,22421663.492300004,0.6001845472440945,2073,5190,0.017551732312798454,0.04394283198428557,1794,2988
0.62,0.7200000000000001,23978813.953,10314593.0989,12745.0,34306152.0519,23634266.508100003,0.5968996062992127,2549,4714,0.02158194195143428,0.03991262234564975,2181,2601
0.62,0.74,24225802.027,8904979.34658,14860.0,33145641.37358,24794777.18642,0.5939837598425196,2972,4291,0.02516340976055813,0.03633115453652589,2525,2257
0.62,0.76,24490923.5935,7578220.63954,17085.0,32086229.233039998,25854189.326960005,0.5906250000000001,3417,3846,0.028931147763064314,0.03256341653401971,2879,1903
0.62,0.78,24766785.47425,6428343.767660001,18900.0,31214029.241910003,26726389.31809,0.5875246062992125,3780,3483,0.03200460595387273,0.0294899583432113,3158,1624
0.62,0.8,24998468.36725,5396006.574860001,20820.0,30415294.942110002,27525123.61789,0.5842027559055117,4164,3099,0.03525586751109154,0.026238696785992482,3452,1330
0.62,0.8200000000000001,25239879.51625,4549844.44696,22455.0,29812178.96321,28128239.59679,0.5812130905511812,4491,2772,0.03802451993091069,0.023470044366173334,3698,1084
0.62,0.8400000000000001,25534904.37025,3648681.7622599998,24120.0,29207706.132510003,28732712.42749,0.5779281496062991,4824,2439,0.040843973312561385,0.02065059098452264,3942,840
0.62,0.86,25816699.891,2776381.51138,25715.0,28618796.402379997,29321622.157620005,0.5738681102362204,5143,2120,0.043544891116605144,0.017949673180478885,4151,631
0.62,0.88,26091431.878,2269968.7693800004,26915.0,28388315.647379998,29552102.912620004,0.5708415354330709,5383,1880,0.0455769295898669,0.01591763470721712,4309,473
0.62,0.9,26423879.40025,1846051.0372000001,28110.0,28298040.43745,29642378.122550003,0.5667814960629921,5622,1641,0.047600501236156736,0.013894063060927287,4438,344
0.62,0.92,26570986.8865,1473923.23714,29105.0,28074015.12364,29866403.43636,0.5629798228346456,5821,1442,0.049285399803569614,0.01220916449351441,4534,248
0.62,0.9400000000000001,26839445.473,1240103.72224,30130.0,28109679.195240002,29830739.36476,0.5583292322834646,6026,1237,0.051021099332814034,0.01047346496426999,4613,169
0.62,0.9600000000000001,27120491.90125,1155455.8836400001,31185.0,28307132.78489,29633285.775110003,0.5526082677165355,6237,1026,0.05280759982389,0.008686964473194026,4669,113
0.62,0.98,27572353.4515,1103164.7995600002,33320.0,28708838.251059998,29231580.308940005,0.5390625,6664,599,0.056422934940901545,0.005071629356182477,4729,53
0.64,0.64,24127138.15,16458491.956,0.0,40585630.106,17354788.454000004,0.59375,0,6736,0.0,0.05703254648288007,0,4323
0.64,0.66,24311562.1615,14848702.667240001,2680.0,39162944.82874,18777473.73126,0.5910187007874016,536,6200,0.0045382192569512645,0.05249432722592881,462,3861
0.64,0.68,24444573.6205,13206612.949420001,5120.0,37656306.56992,20284111.99008,0.5889517716535433,1024,5712,0.008670030819250179,0.048362515663629896,894,3429
0.64,0.7000000000000001,24694829.02375,11677648.606840001,7730.0,36380207.63059,21560210.929410003,0.5859621062992125,1546,5190,0.013089714498594507,0.04394283198428557,1335,2988
0.64,0.7200000000000001,24931250.950749997,10226243.664040001,10110.0,35167604.61479,22772813.945210002,0.5826771653543307,2022,4714,0.017119924137230333,0.03991262234564975,1722,2601
0.64,0.74,25178239.024749998,8816629.91172,12225.0,34007093.93647,23933324.62353,0.5797613188976378,2445,4291,0.020701391946354186,0.03633115453652589,2066,2257
0.64,0.76,25443360.59125,7489871.20468,14450.0,32947681.79593,24992736.764070004,0.5764025590551181,2890,3846,0.024469129948860364,0.03256341653401971,2420,1903
0.64,0.78,25719222.472,6339994.332800001,16265.0,32075481.8048,25864936.755200002,0.5733021653543308,3253,3483,0.027542588139668776,0.0294899583432113,2699,1624
0.64,0.8,25950905.365,5307657.140000001,18185.0,31276747.505,26663671.055000003,0.56998031496063,3637,3099,0.030793849696887594,0.026238696785992482,2993,1330
0.64,0.8200000000000001,26192316.514,4461495.0121,19820.0,30673631.5261,27266787.033900004,0.5669906496062992,3964,2772,0.03356250211670674,0.023470044366173334,3239,1084
0.64,0.8400000000000001,26487341.367999997,3560332.3274,21485.0,30069158.695399996,27871259.864600006,0.5637057086614173,4297,2439,0.03638195549835743,0.02065059098452264,3483,840
0.64,0.86,26769136.888749998,2688032.07652,23080.0,29480248.965269998,28460169.594730005,0.5596456692913386,4616,2120,0.03908287330240119,0.017949673180478885,3692,631
0.64,0.88,27043868.875749998,2181619.33452,24280.0,29249768.21027,28690650.349730004,0.5566190944881889,4856,1880,0.041114911775662955,0.01591763470721712,3850,473
0.64,0.9,27376316.398,1757701.60234,25475.0,29159493.00034,28780925.559660003,0.5525590551181102,5095,1641,0.04313848342195279,0.013894063060927287,3979,344
0.64,0.92,27523423.88425,1385573.80228,26470.0,28935467.68653,29004950.87347,0.5487573818897636,5294,1442,0.04482338198936567,0.01220916449351441,4075,248
0.64,0.9400000000000001,27791882.470749997,1151754.2873799999,27495.0,28971131.758129995,28969286.801870007,0.5441067913385826,5499,1237,0.04655908151861009,0.01047346496426999,4154,169
0.64,0.9600000000000001,28072928.898999996,1067106.44878,28550.0,29168585.347779997,28771833.212220006,0.5383858267716536,5710,1026,0.04834558200968605,0.008686964473194026,4210,113
0.64,0.98,28524790.449249998,1014815.3647000002,30685.0,29570290.81395,28370127.746050004,0.5248400590551181,6137,599,0.0519609171266976,0.005071629356182477,4270,53
0.66,0.66,25356631.560000002,14748604.202000001,0.0,40105235.762,17835182.798,0.5755413385826772,0,6200,0.0,0.05249432722592881,0,3861
0.66,0.68,25489643.019,13106514.484180002,2440.0,38598597.503180005,19341821.056819998,0.5734744094488189,488,5712,0.004131811562298913,0.048362515663629896,432,3429
0.66,0.7000000000000001,25739898.422250003,11577550.141600002,5050.0,37322498.56385,20617919.996150002,0.5704847440944881,1010,5190,0.008551495241643241,0.04394283198428557,873,2988
0.66,0.7200000000000001,25976320.349250004,10126145.1988,7430.0,36109895.54805,21830523.01195,0.5671998031496063,1486,4714,0.012581704880279066,0.03991262234564975,1260,2601
0.66,0.74,26223308.42325,8716531.44648,9545.0,34949384.86973,22991033.69027,0.5642839566929134,1909,4291,0.01616317268940292,0.03633115453652589,1604,2257
0.66,0.76,26488429.98975,7389772.739440001,11770.0,33889972.72919,24050445.830810003,0.5609251968503937,2354,3846,0.0199309106919091,0.03256341653401971,1958,1903
0.66,0.78,26764291.870500002,6239895.867560001,13585.0,33017772.738060005,24922645.821939997,0.5578248031496063,2717,3483,0.023004368882717514,0.0294899583432113,2237,1624
0.66,0.8,26995974.7635,5207558.674760001,15505.0,32219038.438260004,25721380.12174,0.5545029527559056,3101,3099,0.02625563043993633,0.026238696785992482,2531,1330
0.66,0.8200000000000001,27237385.9125,4361396.54686,17140.0,31615922.459360003,26324496.10064,0.5515132874015748,3428,2772,0.029024282859755477,0.023470044366173334,2777,1084
0.66,0.8400000000000001,27532410.766500004,3460233.86216,18805.0,31011449.628660005,26928968.931339998,0.5482283464566929,3761,2439,0.03184373624140617,0.02065059098452264,3021,840
0.66,0.86,27814206.28725,2587933.61128,20400.0,30422539.89853,27517878.661470003,0.5441683070866141,4080,2120,0.03454465404544993,0.017949673180478885,3230,631
0.66,0.88,28088938.27425,2081520.86928,21600.0,30192059.14353,27748359.416470002,0.5411417322834645,4320,1880,0.036576692518711686,0.01591763470721712,3388,473
0.66,0.9,28421385.7965,1657603.1371000002,22795.0,30101783.9336,27838634.6264,0.5370816929133858,4559,1641,0.03860026416500152,0.013894063060927287,3517,344
0.66,0.92,28568493.282750003,1285475.3370400001,23790.0,29877758.619790003,28062659.94021,0.5332800196850394,4758,1442,0.0402851627324144,0.01220916449351441,3613,248
0.66,0.9400000000000001,28836951.869250003,1051655.82214,24815.0,29913422.691390004,28026995.86861,0.5286294291338582,4963,1237,0.04202086226165882,0.01047346496426999,3692,169
0.66,0.9600000000000001,29117998.297500003,967007.98354,25870.0,30110876.28104,27829542.27896,0.5229084645669291,5174,1026,0.04380736275273479,0.008686964473194026,3748,113
0.66,0.98,29569859.84775,914716.8994600001,28005.0,30512581.74721,27427836.812790003,0.5093626968503937,5601,599,0.04742269786974634,0.005071629356182477,3808,53
0.68,0.68,26243374.619999997,13004181.949000001,0.0,39247556.569,18692861.991000004,0.561761811023622,0,5712,0.0,0.048362515663629896,0,3429
0.68,0.7000000000000001,26493630.02325,11475217.606420001,2610.0,37971457.62967,19968960.93033,0.5587721456692913,522,5190,0.004419683679344329,0.04394283198428557,441,2988
0.68,0.7200000000000001,26730051.950249996,10023812.66362,4990.0,36758854.613869995,21181563.946130008,0.5554872047244095,998,4714,0.008449893317980154,0.03991262234564975,828,2601
0.68,0.74,26977040.024249997,8614198.9113,7105.0,35598343.93555,22342074.624450006,0.5525713582677165,1421,4291,0.012031361127104007,0.03633115453652589,1172,2257
0.68,0.76,27242161.590749998,7287440.20426,9330.0,34538931.79501,23401486.764990002,0.5492125984251969,1866,3846,0.015799099129610188,0.03256341653401971,1526,1903
0.68,0.78,27518023.471499998,6137563.3323800005,11145.0,33666731.80388,24273686.756120004,0.5461122047244095,2229,3483,0.0188725573204186,0.0294899583432113,1805,1624
0.68,0.8,27749706.364499997,5105226.139580001,13065.0,32867997.504079998,25072421.055920005,0.5427903543307087,2613,3099,0.022123818877637418,0.026238696785992482,2099,1330
0.68,0.8200000000000001,27991117.513499998,4259064.01168,14700.0,32264881.525179997,25675537.034820005,0.539800688976378,2940,2772,0.024892471297456566,0.023470044366173334,2345,1084
0.68,0.8400000000000001,28286142.367499996,3357901.32698,16365.0,31660408.694479994,26280009.865520008,0.536515748031496,3273,2439,0.02771192467910726,0.02065059098452264,2589,840
0.68,0.86,28567937.888249997,2485601.0761,17960.0,31071498.964349996,26868919.595650006,0.5324557086614173,3592,2120,0.030412842483151015,0.017949673180478885,2798,631
0.68,0.88,28842669.875249997,1979188.3341,19160.0,30841018.209349997,27099400.350650005,0.5294291338582677,3832,1880,0.03244488095641278,0.01591763470721712,2956,473
0.68,0.9,29175117.397499997,1555270.60192,20355.0,30750742.99942,27189675.560580004,0.5253690944881889,4071,1641,0.034468452602702614,0.013894063060927287,3085,344
0.68,0.92,29322224.88375,1183142.80186,21350.0,30526717.68561,27413700.874390002,0.5215674212598426,4270,1442,0.036153351170115484,0.01220916449351441,3181,248
0.68,0.9400000000000001,29590683.470249996,949323.2869599999,22375.0,30562381.757209994,27378036.80279001,0.5169168307086615,4475,1237,0.03788905069935991,0.01047346496426999,3260,169
0.68,0.9600000000000001,29871729.898499995,864675.44836,23430.0,30759835.346859995,27180583.213140007,0.5111958661417323,4686,1026,0.03967555119043587,0.008686964473194026,3316,113
0.68,0.98,30323591.448749997,812384.36428,25565.0,31161540.813029997,26778877.746970005,0.49765009842519686,5113,599,0.04329088630744742,0.005071629356182477,3376,53
0.7000000000000001,0.7000000000000001,27911743.974999998,11380157.542000001,0.0,39291901.517,18648517.043000005,0.5418307086614174,0,5190,0.0,0.04394283198428557,0,2988
0.7000000000000001,0.7200000000000001,28148165.902,9928752.599200001,2380.0,38079298.5012,19861120.058800004,0.5385457677165355,476,4714,0.004030209638635825,0.03991262234564975,387,2601
0.7000000000000001,0.74,28395153.975999996,8519138.84688,4495.0,36918787.82288,21021630.737120003,0.5356299212598425,899,4291,0.007611677447759677,0.03633115453652589,731,2257
0.7000000000000001,0.76,28660275.542499997,7192380.13984,6720.0,35859375.682339996,22081042.877660006,0.5322711614173229,1344,3846,0.011379415450265858,0.03256341653401971,1085,1903
0.7000000000000001,0.78,28936137.423249997,6042503.267960001,8535.0,34987175.69121,22953242.86879,0.5291707677165355,1707,3483,0.014452873641074272,0.0294899583432113,1364,1624
0.7000000000000001,0.8,29167820.316249996,5010166.0751600005,10455.0,34188441.39140999,23751977.16859001,0.5258489173228347,2091,3099,0.017704135198293086,0.026238696785992482,1658,1330
0.7000000000000001,0.8200000000000001,29409231.465249997,4164003.9472600003,12090.0,33585325.41251,24355093.147490002,0.5228592519685039,2418,2772,0.020472787618112238,0.023470044366173334,1904,1084
0.7000000000000001,0.8400000000000001,29704256.31925,3262841.2625599997,13755.0,32980852.581809998,24959565.978190005,0.5195743110236221,2751,2439,0.023292240999762927,0.02065059098452264,2148,840
0.7000000000000001,0.86,29986051.839999996,2390541.01168,15350.0,32391942.851679996,25548475.708320007,0.5155142716535434,3070,2120,0.025993158803806687,0.017949673180478885,2357,631
0.7000000000000001,0.88,30260783.827,1884128.2696800001,16550.0,32161462.09668,25778956.463320002,0.5124876968503937,3310,1880,0.028025197277068446,0.01591763470721712,2515,473
0.7000000000000001,0.9,30593231.349249996,1460210.5375,17745.0,32071186.886749998,25869231.673250005,0.5084276574803149,3549,1641,0.030048768923358282,0.013894063060927287,2644,344
0.7000000000000001,0.92,30740338.8355,1088082.73744,18740.0,31847161.57294,26093256.987060003,0.5046259842519686,3748,1442,0.03173366749077116,0.01220916449351441,2740,248
0.7000000000000001,0.9400000000000001,31008797.422,854263.2225400001,19765.0,31882825.644539997,26057592.915460005,0.4999753937007874,3953,1237,0.03346936702001558,0.01047346496426999,2819,169
0.7000000000000001,0.9600000000000001,31289843.85025,769615.38394,20820.0,32080279.23419,25860139.325810004,0.49425442913385825,4164,1026,0.03525586751109154,0.008686964473194026,2875,113
0.7000000000000001,0.98,31741705.4005,717324.29986,22955.0,32481984.70036,25458433.859640002,0.4807086614173228,4591,599,0.03887120262810309,0.005071629356182477,2935,53
0.7200000000000001,0.7200000000000001,29487890.155,9838332.922,0.0,39326223.077,18614195.483000003,0.5199311023622047,0,4714,0.0,0.03991262234564975,0,2601
0.7200000000000001,0.74,29734878.229000002,8428719.16968,2115.0,38165712.39868,19774706.16132,0.5170152559055118,423,4291,0.0035814678091238526,0.03633115453652589,344,2257
0.7200000000000001,0.76,29999999.795500003,7101960.4626400005,4340.0,37106300.258140005,20834118.301859997,0.5136564960629921,868,3846,0.007349205811630033,0.03256341653401971,698,1903
0.7200000000000001,0.78,30275861.67625,5952083.590760001,6155.0,36234100.26701,21706318.29299,0.5105561023622047,1231,3483,0.010422664002438447,0.0294899583432113,977,1624
0.7200000000000001,0.8,30507544.569250003,4919746.397960001,8075.0,35435365.96721,22505052.59279,0.5072342519685039,1615,3099,0.013673925559657263,0.026238696785992482,1271,1330
0.7200000000000001,0.8200000000000001,30748955.718250003,4073584.27006,9710.0,34832249.98831,23108168.57169,0.5042445866141733,1942,2772,0.016442577979476413,0.023470044366173334,1517,1084
0.7200000000000001,0.8400000000000001,31043980.57225,3172421.58536,11375.0,34227777.15761,23712641.402390003,0.5009596456692914,2275,2439,0.019262031361127103,0.02065059098452264,1761,840
0.7200000000000001,0.86,31325776.093000002,2300121.33448,12970.0,33638867.427480005,24301551.132519998,0.49689960629921265,2594,2120,0.021962949165170862,0.017949673180478885,1970,631
0.7200000000000001,0.88,31600508.080000002,1793708.59248,14170.0,33408386.672480002,24532031.88752,0.493873031496063,2834,1880,0.02399498763843262,0.01591763470721712,2128,473
0.7200000000000001,0.9,31932955.602250002,1369790.8603000003,15365.0,33318111.462550003,24622307.09745,0.4898129921259842,3073,1641,0.026018559284722458,0.013894063060927287,2257,344
0.7200000000000001,0.92,32080063.0885,997663.0602400003,16360.0,33094086.14874,24846332.41126,0.4860113188976378,3272,1442,0.027703457852135335,0.01220916449351441,2353,248
0.7200000000000001,0.9400000000000001,32348521.675,763843.5453400001,17385.0,33129750.220340002,24810668.33966,0.4813607283464567,3477,1237,0.029439157381379755,0.01047346496426999,2432,169
0.7200000000000001,0.9600000000000001,32629568.10325,679195.7067399999,18440.0,33327203.80999,24613214.750010002,0.47563976377952755,3688,1026,0.03122565787245572,0.008686964473194026,2488,113
0.7200000000000001,0.98,33081429.653500002,626904.62266,20575.0,33728909.27616,24211509.28384,0.4620939960629921,4115,599,0.034840992989467266,0.005071629356182477,2548,53
0.74,0.74,31134477.315,8340719.994,0.0,39475197.309,18465221.251000002,0.500492125984252,0,4291,0.0,0.03633115453652589,0,2257
0.74,0.76,31399598.881500002,7013961.28696,2225.0,38415785.168460004,19524633.39154,0.49713336614173226,445,3846,0.0037677380025061807,0.03256341653401971,354,1903
0.74,0.78,31675460.762250002,5864084.415080001,4040.0,37543585.17733,20396833.38267,0.4940329724409449,808,3483,0.006841196193314593,0.0294899583432113,633,1624
0.74,0.8,31907143.65525,4831747.22228,5960.0,36744850.87753,21195567.68247,0.4907111220472441,1192,3099,0.01009245775053341,0.026238696785992482,927,1330
0.74,0.8200000000000001,32148554.804250002,3985585.09438,7595.0,36141734.89863,21798683.66137,0.4877214566929134,1519,2772,0.012861110170352559,0.023470044366173334,1173,1084
0.74,0.8400000000000001,32443579.65825,3084422.4096799996,9260.0,35537262.06793,22403156.492070004,0.4844365157480315,1852,2439,0.01568056355200325,0.02065059098452264,1417,840
0.74,0.86,32725375.179,2212122.1588000003,10855.0,34948352.3378,22992066.2222,0.4803764763779528,2171,2120,0.01838148135604701,0.017949673180478885,1626,631
0.74,0.88,33000107.166,1705709.4168000002,12055.0,34717871.5828,23222546.9772,0.4773499015748031,2411,1880,0.02041351982930877,0.01591763470721712,1784,473
0.74,0.9,33332554.68825,1281791.68462,13250.0,34627596.37287,23312822.187130004,0.47328986220472435,2650,1641,0.022437091475598605,0.013894063060927287,1913,344
0.74,0.92,33479662.1745,909663.8845600002,14245.0,34403571.05906,23536847.500940003,0.46948818897637795,2849,1442,0.024121990043011483,0.01220916449351441,2009,248
0.74,0.9400000000000001,33748120.761,675844.3696600001,15270.0,34439235.13066,23501183.429340005,0.46483759842519684,3054,1237,0.025857689572255902,0.01047346496426999,2088,169
0.74,0.9600000000000001,34029167.18925,591196.53106,16325.0,34636688.72031,23303729.83969,0.4591166338582677,3265,1026,0.027644190063331867,0.008686964473194026,2144,113
0.74,0.98,34481028.7395,538905.44698,18460.0,35038394.18648,22902024.37352,0.44557086614173225,3692,599,0.03125952518034342,0.005071629356182477,2204,53
0.76,0.76,32901954.424999997,6931308.178,0.0,39833262.603,18107155.957000002,0.4781003937007874,0,3846,0.0,0.03256341653401971,0,1903
0.76,0.78,33177816.305749997,5781431.306120001,1815.0,38961062.61187,18979355.948130004,0.47500000000000003,363,3483,0.0030734581908084127,0.0294899583432113,279,1624
0.76,0.8,33409499.198749997,4749094.1133200005,3735.0,38162328.31207,19778090.247930005,0.4716781496062992,747,3099,0.006324719748027229,0.026238696785992482,573,1330
0.76,0.8200000000000001,33650910.34774999,3902931.9854200003,5370.0,37559212.33317,20381206.226830006,0.4686884842519685,1074,2772,0.009093372167846378,0.023470044366173334,819,1084
0.76,0.8400000000000001,33945935.201749995,3001769.3007199997,7035.0,36954739.502469994,20985679.05753001,0.4654035433070866,1407,2439,0.011912825549497071,0.02065059098452264,1063,840
0.76,0.86,34227730.7225,2129469.04984,8630.0,36365829.77234,21574588.787660003,0.4613435039370079,1726,2120,0.014613743353540827,0.017949673180478885,1272,631
0.76,0.88,34502462.7095,1623056.3078400001,9830.0,36135349.01734,21805069.542660005,0.45831692913385824,1966,1880,0.016645781826802587,0.01591763470721712,1430,473
0.76,0.9,34834910.23175,1199138.57566,11025.0,36045073.807409994,21895344.752590008,0.4542568897637795,2205,1641,0.018669353473092423,0.013894063060927287,1559,344
0.76,0.92,34982017.717999995,827010.7756,12020.0,35821048.493599996,22119370.066400006,0.4504552165354331,2404,1442,0.0203542520405053,0.01220916449351441,1655,248
0.76,0.9400000000000001,35250476.3045,593191.2607,13045.0,35856712.5652,22083705.9948,0.44580462598425197,2609,1237,0.02208995156974972,0.01047346496426999,1734,169
0.76,0.9600000000000001,35531522.73275,508543.42209999997,14100.0,36054166.15485,21886252.405150004,0.44008366141732286,2820,1026,0.023876452060825684,0.008686964473194026,1790,113
0.76,0.98,35983384.283,456252.33802,16235.0,36455871.62102,21484546.938980006,0.42653789370078743,3247,599,0.027491787177837235,0.005071629356182477,1850,53
0.78,0.78,34741033.629999995,5709637.676000001,0.0,40450671.305999994,17489747.254000008,0.45743110236220474,0,3483,0.0,0.0294899583432113,0,1624
0.78,0.8,34972716.522999994,4677300.483200001,1920.0,39651937.00619999,18288481.55380001,0.45410925196850394,384,3099,0.0032512615572188167,0.026238696785992482,294,1330
0.78,0.8200000000000001,35214127.672,3831138.3553,3555.0,39048821.0273,18891597.532700002,0.45111958661417323,711,2772,0.006019913977037965,0.023470044366173334,540,1084
0.78,0.8400000000000001,35509152.52599999,2929975.6706,5220.0,38444348.19659999,19496070.363400012,0.4478346456692913,1044,2439,0.008839367358688658,0.02065059098452264,784,840
0.78,0.86,35790948.046749994,2057675.4197200001,6815.0,37855438.466469996,20084980.093530007,0.4437746062992126,1363,2120,0.011540285162732415,0.017949673180478885,993,631
0.78,0.88,36065680.03375,1551262.67772,8015.0,37624957.71147,20315460.848530002,0.440748031496063,1603,1880,0.013572323635994175,0.01591763470721712,1151,473
0.78,0.9,36398127.555999994,1127344.9455400002,9210.0,37534682.50154,20405736.058460005,0.43668799212598425,1842,1641,0.01559589528228401,0.013894063060927287,1280,344
0.78,0.92,36545235.04224999,755217.1454800001,10205.0,37310657.18772999,20629761.37227001,0.4328863188976378,2041,1442,0.01728079384969689,0.01220916449351441,1376,248
0.78,0.9400000000000001,36813693.62875,521397.6305800001,11230.0,37346321.25933,20594097.300670005,0.4282357283464567,2246,1237,0.019016493378941308,0.01047346496426999,1455,169
0.78,0.9600000000000001,37094740.057,436749.79198,12285.0,37543774.848979995,20396643.711020008,0.4225147637795275,2457,1026,0.020802993870017272,0.008686964473194026,1511,113
0.78,0.98,37546601.60725,384458.7079,14420.0,37945480.31515,19994938.244850002,0.40896899606299214,2884,599,0.02441832898702882,0.005071629356182477,1571,53
0.8,0.8,36285586.25,4613095.556000001,0.0,40898681.806,17041736.754,0.43528543307086615,0,3099,0.0,0.026238696785992482,0,1330
0.8,0.8200000000000001,36526997.399,3766933.4281,1635.0,40295565.827099994,17644852.73290001,0.4322957677165354,327,2772,0.0027686524198191485,0.023470044366173334,246,1084
0.8,0.8400000000000001,36822022.253,2865770.7434,3300.0,39691092.9964,18249325.563600004,0.42901082677165353,660,2439,0.005588105801469841,0.02065059098452264,490,840
0.8,0.86,37103817.77375,1993470.49252,4895.0,39102183.26627,18838235.293730006,0.4249507874015748,979,2120,0.008289023605513597,0.017949673180478885,699,631
0.8,0.88,37378549.76075,1487057.75052,6095.0,38871702.51127,19068716.04873,0.4219242125984252,1219,1880,0.010321062078775358,0.01591763470721712,857,473
0.8,0.9,37710997.283,1063140.0183400002,7290.0,38781427.30134,19158991.258660004,0.41786417322834646,1458,1641,0.012344633725065194,0.013894063060927287,986,344
0.8,0.92,37858104.76925,691012.21828,8285.0,38557401.98753,19383016.572470002,0.4140625,1657,1442,0.01402953229247807,0.01220916449351441,1082,248
0.8,0.9400000000000001,38126563.35575,457192.7033800001,9310.0,38593066.059130006,19347352.500869997,0.4094119094488189,1862,1237,0.01576523182172249,0.01047346496426999,1161,169
0.8,0.9600000000000001,38407609.784,372544.86478000006,10365.0,38790519.64878,19149898.91122,0.4036909448818897,2073,1026,0.017551732312798454,0.008686964473194026,1217,113
0.8,0.98,38859471.33425,320253.7807,12500.0,39192225.11495,18748193.44505,0.3901451771653543,2500,599,0.021167067429810005,0.005071629356182477,1277,53
0.8200000000000001,0.8200000000000001,37894993.910000004,3714336.271,0.0,41609330.181,16331088.379,0.4153543307086614,0,2772,0.0,0.023470044366173334,0,1084
0.8200000000000001,0.8400000000000001,38190018.764000006,2813173.5862999996,1665.0,41004857.35030001,16935561.209699996,0.41206938976377955,333,2439,0.002819453381650693,0.02065059098452264,244,840
0.8200000000000001,0.86,38471814.28475001,1940873.3354200001,3260.0,40415947.620170005,17524470.939829998,0.4080093503937008,652,2120,0.005520371185694449,0.017949673180478885,453,631
0.8200000000000001,0.88,38746546.27175,1434460.59342,4460.0,40185466.86517,17754951.69483,0.4049827755905512,892,1880,0.007552409658956209,0.01591763470721712,611,473
0.8200000000000001,0.9,39078993.79400001,1010542.8612400001,5655.0,40095191.65524001,17845226.904759996,0.4009227362204724,1131,1641,0.009575981305246046,0.013894063060927287,740,344
0.8200000000000001,0.92,39226101.280250005,638415.0611800001,6650.0,39871166.34143001,18069252.218569994,0.397121062992126,1330,1442,0.011260879872658922,0.01220916449351441,836,248
0.8200000000000001,0.9400000000000001,39494559.86675,404595.54628,7675.0,39906830.41303,18033588.146970004,0.3924704724409449,1535,1237,0.012996579401903343,0.01047346496426999,915,169
0.8200000000000001,0.9600000000000001,39775606.295,319947.70768,8730.0,40104284.00268,17836134.55732,0.38674950787401574,1746,1026,0.014783079892979308,0.008686964473194026,971,113
0.8200000000000001,0.98,40227467.84525,267656.6236,10865.0,40505989.46885,17434429.09115,0.37320374015748026,2173,599,0.018398415009990857,0.005071629356182477,1031,53
0.8400000000000001,0.8400000000000001,39861826.269999996,2757054.266,0.0,42618880.536,15321538.024000004,0.39345472440944884,0,2439,0.0,0.02065059098452264,0,840
0.8400000000000001,0.86,40143621.79075,1884754.01512,1595.0,42029970.80587,15910447.754130006,0.3893946850393701,319,2120,0.0027009178040437566,0.017949673180478885,209,631
0.8400000000000001,0.88,40418353.77774999,1378341.27312,2795.0,41799490.050869994,16140928.509130009,0.3863681102362205,559,1880,0.004732956277305517,0.01591763470721712,367,473
0.8400000000000001,0.9,40750801.3,954423.5409400001,3990.0,41709214.84094,16231203.719060004,0.38230807086614177,798,1641,0.006756527923595353,0.013894063060927287,496,344
0.8400000000000001,0.92,40897908.786249995,582295.74088,4985.0,41485189.52712999,16455229.03287001,0.37850639763779526,997,1442,0.008441426491008229,0.01220916449351441,592,248
0.8400000000000001,0.9400000000000001,41166367.37275,348476.22598,6010.0,41520853.59873,16419564.961270005,0.37385580708661414,1202,1237,0.01017712602025265,0.01047346496426999,671,169
0.8400000000000001,0.9600000000000001,41447413.801,263828.38738,7065.0,41718307.188379996,16222111.371620007,0.36813484251968503,1413,1026,0.011963626511328615,0.008686964473194026,727,113
0.8400000000000001,0.98,41899275.35124999,211537.30330000003,9200.0,42120012.65454999,15820405.905450009,0.3545890748031496,1840,599,0.015578961628340163,0.005071629356182477,787,53
0.86,0.86,41740463.075,1830275.914,0.0,43570738.989,14369679.571000002,0.36638779527559057,0,2120,0.0,0.017949673180478885,0,631
0.86,0.88,42015195.06200001,1323863.172,1200.0,43340258.234000005,14600160.325999998,0.36336122047244096,240,1880,0.0020320384732617604,0.01591763470721712,158,473
0.86,0.9,42347642.58425,899945.4398200001,2395.0,43249983.02407,14690435.53593,0.3593011811023622,479,1641,0.004055610119551597,0.013894063060927287,287,344
0.86,0.92,42494750.0705,527817.63976,3390.0,43025957.710260004,14914460.849739999,0.35549950787401574,678,1442,0.005740508686964473,0.01220916449351441,383,248
0.86,0.9400000000000001,42763208.657000005,293998.12486000004,4415.0,43061621.78186001,14878796.778139994,0.35084891732283463,883,1237,0.0074762082162088935,0.01047346496426999,462,169
0.86,0.9600000000000001,43044255.085250005,209350.28626,5470.0,43259075.37151001,14681343.188489996,0.34512795275590546,1094,1026,0.009262708707284857,0.008686964473194026,518,113
0.86,0.98,43496116.63550001,157059.20218000002,7605.0,43660780.837680005,14279637.722319998,0.3315821850393701,1521,599,0.012878043824296406,0.005071629356182477,578,53
0.88,0.88,43572009.655,1292446.614,0.0,44864456.269,13075962.291000001,0.34621062992125984,0,1880,0.0,0.01591763470721712,0,473
0.88,0.9,43904457.17725,868528.8818200001,1195.0,44774181.05907,13166237.500930004,0.3421505905511811,239,1641,0.0020235716462898364,0.013894063060927287,129,344
0.88,0.92,44051564.6635,496401.08176000003,2190.0,44550155.74526,13390262.814740002,0.3383489173228346,438,1442,0.003708470213702713,0.01220916449351441,225,248
0.88,0.9400000000000001,44320023.25,262581.56686,3215.0,44585819.81686,13354598.743140005,0.33369832677165356,643,1237,0.005444169742947133,0.01047346496426999,304,169
0.88,0.9600000000000001,44601069.67825,177933.72826,4270.0,44783273.40651,13157145.15349,0.32797736220472445,854,1026,0.007230670234023098,0.008686964473194026,360,113
0.88,0.98,45052931.2285,125642.64418,6405.0,45184978.87268,12755439.687320001,0.31443159448818897,1281,599,0.010846005351034646,0.005071629356182477,420,53
0.9,0.9,45788326.47,842211.3670000001,0.0,46630537.837,11309880.723000005,0.31914370078740156,0,1641,0.0,0.013894063060927287,0,344
0.9,0.92,45935433.95625,470083.56694000005,995.0,46406512.52319,11533906.036810003,0.3153420275590551,199,1442,0.0016848985674128764,0.01220916449351441,96,248
0.9,0.9400000000000001,46203892.54275,236264.05204000004,2020.0,46442176.594790004,11498241.965209998,0.31069143700787405,404,1237,0.0034205980966572967,0.01047346496426999,175,169
0.9,0.9600000000000001,46484938.971,151616.21344000002,3075.0,46639630.18444,11300788.37556,0.3049704724409449,615,1026,0.005207098587733261,0.008686964473194026,231,113
0.9,0.98,46936800.52125,99325.12935999999,5210.0,47041335.65061,10899082.909390002,0.2914247047244094,1042,599,0.00882243370474481,0.005071629356182477,291,53
0.92,0.92,46769043.045,446882.21800000005,0.0,47215925.263000004,10724493.296999998,0.2937992125984252,0,1442,0.0,0.01220916449351441,0,248
0.92,0.9400000000000001,47037501.6315,213062.70310000004,1025.0,47251589.3346,10688829.2254,0.28914862204724406,205,1237,0.0017356995292444203,0.01047346496426999,79,169
0.92,0.9600000000000001,47318548.05975,128414.8645,2080.0,47449042.92425,10491375.635750003,0.28342765748031495,416,1026,0.0035222000203203848,0.008686964473194026,135,113
0.92,0.98,47770409.61,76123.78042,4215.0,47850748.39042,10089670.169580005,0.2698818897637795,843,599,0.0071375351373319336,0.005071629356182477,195,53
0.9400000000000001,0.9400000000000001,48558766.955,198591.88300000003,0.0,48757358.838,9183059.722000003,0.26279527559055116,0,1237,0.0,0.01047346496426999,0,169
0.9400000000000001,0.9600000000000001,48839813.38325,113944.0444,1055.0,48954812.42765,8985606.132350005,0.25707431102362205,211,1026,0.0017865004910759643,0.008686964473194026,56,113
0.9400000000000001,0.98,49291674.9335,61652.96032,3190.0,49356517.89382,8583900.66618,0.24352854330708662,638,599,0.005401835608087513,0.005071629356182477,116,53
0.9600000000000001,0.9600000000000001,50432409.81,108862.693,0.0,50541272.503000006,7399146.056999996,0.2246555118110236,0,1026,0.0,0.008686964473194026,0,113
0.9600000000000001,0.98,50884271.36025,56571.60892,2135.0,50942977.969170004,6997440.590829998,0.2111097440944882,427,599,0.003615335117011549,0.005071629356182477,60,53
0.98,0.98,53444820.144999996,53578.561,0.0,53498398.70599999,4442019.85400001,0.1343503937007874,0,599,0.0,0.005071629356182477,0,53
