t_low,t_high,fraud_loss,customer_loss,op_cost,total_cost,savings,effective_recall,n_challenged,n_blocked,challenge_rate,block_rate,legit_challenged,legit_blocked
0.02,0.02,105162.015,418037712.91349995,0.0,418142874.92849994,-360202456.36849993,0.9950787401574803,0,107463,0.0,0.909870626883869,0,103419
0.02,0.04,132797.40675,368567241.44631994,93920.0,368793958.85306996,-310853540.29306996,0.9940083661417323,18784,88679,0.15904087784062046,0.7508297490432485,18755,84664
0.02,0.06,208723.55099999998,327711166.57000005,164680.0,328084570.12100005,-270144151.56100005,0.992310531496063,32936,74527,0.2788634131472889,0.6310072137365801,32861,70558
0.02,0.08,278627.1045,294835259.78976995,216190.0,295330076.89426994,-237389658.33426994,0.9906496062992126,43238,64225,0.36608866461205,0.543781962271819,43118,60301
0.02,0.1,379063.53900000005,267271623.64372998,256015.0,267906702.18273,-209966283.62273,0.9885088582677166,51203,56260,0.4335269414434247,0.47634368544044436,51025,52394
0.02,0.12000000000000001,501408.63375,242076115.30527,288640.0,242866163.93901998,-184925745.37901998,0.9868110236220473,57728,49735,0.4887729874352288,0.4210976394486402,57504,45915
0.02,0.13999999999999999,579562.92225,220896704.44833997,314895.0,221791162.37058997,-163850743.81058997,0.9848548228346456,62979,44484,0.5332322958648017,0.3766383310190673,62702,40717
0.02,0.16,642239.871,201470067.49356,337125.0,202449432.36455998,-144509013.80455998,0.9828986220472441,67425,40038,0.5708758085819758,0.3389948183018932,67095,36324
0.02,0.18,719499.8047499999,185453611.21220997,355530.0,186528641.01695997,-128588222.45695996,0.9812376968503937,71106,36357,0.602042198665628,0.3078284282182409,70731,32688
0.02,0.19999999999999998,819392.82675,170187683.96734,371560.0,171378636.79409,-113438218.23409,0.9794660433070866,74312,33151,0.6291868459376164,0.28068378094625257,73889,29530
0.02,0.22,916999.389,156675116.8981,385390.0,157977506.2871,-100037087.72709998,0.9778051181102363,77078,30385,0.6526060893419582,0.2572645375419108,76610,26809
0.02,0.24,1060300.8667499998,145708919.30602,397130.0,147166350.17277,-89225931.61276999,0.9761811023622047,79426,28037,0.6724861990720358,0.23738442781183325,78914,24505
0.02,0.26,1130689.16775,136072158.57586998,407500.0,137610347.74361998,-79669929.18361998,0.9748892716535432,81500,25963,0.6900463982118061,0.21982422867206286,80953,22466
0.02,0.28,1224730.0004999998,126679453.78226998,417225.0,128321408.78276998,-70380990.22276998,0.9732652559055118,83445,24018,0.7065143766721983,0.20335625021167067,82854,20565
0.02,0.30000000000000004,1351672.0597499998,119158704.60119998,425755.0,120936131.66094999,-62995713.10094999,0.9714197834645669,85151,22312,0.7209587834863007,0.18891184339756834,84510,18909
0.02,0.32,1550623.3005,111290620.05158001,433785.0,113275028.35208002,-55334609.792080015,0.9689837598425196,86757,20706,0.7345565076032107,0.17531411928065838,86050,17369
0.02,0.34,1660576.67025,104388801.67396998,441155.0,106490533.34421998,-48550114.78421998,0.9672859251968504,88231,19232,0.7470366105598266,0.1628340163240424,87478,15941
0.02,0.36000000000000004,1781880.6134999995,98435983.98448,447485.0,100665349.59798,-42724931.03797999,0.9655511811023622,89497,17966,0.7577556135062824,0.15211501337758662,88697,14722
0.02,0.38,1855849.9964999997,93065939.01416999,453305.0,95375094.01066999,-37434675.45066999,0.9641486220472442,90661,16802,0.7676110001016019,0.14225962678226708,89823,13596
0.02,0.4,1940195.4262499998,88007393.92044,458825.0,90406414.34669,-32465995.786689997,0.962376968503937,91765,15698,0.776958377078606,0.13291224980526298,90879,12540
0.02,0.42000000000000004,2062023.2557499998,83944070.17045,463700.0,86469793.4262,-28529374.8662,0.960568405511811,92740,14723,0.7852135333762319,0.12465709350763708,91805,11614
0.02,0.44,2151666.6217499995,79602495.71099001,468590.0,82222752.33274001,-24282333.772740006,0.9585383858267716,93718,13745,0.7934940901547736,0.1163765367290954,92728,10691
0.02,0.46,2329652.436,75566442.05436,473145.0,78369239.49036,-20428820.930360004,0.9562130905511812,94629,12834,0.8012073695261963,0.10866325735767264,93576,9843
0.02,0.48000000000000004,2425597.1572499997,72158994.98981,477215.0,75061807.14706,-17121388.587060004,0.9542199803149606,95443,12020,0.8080993666813425,0.1017712602025265,94336,9083
0.02,0.5,2565467.832,68723229.04615,481175.0,71769871.87815,-13829453.318149999,0.9517101377952756,96235,11228,0.8148050936431063,0.0950655332407627,95060,8359
0.02,0.52,2699486.898,64841754.78867,485030.0,68026271.68667,-10085853.126670003,0.9496432086614173,97006,10457,0.8213330172384598,0.08853760964540928,95775,7644
0.02,0.54,2856509.7795,61312316.51983,488690.0,64657516.29933,-6717097.739330001,0.9470595472440945,97738,9725,0.8275307345819081,0.08233989230196091,96437,6982
0.02,0.56,3051891.97725,58183725.08028,492180.0,61727797.05753,-3787378.4975299984,0.9445866141732284,98436,9027,0.833440579808311,0.07643004707555796,97068,6351
0.02,0.5800000000000001,3260119.2644999996,55234704.46391,495280.0,58990103.72841,-1049685.1684099957,0.9421136811023622,99056,8407,0.8386900125309039,0.07118061435296508,97621,5798
0.02,0.6,3404706.9240000006,52500613.99853,498105.0,56403425.92253,1536992.6374699995,0.9398622047244094,99621,7842,0.843473769770041,0.06639685711382802,98125,5294
0.02,0.62,3540381.318,49789461.45198,501000.0,53830842.76998,4109575.790020004,0.9373892716535434,100200,7263,0.848376062586785,0.061494564297084026,98637,4782
0.02,0.64,3708458.4352499996,47572887.53277,503635.0,51784980.96802,6155437.591980003,0.9348794291338582,100727,6736,0.852838080400989,0.05703254648288007,99096,4323
0.02,0.66,3892882.4467499997,45079293.999630004,506315.0,49478491.446380004,8461927.113619998,0.9321481299212598,101263,6200,0.8573762996579402,0.05249432722592881,99558,3861
0.02,0.68,4025893.9057499995,42542373.8229,508755.0,47077022.728649996,10863395.831350006,0.9300812007874015,101751,5712,0.8615081112202391,0.048362515663629896,99990,3429
0.02,0.7000000000000001,4276149.308999999,40173604.50903,511365.0,44961118.81803,12979299.741970003,0.9270915354330708,102273,5190,0.8659277948995834,0.04394283198428557,100431,2988
0.02,0.7200000000000001,4512571.236,37930397.49483,513745.0,42956713.73083,14983704.829170004,0.9238065944881889,102749,4714,0.8699580045382193,0.03991262234564975,100818,2601
0.02,0.74,4759559.31,35757221.66635,515860.0,41032640.97635,16907777.58365,0.9208907480314961,103172,4291,0.8735394723473431,0.03633115453652589,101162,2257
0.02,0.76,5024680.876499999,33706620.40578999,518085.0,39249386.28229,18691032.277710006,0.9175319881889764,103617,3846,0.8773072103498493,0.03256341653401971,101516,1903
0.02,0.78,5300542.75725,31934151.89797,519900.0,37754594.65522,20185823.90478,0.914431594488189,103980,3483,0.8803806685406577,0.0294899583432113,101795,1624
0.02,0.8,5532225.650249999,30335430.90877,521820.0,36389476.55902,21550942.000980005,0.9111097440944882,104364,3099,0.8836319300978766,0.026238696785992482,102089,1330
0.02,0.8200000000000001,5773636.79925,29024170.916920003,523455.0,35321262.716170006,22619155.843829997,0.9081200787401574,104691,2772,0.8864005825176957,0.023470044366173334,102335,1084
0.02,0.8400000000000001,6068661.6532499995,27630751.68987,525120.0,34224533.34312,23715885.21688,0.9048351377952756,105024,2439,0.8892200358993464,0.02065059098452264,102579,840
0.02,0.86,6350457.173999999,26286604.113549996,526715.0,33163776.287549995,24776642.272450007,0.9007750984251969,105343,2120,0.8919209537033901,0.017949673180478885,102788,631
0.02,0.88,6625189.160999999,25499998.600549992,527915.0,32653102.76154999,25287315.79845001,0.8977485236220472,105583,1880,0.8939529921766519,0.01591763470721712,102946,473
0.02,0.9,6957636.683249999,24842088.802279994,529110.0,32328835.485529993,25611583.07447001,0.8936884842519685,105822,1641,0.8959765638229417,0.013894063060927287,103075,344
0.02,0.92,7104744.1695,24267500.302190002,530105.0,31902349.471690003,26038069.08831,0.889886811023622,106021,1442,0.8976614623903546,0.01220916449351441,103171,248
0.02,0.9400000000000001,7373202.755999999,23903277.82984,531130.0,31807610.58584,26132807.97416,0.8852362204724409,106226,1237,0.8993971619195991,0.01047346496426999,103250,169
0.02,0.9600000000000001,7654249.18425,23766741.27194,532185.0,31953175.45619,25987243.10381,0.8795152559055118,106437,1026,0.9011836624106749,0.008686964473194026,103306,113
0.02,0.98,8106110.734499998,23678056.64581999,534320.0,32318487.38031999,25621931.179680012,0.8659694881889763,106864,599,0.9047989975276866,0.005071629356182477,103366,53
0.04,0.04,289397.96,365696862.4164999,0.0,365986260.3764999,-308045841.8164999,0.9879429133858267,0,88679,0.0,0.7508297490432485,0,84664
0.04,0.06,365324.10425000003,324840787.54018,70760.0,325276871.64443004,-267336453.08443004,0.9862450787401574,14152,74527,0.11982253530666848,0.6310072137365801,14106,70558
0.04,0.08,435227.65775,291964880.75995,122270.0,292522378.4177,-234581959.8577,0.9845841535433071,24454,64225,0.20704778677142954,0.543781962271819,24363,60301
0.04,0.1,535664.09225,264401244.61391,162095.0,265099003.70615998,-207158585.14615998,0.9824434055118111,32419,56260,0.2744860636028042,0.47634368544044436,32270,52394
0.04,0.12000000000000001,658009.1869999999,239205736.27545,194720.0,240058465.46245,-182118046.90245,0.9807455708661418,38944,49735,0.3297321095946083,0.4210976394486402,38749,45915
0.04,0.13999999999999999,736163.4755,218026325.41851997,220975.0,218983463.89401996,-161043045.33401996,0.9787893700787402,44195,44484,0.37419141802418127,0.3766383310190673,43947,40717
0.04,0.16,798840.4242499999,198599688.46374,243205.0,199641733.88799,-141701315.32799,0.9768331692913386,48641,40038,0.41183493074135535,0.3389948183018932,48340,36324
0.04,0.18,876100.358,182583232.18238997,261610.0,183720942.54038998,-125780523.98038998,0.9751722440944882,52322,36357,0.4430013208250076,0.3078284282182409,51976,32688
0.04,0.19999999999999998,975993.3799999999,167317304.93752,277640.0,168570938.31752,-110630519.75751999,0.9734005905511811,55528,33151,0.470145968096996,0.28068378094625257,55134,29530
0.04,0.22,1073599.94225,153804737.86828,291470.0,155169807.81053,-97229389.25053,0.9717396653543308,58294,30385,0.49356521150133775,0.2572645375419108,57855,26809
0.04,0.24,1216901.4200000002,142838540.27619997,303210.0,144358651.69619995,-86418233.13619995,0.9701156496062993,60642,28037,0.5134453212314153,0.23738442781183325,60159,24505
0.04,0.26,1287289.721,133201779.54605,313580.0,134802649.26705,-76862230.70705,0.9688238188976378,62716,25963,0.5310055203711856,0.21982422867206286,62198,22466
0.04,0.28,1381330.55375,123809074.75244999,323305.0,125513710.30619998,-67573291.74619998,0.9671998031496063,64661,24018,0.5474734988315779,0.20335625021167067,64099,20565
0.04,0.30000000000000004,1508272.613,116288325.57137999,331835.0,118128433.18438,-60188014.62437999,0.9653543307086614,66367,22312,0.5619179056456802,0.18891184339756834,65755,18909
0.04,0.32,1707223.85375,108420241.02176,339865.0,110467329.87551,-52526911.315510005,0.9629183070866142,67973,20706,0.5755156297625902,0.17531411928065838,67295,17369
0.04,0.34,1817177.2234999998,101518422.64414999,347235.0,103682834.86764999,-45742416.307649985,0.9612204724409449,69447,19232,0.5879957327192061,0.1628340163240424,68723,15941
0.04,0.36000000000000004,1938481.16675,95565604.95466,353565.0,97857651.12141,-39917232.561409995,0.9594857283464566,70713,17966,0.5987147356656619,0.15211501337758662,69942,14722
0.04,0.38,2012450.54975,90195559.98435,359385.0,92567395.5341,-34626976.97409999,0.9580831692913386,71877,16802,0.6085701222609815,0.14225962678226708,71068,13596
0.04,0.4,2096795.9794999997,85137014.89062,364905.0,87598715.87011999,-29658297.310119987,0.9563115157480314,72981,15698,0.6179174992379856,0.13291224980526298,72124,12540
0.04,0.42000000000000004,2218623.809,81073691.14063,369780.0,83662094.94963,-25721676.389630005,0.9545029527559055,73956,14723,0.6261726555356115,0.12465709350763708,73050,11614
0.04,0.44,2308267.175,76732116.68117,374670.0,79415053.85617,-21474635.296169996,0.9524729330708661,74934,13745,0.6344532123141532,0.1163765367290954,73973,10691
0.04,0.46,2486252.98925,72696063.02454,379225.0,75561541.01379001,-17621122.45379001,0.9501476377952757,75845,12834,0.6421664916855759,0.10866325735767264,74821,9843
0.04,0.48000000000000004,2582197.7105,69288615.95999,383295.0,72254108.67049,-14313690.110489994,0.9481545275590552,76659,12020,0.649058488840722,0.1017712602025265,75581,9083
0.04,0.5,2722068.38525,65852850.016330004,387255.0,68962173.40158,-11021754.841580003,0.94564468503937,77451,11228,0.6557642158024859,0.0950655332407627,76305,8359
0.04,0.52,2856087.4512499995,61971375.75885001,391110.0,65218573.21010001,-7278154.650100008,0.9435777559055117,78222,10457,0.6622921393978393,0.08853760964540928,77020,7644
0.04,0.54,3013110.3327499996,58441937.49001,394770.0,61849817.82276,-3909399.2627599984,0.9409940944881889,78954,9725,0.6684898567412876,0.08233989230196091,77682,6982
0.04,0.56,3208492.5305,55313346.050459996,398260.0,58920098.58096,-979680.0209599957,0.9385211614173228,79652,9027,0.6743997019676906,0.07643004707555796,78313,6351
0.04,0.5800000000000001,3416719.81775,52364325.43409,401360.0,56182405.25184,1758013.3081599995,0.9360482283464566,80272,8407,0.6796491346902834,0.07118061435296508,78866,5798
0.04,0.6,3561307.4772499995,49630234.96870999,404185.0,53595727.44595999,4344691.11404001,0.9337967519685039,80837,7842,0.6844328919294206,0.06639685711382802,79370,5294
0.04,0.62,3696981.87125,46919082.42216,407080.0,51023144.29341,6917274.266589999,0.9313238188976377,81416,7263,0.6893351847461645,0.061494564297084026,79882,4782
0.04,0.64,3865058.9884999995,44702508.50295,409715.0,48977282.49145,8963136.068550006,0.9288139763779527,81943,6736,0.6937972025603685,0.05703254648288007,80341,4323
0.04,0.66,4049483.0,42208914.969809994,412395.0,46670792.969809994,11269625.590190008,0.9260826771653543,82479,6200,0.6983354218173198,0.05249432722592881,80803,3861
0.04,0.68,4182494.459,39671994.793079995,414835.0,44269324.25207999,13671094.307920009,0.924015748031496,82967,5712,0.7024672333796187,0.048362515663629896,81235,3429
0.04,0.7000000000000001,4432749.86225,37303225.47921,417445.0,42153420.34146,15786998.218540005,0.9210260826771653,83489,5190,0.706886917058963,0.04394283198428557,81676,2988
0.04,0.7200000000000001,4669171.789249999,35060018.46501,419825.0,40149015.25426,17791403.30574,0.9177411417322834,83965,4714,0.7109171266975988,0.03991262234564975,82063,2601
0.04,0.74,4916159.86325,32886842.636529997,421940.0,38224942.49978,19715476.060220003,0.9148252952755905,84388,4291,0.7144985945067227,0.03633115453652589,82407,2257
0.04,0.76,5181281.429749999,30836241.37597,424165.0,36441687.80572,21498730.75428,0.9114665354330708,84833,3846,0.7182663325092289,0.03256341653401971,82761,1903
0.04,0.78,5457143.3105,29063772.868149996,425980.0,34946896.17864999,22993522.38135001,0.9083661417322835,85196,3483,0.7213397907000373,0.0294899583432113,83040,1624
0.04,0.8,5688826.203500001,27465051.87895,427900.0,33581778.08245,24358640.47755,0.9050442913385827,85580,3099,0.7245910522572561,0.026238696785992482,83334,1330
0.04,0.8200000000000001,5930237.3525,26153791.8871,429535.0,32513564.2396,25426854.320400003,0.9020546259842519,85907,2772,0.7273597046770752,0.023470044366173334,83580,1084
0.04,0.8400000000000001,6225262.2065,24760372.660049997,431200.0,31416834.86655,26523583.693450004,0.89876968503937,86240,2439,0.7301791580587259,0.02065059098452264,83824,840
0.04,0.86,6507057.727249999,23416225.08373,432795.0,30356077.81098,27584340.749020003,0.8947096456692913,86559,2120,0.7328800758627697,0.017949673180478885,84033,631
0.04,0.88,6781789.71425,22629619.570729997,433995.0,29845404.28498,28095014.275020003,0.8916830708661416,86799,1880,0.7349121143360314,0.01591763470721712,84191,473
0.04,0.9,7114237.236500001,21971709.77246,435190.0,29521137.00896,28419281.55104,0.8876230314960629,87038,1641,0.7369356859823213,0.013894063060927287,84320,344
0.04,0.92,7261344.72275,21397121.27237,436185.0,29094650.99512,28845767.564880002,0.8838213582677165,87237,1442,0.7386205845497341,0.01220916449351441,84416,248
0.04,0.9400000000000001,7529803.309249999,21032898.800019998,437210.0,28999912.10927,28940506.450730003,0.8791707677165354,87442,1237,0.7403562840789786,0.01047346496426999,84495,169
0.04,0.9600000000000001,7810849.737499999,20896362.242119998,438265.0,29145476.979619995,28794941.580380008,0.8734498031496063,87653,1026,0.7421427845700546,0.008686964473194026,84551,113
0.04,0.98,8262711.287749999,20807677.615999997,440400.0,29510788.903749995,28429629.656250007,0.8599040354330709,88080,599,0.7457581196870661,0.005071629356182477,84611,53
0.06,0.06,795572.255,322449044.88850003,0.0,323244617.14350003,-265304198.58350003,0.9766240157480315,0,74527,0.0,0.6310072137365801,0,70558
0.06,0.08,865475.8085,289573138.10827,51510.0,290490123.91677,-232549705.35676998,0.9749630905511811,10302,64225,0.08722525146476107,0.543781962271819,10257,60301
0.06,0.1,965912.243,262009501.96223,91335.0,263066749.20523,-205126330.64523,0.9728223425196851,18267,56260,0.15466352829613575,0.47634368544044436,18164,52394
0.06,0.12000000000000001,1088257.33775,236813993.62377,123960.0,238026210.96152,-180085792.40151998,0.9711245078740157,24792,49735,0.20990957428793985,0.4210976394486402,24643,45915
0.06,0.13999999999999999,1166411.62625,215634582.76683998,150215.0,216951209.39308998,-159010790.83308998,0.9691683070866142,30043,44484,0.2543688827175128,0.3766383310190673,29841,40717
0.06,0.16,1229088.575,196207945.81206,172445.0,197609479.38706,-139669060.82705998,0.9672121062992126,34489,40038,0.2920123954346869,0.3389948183018932,34234,36324
0.06,0.18,1306348.50875,180191489.53070998,190850.0,181688688.03945997,-123748269.47945997,0.9655511811023622,38170,36357,0.3231787855183392,0.3078284282182409,37870,32688
0.06,0.19999999999999998,1406241.53075,164925562.28584,206880.0,166538683.81659,-108598265.25659001,0.9637795275590552,41376,33151,0.3503234327903275,0.28068378094625257,41028,29530
0.06,0.22,1503848.0929999999,151412995.2166,220710.0,153137553.3096,-95197134.7496,0.9621186023622048,44142,30385,0.3737426761946693,0.2572645375419108,43749,26809
0.06,0.24,1647149.57075,140446797.62451997,232450.0,142326397.19526997,-84385978.63526997,0.9604945866141732,46490,28037,0.39362278592474687,0.23738442781183325,46053,24505
0.06,0.26,1717537.87175,130810036.89436999,242820.0,132770394.76611999,-74829976.20611998,0.9592027559055117,48564,25963,0.4111829850645172,0.21982422867206286,48092,22466
0.06,0.28,1811578.7045,121417332.10076998,252545.0,123481455.80526999,-65541037.245269984,0.9575787401574803,50509,24018,0.4276509635249094,0.20335625021167067,49993,20565
0.06,0.30000000000000004,1938520.76375,113896582.9197,261075.0,116096178.68345,-58155760.123449996,0.9557332677165354,52215,22312,0.44209537033901175,0.18891184339756834,51649,18909
0.06,0.32,2137472.0045,106028498.37008,269105.0,108435075.37458,-50494656.81457999,0.9532972440944881,53821,20706,0.4556930944559217,0.17531411928065838,53189,17369
0.06,0.34,2247425.37425,99126679.99246998,276475.0,101650580.36671998,-43710161.80671997,0.9515994094488189,55295,19232,0.46817319741253766,0.1628340163240424,54617,15941
0.06,0.36000000000000004,2368729.3175,93173862.30298,282805.0,95825396.62048,-37884978.06048,0.9498646653543307,56561,17966,0.47889220035899344,0.15211501337758662,55836,14722
0.06,0.38,2442698.7005,87803817.33266999,288625.0,90535141.03316998,-32594722.473169982,0.9484621062992127,57725,16802,0.48874758695431303,0.14225962678226708,56962,13596
0.06,0.4,2527044.13025,82745272.23894,294145.0,85566461.36919,-27626042.809190005,0.9466904527559055,58829,15698,0.4980949639313171,0.13291224980526298,58018,12540
0.06,0.42000000000000004,2648871.95975,78681948.48895001,299020.0,81629840.44870001,-23689421.88870001,0.9448818897637795,59804,14723,0.506350120228943,0.12465709350763708,58944,11614
0.06,0.44,2738515.32575,74340374.02949,303910.0,77382799.35523999,-19442380.795239985,0.9428518700787402,60782,13745,0.5146306770074847,0.1163765367290954,59867,10691
0.06,0.46,2916501.1399999997,70304320.37286,308465.0,73529286.51286,-15588867.952859998,0.9405265748031496,61693,12834,0.5223439563789074,0.10866325735767264,60715,9843
0.06,0.48000000000000004,3012445.8612499996,66896873.30831,312535.0,70221854.16956,-12281435.609559998,0.9385334645669291,62507,12020,0.5292359535340536,0.1017712602025265,61475,9083
0.06,0.5,3152316.536,63461107.364649996,316495.0,66929918.900649995,-8989500.340649992,0.9360236220472441,63299,11228,0.5359416804958174,0.0950655332407627,62199,8359
0.06,0.52,3286335.602,59579633.10717001,320350.0,63186318.709170006,-5245900.149170004,0.9339566929133858,64070,10457,0.5424696040911708,0.08853760964540928,62914,7644
0.06,0.54,3443358.4834999996,56050194.83833,324010.0,59817563.32183,-1877144.7618299946,0.931373031496063,64802,9725,0.5486673214346192,0.08233989230196091,63576,6982
0.06,0.56,3638740.68125,52921603.398779996,327500.0,56887844.080029994,1052574.4799700081,0.9289000984251969,65500,9027,0.5545771666610221,0.07643004707555796,64207,6351
0.06,0.5800000000000001,3846967.9685,49972582.782409996,330600.0,54150150.75091,3790267.8090900034,0.9264271653543307,66120,8407,0.559826599383615,0.07118061435296508,64760,5798
0.06,0.6,3991555.628,47238492.31703,333425.0,51563472.94503,6376945.614970006,0.9241756889763779,66685,7842,0.564610356622752,0.06639685711382802,65264,5294
0.06,0.62,4127230.022,44527339.77048,336320.0,48990889.79248,8949528.767520003,0.9217027559055119,67264,7263,0.5695126494394961,0.061494564297084026,65776,4782
0.06,0.64,4295307.139250001,42310765.85127,338955.0,46945027.99052,10995390.569480002,0.9191929133858268,67791,6736,0.5739746672537,0.05703254648288007,66235,4323
0.06,0.66,4479731.15075,39817172.31813,341635.0,44638538.46888,13301880.091120005,0.9164616141732284,68327,6200,0.5785128865106512,0.05249432722592881,66697,3861
0.06,0.68,4612742.60975,37280252.1414,344075.0,42237069.751150005,15703348.808849998,0.91439468503937,68815,5712,0.5826446980729502,0.048362515663629896,67129,3429
0.06,0.7000000000000001,4862998.012999999,34911482.82753,346685.0,40121165.84052999,17819252.71947001,0.9114050196850393,69337,5190,0.5870643817522945,0.04394283198428557,67570,2988
0.06,0.7200000000000001,5099419.9399999995,32668275.813329995,349065.0,38116760.75332999,19823657.80667001,0.9081200787401574,69813,4714,0.5910945913909303,0.03991262234564975,67957,2601
0.06,0.74,5346408.014,30495099.984849997,351180.0,36192687.998849995,21747730.561150007,0.9052042322834646,70236,4291,0.5946760592000542,0.03633115453652589,68301,2257
0.06,0.76,5611529.580499999,28444498.724290006,353405.0,34409433.304790005,23530985.255209997,0.9018454724409448,70681,3846,0.5984437972025604,0.03256341653401971,68655,1903
0.06,0.78,5887391.46125,26672030.216469996,355220.0,32914641.677719995,25025776.882280007,0.8987450787401575,71044,3483,0.6015172553933688,0.0294899583432113,68934,1624
0.06,0.8,6119074.354250001,25073309.22727,357140.0,31549523.58152,26390894.978480004,0.8954232283464567,71428,3099,0.6047685169505876,0.026238696785992482,69228,1330
0.06,0.8200000000000001,6360485.50325,23762049.23542,358775.0,30481309.73867,27459108.821330003,0.892433562992126,71755,2772,0.6075371693704067,0.023470044366173334,69474,1084
0.06,0.8400000000000001,6655510.357249999,22368630.008369997,360440.0,29384580.365619995,28555838.194380008,0.8891486220472441,72088,2439,0.6103566227520575,0.02065059098452264,69718,840
0.06,0.86,6937305.878,21024482.432049997,362035.0,28323823.310049996,29616595.249950007,0.8850885826771654,72407,2120,0.6130575405561012,0.017949673180478885,69927,631
0.06,0.88,7212037.864999999,20237876.919049997,363235.0,27813149.784049995,30127268.775950007,0.8820620078740157,72647,1880,0.615089579029363,0.01591763470721712,70085,473
0.06,0.9,7544485.387250001,19579967.12078,364430.0,27488882.508029997,30451536.051970005,0.878001968503937,72886,1641,0.6171131506756528,0.013894063060927287,70214,344
0.06,0.92,7691592.8735,19005378.620689996,365425.0,27062396.494189996,30878022.065810006,0.8742002952755905,73085,1442,0.6187980492430657,0.01220916449351441,70310,248
0.06,0.9400000000000001,7960051.46,18641156.148339994,366450.0,26967657.608339995,30972760.951660007,0.8695497047244094,73290,1237,0.62053374877231,0.01047346496426999,70389,169
0.06,0.9600000000000001,8241097.88825,18504619.59044,367505.0,27113222.478690002,30827196.08131,0.8638287401574803,73501,1026,0.622320249263386,0.008686964473194026,70445,113
0.06,0.98,8692959.4385,18415934.964319993,369640.0,27478534.40281999,30461884.15718001,0.8502829724409449,73928,599,0.6259355843803976,0.005071629356182477,70505,53
0.08,0.08,1261595.945,287631804.48399997,0.0,288893400.42899996,-230952981.86899996,0.9655511811023622,0,64225,0.0,0.543781962271819,0,60301
0.08,0.1,1362032.3795,260068168.33795998,39825.0,261470025.71745998,-203529607.15745997,0.9634104330708662,7965,56260,0.06743827683137467,0.47634368544044436,7907,52394
0.08,0.12000000000000001,1484377.47425,234872659.99949998,72450.0,236429487.47374997,-178489068.91374996,0.9617125984251969,14490,49735,0.12268432282317879,0.4210976394486402,14386,45915
0.08,0.13999999999999999,1562531.76275,213693249.14256996,98705.0,215354485.90531996,-157414067.34531996,0.9597563976377952,19741,44484,0.16714363125275172,0.3766383310190673,19584,40717
0.08,0.16,1625208.7115,194266612.18779,120935.0,196012755.89929,-138072337.33929,0.9578001968503937,24187,40038,0.20478714396992584,0.3389948183018932,23977,36324
0.08,0.18,1702468.64525,178250155.90644,139340.0,180091964.55168998,-122151545.99168998,0.9561392716535433,27868,36357,0.23595353405357808,0.3078284282182409,27613,32688
0.08,0.19999999999999998,1802361.66725,162984228.66156998,155370.0,164941960.32882,-107001541.76881999,0.9543676181102363,31074,33151,0.26309818132556645,0.28068378094625257,30771,29530
0.08,0.22,1899968.2295,149471661.59232998,169200.0,151540829.82182997,-93600411.26182997,0.9527066929133858,33840,30385,0.2865174247299082,0.2572645375419108,33492,26809
0.08,0.24,2043269.70725,138505464.00024998,180940.0,140729673.70749998,-82789255.14749998,0.9510826771653543,36188,28037,0.3063975344599858,0.23738442781183325,35796,24505
0.08,0.26,2113658.00825,128868703.2701,191310.0,131173671.27835,-73233252.71835,0.9497908464566929,38262,25963,0.32395773359975616,0.21982422867206286,37835,22466
0.08,0.28,2207698.841,119475998.47649997,201035.0,121884732.31749998,-63944313.75749998,0.9481668307086614,40207,24018,0.3404257120601483,0.20335625021167067,39736,20565
0.08,0.30000000000000004,2334640.90025,111955249.29542999,209565.0,114499455.19567999,-56559036.63567999,0.9463213582677165,41913,22312,0.3548701188742507,0.18891184339756834,41392,18909
0.08,0.32,2533592.141,104087164.74581,217595.0,106838351.88681,-48897933.32681,0.9438853346456693,43519,20706,0.36846784299116064,0.17531411928065838,42932,17369
0.08,0.34,2643545.5107500004,97185346.36819999,224965.0,100053856.87894998,-42113438.31894998,0.9421875000000001,44993,19232,0.3809479459477766,0.1628340163240424,44360,15941
0.08,0.36000000000000004,2764849.454,91232528.67871,231295.0,94228673.13271,-36288254.57270999,0.9404527559055118,46259,17966,0.3916669488942324,0.15211501337758662,45579,14722
0.08,0.38,2838818.837,85862483.70839998,237115.0,88938417.54539998,-30997998.985399976,0.9390501968503937,47423,16802,0.40152233548955196,0.14225962678226708,46705,13596
0.08,0.4,2923164.26675,80803938.61467,242635.0,83969737.88141999,-26029319.321419984,0.9372785433070866,48527,15698,0.410869712466556,0.13291224980526298,47761,12540
0.08,0.42000000000000004,3044992.0962500004,76740614.86468,247510.0,80033116.96093,-22092698.400930002,0.9354699803149606,49502,14723,0.4191248687641819,0.12465709350763708,48687,11614
0.08,0.44,3134635.46225,72399040.40522,252400.0,75786075.86747,-17845657.307469994,0.9334399606299213,50480,13745,0.4274054255427236,0.1163765367290954,49610,10691
0.08,0.46,3312621.2765,68362986.74858999,256955.0,71932563.02509,-13992144.465089992,0.9311146653543307,51391,12834,0.4351187049141464,0.10866325735767264,50458,9843
0.08,0.48000000000000004,3408565.99775,64955539.684039995,261025.0,68625130.68179,-10684712.121789992,0.9291215551181102,52205,12020,0.4420107020692925,0.1017712602025265,51218,9083
0.08,0.5,3548436.6725000003,61519773.74038,264985.0,65333195.412879996,-7392776.852879994,0.9266117125984252,52997,11228,0.4487164290310563,0.0950655332407627,51942,8359
0.08,0.52,3682455.7385,57638299.48290001,268840.0,61589595.22140001,-3649176.661400005,0.9245447834645669,53768,10457,0.4552443526264097,0.08853760964540928,52657,7644
0.08,0.54,3839478.62,54108861.21406,272500.0,58220839.83406,-280421.274059996,0.9219611220472441,54500,9725,0.4614420699698581,0.08233989230196091,53319,6982
0.08,0.56,4034860.8177499995,50980269.774509996,275990.0,55291120.592259996,2649297.9677400067,0.919488188976378,55198,9027,0.46735191519626107,0.07643004707555796,53950,6351
0.08,0.5800000000000001,4243088.1049999995,48031249.158139996,279090.0,52553427.26313999,5386991.296860009,0.9170152559055118,55818,8407,0.47260134791885394,0.07118061435296508,54503,5798
0.08,0.6,4387675.7645000005,45297158.69276,281915.0,49966749.45726,7973669.102740005,0.914763779527559,56383,7842,0.477385105157991,0.06639685711382802,55007,5294
0.08,0.62,4523350.158500001,42586006.14621,284810.0,47394166.30471,10546252.255290002,0.912290846456693,56962,7263,0.48228739797473497,0.061494564297084026,55519,4782
0.08,0.64,4691427.27575,40369432.227,287445.0,45348304.502749994,12592114.057250008,0.9097810039370079,57489,6736,0.48674941578893893,0.05703254648288007,55978,4323
0.08,0.66,4875851.28725,37875838.69386,290125.0,43041814.98111,14898603.578890003,0.9070497047244095,58025,6200,0.4912876350458902,0.05249432722592881,56440,3861
0.08,0.68,5008862.74625,35338918.51713,292565.0,40640346.263380006,17300072.296619996,0.9049827755905512,58513,5712,0.4954194466081891,0.048362515663629896,56872,3429
0.08,0.7000000000000001,5259118.1495,32970149.203259997,295175.0,38524442.352759995,19415976.207240008,0.9019931102362204,59035,5190,0.49983913028753346,0.04394283198428557,57313,2988
0.08,0.7200000000000001,5495540.0764999995,30726942.18906,297555.0,36520037.26556,21420381.29444,0.8987081692913386,59511,4714,0.5038693399261692,0.03991262234564975,57700,2601
0.08,0.74,5742528.1504999995,28553766.360579997,299670.0,34595964.51108,23344454.048920006,0.8957923228346457,59934,4291,0.5074508077352932,0.03633115453652589,58044,2257
0.08,0.76,6007649.717,26503165.10002,301895.0,32812709.81702,25127708.742980003,0.892433562992126,60379,3846,0.5112185457377993,0.03256341653401971,58398,1903
0.08,0.78,6283511.597750001,24730696.592200004,303710.0,31317918.189950004,26622500.37005,0.8893331692913385,60742,3483,0.5142920039286077,0.0294899583432113,58677,1624
0.08,0.8,6515194.49075,23131975.602999996,305630.0,29952800.093749996,27987618.466250006,0.8860113188976378,61126,3099,0.5175432654858265,0.026238696785992482,58971,1330
0.08,0.8200000000000001,6756605.639750001,21820715.611149997,307265.0,28884586.250899997,29055832.309100006,0.8830216535433071,61453,2772,0.5203119179056457,0.023470044366173334,59217,1084
0.08,0.8400000000000001,7051630.49375,20427296.3841,308930.0,27787856.877850004,30152561.68215,0.8797367125984252,61786,2439,0.5231313712872964,0.02065059098452264,59461,840
0.08,0.86,7333426.0145000005,19083148.80778,310525.0,26727099.82228,31213318.73772,0.8756766732283464,62105,2120,0.5258322890913402,0.017949673180478885,59670,631
0.08,0.88,7608158.0015,18296543.29478,311725.0,26216426.29628,31723992.263720002,0.8726500984251968,62345,1880,0.5278643275646019,0.01591763470721712,59828,473
0.08,0.9,7940605.52375,17638633.49651,312920.0,25892159.02026,32048259.539740004,0.8685900590551181,62584,1641,0.5298878992108917,0.013894063060927287,59957,344
0.08,0.92,8087713.010000001,17064044.99642,313915.0,25465673.00642,32474745.55358,0.8647883858267716,62783,1442,0.5315727977783046,0.01220916449351441,60053,248
0.08,0.9400000000000001,8356171.596500001,16699822.52407,314940.0,25370934.12057,32569484.439430002,0.8601377952755905,62988,1237,0.533308497307549,0.01047346496426999,60132,169
0.08,0.9600000000000001,8637218.024749998,16563285.966169998,315995.0,25516498.990919996,32423919.569080006,0.8544168307086614,63199,1026,0.535094997798625,0.008686964473194026,60188,113
0.08,0.98,9089079.575,16474601.340049997,318130.0,25881810.915049996,32058607.644950006,0.8408710629921259,63626,599,0.5387103329156365,0.005071629356182477,60248,53
0.1,0.1,1931172.1749999998,258429915.818,0.0,260361087.993,-202420669.433,0.9512795275590551,0,56260,0.0,0.47634368544044436,0,52394
0.1,0.12000000000000001,2053517.2697499997,233234407.47954,32625.0,235320549.74929,-177380131.18929,0.9495816929133858,6525,49735,0.05524604599180411,0.4210976394486402,6479,45915
0.1,0.13999999999999999,2131671.55825,212054996.62260997,58880.0,214245548.18085998,-156305129.62085998,0.9476254921259842,11776,44484,0.09970535442137704,0.3766383310190673,11677,40717
0.1,0.16,2194348.5069999998,192628359.66783,81110.0,194903818.17483,-136963399.61483,0.9456692913385827,16222,40038,0.13734886713855116,0.3389948183018932,16070,36324
0.1,0.18,2271608.4407499996,176611903.38647997,99515.0,178983026.82722998,-121042608.26722997,0.9440083661417322,19903,36357,0.1685152572222034,0.3078284282182409,19706,32688
0.1,0.19999999999999998,2371501.46275,161345976.14161,115545.0,163833022.60435998,-105892604.04435998,0.9422367125984252,23109,33151,0.19565990449419177,0.28068378094625257,22864,29530
0.1,0.22,2469108.025,147833409.07237,129375.0,150431892.09737,-92491473.53737,0.9405757874015748,25875,30385,0.21907914789853355,0.2572645375419108,25585,26809
0.1,0.24,2612409.50275,136867211.48029,141115.0,139620735.98304,-81680317.42304,0.9389517716535434,28223,28037,0.2389592576286111,0.23738442781183325,27889,24505
0.1,0.26,2682797.80375,127230450.75014,151485.0,130064733.55388999,-72124314.99388999,0.9376599409448819,30297,25963,0.2565194567683815,0.21982422867206286,29928,22466
0.1,0.28,2776838.6365,117837745.95653999,161210.0,120775794.59303999,-62835376.03303999,0.9360359251968504,32242,24018,0.27298743522877367,0.20335625021167067,31829,20565
0.1,0.30000000000000004,2903780.69575,110316996.77546999,169740.0,113390517.47121999,-55450098.911219984,0.9341904527559055,33948,22312,0.28743184204287603,0.18891184339756834,33485,18909
0.1,0.32,3102731.9365,102448912.22585,177770.0,105729414.16235,-47788995.60235,0.9317544291338583,35554,20706,0.30102956615978593,0.17531411928065838,35025,17369
0.1,0.34,3212685.3062499994,95547093.84823999,185140.0,98944919.15449,-41004500.59448999,0.930056594488189,37028,19232,0.31350966911640193,0.1628340163240424,36453,15941
0.1,0.36000000000000004,3333989.2495,89594276.15875,191470.0,93119735.40825,-35179316.84825,0.9283218503937007,38294,17966,0.3242286720628577,0.15211501337758662,37672,14722
0.1,0.38,3407958.6325,84224231.18844,197290.0,87829479.82093999,-29889061.260939986,0.9269192913385826,39458,16802,0.33408405865817725,0.14225962678226708,38798,13596
0.1,0.4,3492304.0622499995,79165686.09471,202810.0,82860800.15696001,-24920381.59696001,0.9251476377952756,40562,15698,0.34343143563518136,0.13291224980526298,39854,12540
0.1,0.42000000000000004,3614131.8917499995,75102362.34472,207685.0,78924179.23647,-20983760.676469997,0.9233390748031496,41537,14723,0.35168659193280727,0.12465709350763708,40780,11614
0.1,0.44,3703775.25775,70760787.88526,212575.0,74677138.14301,-16736719.583010003,0.9213090551181102,42515,13745,0.35996714871134894,0.1163765367290954,41703,10691
0.1,0.46,3881761.0719999997,66724734.22863,217130.0,70823625.30063,-12883206.74063,0.9189837598425197,43426,12834,0.3676804280827717,0.10866325735767264,42551,9843
0.1,0.48000000000000004,3977705.7932499996,63317287.16408,221200.0,67516192.95733,-9575774.397330001,0.9169906496062993,44240,12020,0.37457242523791784,0.1017712602025265,43311,9083
0.1,0.5,4117576.468,59881521.22042,225160.0,64224257.688420005,-6283839.128420003,0.9144808070866142,45032,11228,0.38127815219968164,0.0950655332407627,44035,8359
0.1,0.52,4251595.534,56000046.96294001,229015.0,60480657.49694001,-2540238.936940007,0.912413877952756,45803,10457,0.38780607579503507,0.08853760964540928,44750,7644
0.1,0.54,4408618.4155,52470608.6941,232675.0,57111902.1096,828516.4504000023,0.9098302165354332,46535,9725,0.39400379313848344,0.08233989230196091,45412,6982
0.1,0.56,4604000.61325,49342017.25455,236165.0,54182182.867800005,3758235.6921999976,0.9073572834645669,47233,9027,0.39991363836488636,0.07643004707555796,46043,6351
0.1,0.5800000000000001,4812227.9004999995,46392996.63818,239265.0,51444489.53868,6495929.02132,0.9048843503937007,47853,8407,0.40516307108747923,0.07118061435296508,46596,5798
0.1,0.6,4956815.56,43658906.1728,242090.0,48857811.7328,9082606.827200003,0.9026328740157481,48418,7842,0.40994682832661633,0.06639685711382802,47100,5294
0.1,0.62,5092489.954,40947753.62625,244985.0,46285228.580249995,11655189.979750007,0.9001599409448819,48997,7263,0.4148491211433603,0.061494564297084026,47612,4782
0.1,0.64,5260567.07125,38731179.70704,247620.0,44239366.778289996,13701051.781710006,0.8976500984251969,49524,6736,0.4193111389575643,0.05703254648288007,48071,4323
0.1,0.66,5444991.08275,36237586.1739,250300.0,41932877.25665,16007541.303350002,0.8949187992125984,50060,6200,0.4238493582145155,0.05249432722592881,48533,3861
0.1,0.68,5578002.54175,33700665.99717,252740.0,39531408.53892,18409010.021080002,0.8928518700787402,50548,5712,0.42798116977681444,0.048362515663629896,48965,3429
0.1,0.7000000000000001,5828257.945,31331896.6833,255350.0,37415504.628299996,20524913.931700006,0.8898622047244094,51070,5190,0.43240085345615875,0.04394283198428557,49406,2988
0.1,0.7200000000000001,6064679.8719999995,29088689.669099998,257730.0,35411099.541099995,22529319.018900007,0.8865772637795276,51546,4714,0.43643106309479457,0.03991262234564975,49793,2601
0.1,0.74,6311667.9459999995,26915513.840619996,259845.0,33487026.786619995,24453391.773380008,0.8836614173228347,51969,4291,0.44001253090391845,0.03633115453652589,50137,2257
0.1,0.76,6576789.512499999,24864912.580059998,262070.0,31703772.092559997,26236646.467440005,0.880302657480315,52414,3846,0.44378026890642464,0.03256341653401971,50491,1903
0.1,0.78,6852651.39325,23092444.07224,263885.0,30208980.46549,27731438.094510004,0.8772022637795275,52777,3483,0.44685372709723303,0.0294899583432113,50770,1624
0.1,0.8,7084334.28625,21493723.083040003,265805.0,28843862.36929,29096556.19071,0.8738804133858268,53161,3099,0.45010498865445187,0.026238696785992482,51064,1330
0.1,0.8200000000000001,7325745.435249999,20182463.09119,267440.0,27775648.52644,30164770.033560004,0.8708907480314961,53488,2772,0.452873641074271,0.023470044366173334,51310,1084
0.1,0.8400000000000001,7620770.289249999,18789043.86414,269105.0,26678919.153389998,31261499.406610005,0.8676058070866142,53821,2439,0.4556930944559217,0.02065059098452264,51554,840
0.1,0.86,7902565.81,17444896.28782,270700.0,25618162.09782,32322256.462180004,0.8635457677165354,54140,2120,0.45839401225996546,0.017949673180478885,51763,631
0.1,0.88,8177297.797,16658290.774820002,271900.0,25107488.571820002,32832929.98818,0.8605191929133859,54380,1880,0.46042605073322723,0.01591763470721712,51921,473
0.1,0.9,8509745.319249999,16000380.97655,273095.0,24783221.2958,33157197.264200002,0.8564591535433072,54619,1641,0.46244962237951703,0.013894063060927287,52050,344
0.1,0.92,8656852.8055,15425792.476459999,274090.0,24356735.28196,33583683.27804001,0.8526574803149606,54818,1442,0.4641345209469299,0.01220916449351441,52146,248
0.1,0.9400000000000001,8925311.392,15061570.00411,275115.0,24261996.39611,33678422.163890004,0.8480068897637795,55023,1237,0.4658702204761743,0.01047346496426999,52225,169
0.1,0.9600000000000001,9206357.82025,14925033.446209997,276170.0,24407561.266459998,33532857.293540005,0.8422859251968503,55234,1026,0.4676567209672503,0.008686964473194026,52281,113
0.1,0.98,9658219.370499998,14836348.820089996,278305.0,24772873.190589994,33167545.36941001,0.8287401574803149,55661,599,0.47127205608426187,0.005071629356182477,52341,53
0.12000000000000001,0.12000000000000001,2746806.1399999997,231725436.309,0.0,234472242.44899997,-176531823.88899997,0.9399606299212598,0,49735,0.0,0.4210976394486402,0,45915
0.12000000000000001,0.13999999999999999,2824960.4284999995,210546025.45206997,26255.0,213397240.88056996,-155456822.32056996,0.9380044291338583,5251,44484,0.044459308429572936,0.3766383310190673,5198,40717
0.12000000000000001,0.16,2887637.37725,191119388.49729,48485.0,194055510.87453997,-136115092.31453997,0.9360482283464566,9697,40038,0.08210282114674705,0.3389948183018932,9591,36324
0.12000000000000001,0.18,2964897.3109999998,175102932.21593997,66890.0,178134719.52693996,-120194300.96693996,0.9343873031496063,13378,36357,0.11326921123039929,0.3078284282182409,13227,32688
0.12000000000000001,0.19999999999999998,3064790.3329999996,159837004.97107,82920.0,162984715.30407,-105044296.74407,0.9326156496062993,16584,33151,0.14041385850238763,0.28068378094625257,16385,29530
0.12000000000000001,0.22,3162396.8952499996,146324437.90183,96750.0,149583584.79707998,-91643166.23707998,0.9309547244094488,19350,30385,0.16383310190672942,0.2572645375419108,19106,26809
0.12000000000000001,0.24,3305698.3729999997,135358240.30975,108490.0,138772428.68275,-80832010.12274998,0.9293307086614173,21698,28037,0.18371321163680698,0.23738442781183325,21410,24505
0.12000000000000001,0.26,3376086.6739999996,125721479.57959999,118860.0,129216426.25359999,-71276007.69359998,0.928038877952756,23772,25963,0.20127341077657737,0.21982422867206286,23449,22466
0.12000000000000001,0.28,3470127.5067499997,116328774.78599998,128585.0,119927487.29274999,-61987068.73274998,0.9264148622047244,25717,24018,0.21774138923696956,0.20335625021167067,25350,20565
0.12000000000000001,0.30000000000000004,3597069.5659999996,108808025.60493,137115.0,112542210.17093,-54601791.610929996,0.9245693897637794,27423,22312,0.2321857960510719,0.18891184339756834,27006,18909
0.12000000000000001,0.32,3796020.8067499995,100939941.05531,145145.0,104881106.86206,-46940688.30205999,0.9221333661417324,29029,20706,0.24578352016798186,0.17531411928065838,28546,17369
0.12000000000000001,0.34,3905974.1764999996,94038122.67769998,152515.0,98096611.85419998,-40156193.29419997,0.920435531496063,30503,19232,0.25826362312459783,0.1628340163240424,29974,15941
0.12000000000000001,0.36000000000000004,4027278.1197499996,88085304.98821001,158845.0,92271428.10796,-34331009.54796,0.9187007874015748,31769,17966,0.2689826260710536,0.15211501337758662,31193,14722
0.12000000000000001,0.38,4101247.50275,82715260.01789999,164665.0,86981172.52064998,-29040753.960649982,0.9172982283464567,32933,16802,0.27883801266637315,0.14225962678226708,32319,13596
0.12000000000000001,0.4,4185592.932499999,77656714.92417,170185.0,82012492.85667,-24072074.296670005,0.9155265748031496,34037,15698,0.28818538964337725,0.13291224980526298,33375,12540
0.12000000000000001,0.42000000000000004,4307420.761999999,73593391.17418002,175060.0,78075871.93618001,-20135453.376180008,0.9137180118110236,35012,14723,0.29644054594100316,0.12465709350763708,34301,11614
0.12000000000000001,0.44,4397064.128,69251816.71472001,179950.0,73828830.84272002,-15888412.282720014,0.9116879921259843,35990,13745,0.30472110271954483,0.1163765367290954,35224,10691
0.12000000000000001,0.46,4575049.942249999,65215763.05809,184505.0,69975318.00034,-12034899.440339997,0.9093626968503937,36901,12834,0.3124343820909676,0.10866325735767264,36072,9843
0.12000000000000001,0.48000000000000004,4670994.6635,61808315.99354,188575.0,66667885.65704,-8727467.097039998,0.9073695866141732,37715,12020,0.31932637924611373,0.1017712602025265,36832,9083
0.12000000000000001,0.5,4810865.33825,58372550.04988,192535.0,63375950.388129994,-5435531.828129992,0.9048597440944882,38507,11228,0.32603210620787754,0.0950655332407627,37556,8359
0.12000000000000001,0.52,4944884.40425,54491075.79240001,196390.0,59632350.19665001,-1691931.636650011,0.9027928149606299,39278,10457,0.33256002980323096,0.08853760964540928,38271,7644
0.12000000000000001,0.54,5101907.28575,50961637.52356,200050.0,56263594.809310004,1676823.7506899983,0.900209153543307,40010,9725,0.33875774714667933,0.08233989230196091,38933,6982
0.12000000000000001,0.56,5297289.4835,47833046.084010005,203540.0,53333875.56751001,4606542.992489994,0.897736220472441,40708,9027,0.34466759237308225,0.07643004707555796,39564,6351
0.12000000000000001,0.5800000000000001,5505516.770749999,44884025.46764,206640.0,50596182.23839,7344236.321610004,0.8952632874015748,41328,8407,0.3499170250956751,0.07118061435296508,40117,5798
0.12000000000000001,0.6,5650104.43025,42149935.00226,209465.0,48009504.43251,9930914.127489999,0.893011811023622,41893,7842,0.3547007823348122,0.06639685711382802,40621,5294
0.12000000000000001,0.62,5785778.82425,39438782.45571,212360.0,45436921.27996,12503497.280040003,0.8905388779527558,42472,7263,0.3596030751515562,0.061494564297084026,41133,4782
0.12000000000000001,0.64,5953855.941499999,37222208.5365,214995.0,43391059.478,14549359.082000002,0.8880290354330708,42999,6736,0.3640650929657602,0.05703254648288007,41592,4323
0.12000000000000001,0.66,6138279.953,34728615.00336,217675.0,41084569.956360005,16855848.603639998,0.8852977362204724,43535,6200,0.3686033122227114,0.05249432722592881,42054,3861
0.12000000000000001,0.68,6271291.412,32191694.826630004,220115.0,38683101.238630004,19257317.32137,0.8832308070866142,44023,5712,0.37273512378501034,0.048362515663629896,42486,3429
0.12000000000000001,0.7000000000000001,6521546.81525,29822925.512760002,222725.0,36567197.32801,21373221.231990002,0.8802411417322835,44545,5190,0.37715480746435465,0.04394283198428557,42927,2988
0.12000000000000001,0.7200000000000001,6757968.742249999,27579718.49856,225105.0,34562792.24081,23377626.319190003,0.8769562007874016,45021,4714,0.38118501710299046,0.03991262234564975,43314,2601
0.12000000000000001,0.74,7004956.816249999,25406542.67008,227220.0,32638719.48633,25301699.073670004,0.8740403543307086,45444,4291,0.38476648491211435,0.03633115453652589,43658,2257
0.12000000000000001,0.76,7270078.382749999,23355941.40952,229445.0,30855464.792269997,27084953.767730005,0.8706815944881889,45889,3846,0.38853422291462053,0.03256341653401971,44012,1903
0.12000000000000001,0.78,7545940.263499999,21583472.901699997,231260.0,29360673.165199995,28579745.394800007,0.8675812007874015,46252,3483,0.39160768110542893,0.0294899583432113,44291,1624
0.12000000000000001,0.8,7777623.1565,19984751.9125,233180.0,27995555.069000002,29944863.491,0.8642593503937007,46636,3099,0.39485894266264776,0.026238696785992482,44585,1330
0.12000000000000001,0.8200000000000001,8019034.3055,18673491.920649998,234815.0,26927341.22615,31013077.333850004,0.8612696850393701,46963,2772,0.39762759508246687,0.023470044366173334,44831,1084
0.12000000000000001,0.8400000000000001,8314059.1595,17280072.6936,236480.0,25830611.853099998,32109806.706900004,0.8579847440944882,47296,2439,0.4004470484641176,0.02065059098452264,45075,840
0.12000000000000001,0.86,8595854.68025,15935925.117279997,238075.0,24769854.797529995,33170563.762470007,0.8539247047244094,47615,2120,0.40314796626816135,0.017949673180478885,45284,631
0.12000000000000001,0.88,8870586.66725,15149319.604279999,239275.0,24259181.27153,33681237.28847,0.8508981299212598,47855,1880,0.4051800047414231,0.01591763470721712,45442,473
0.12000000000000001,0.9,9203034.1895,14491409.806009999,240470.0,23934913.995509997,34005504.564490005,0.8468380905511811,48094,1641,0.40720357638771293,0.013894063060927287,45571,344
0.12000000000000001,0.92,9350141.675749999,13916821.305920001,241465.0,23508427.98167,34431990.57833,0.8430364173228346,48293,1442,0.4088884749551258,0.01220916449351441,45667,248
0.12000000000000001,0.9400000000000001,9618600.262249999,13552598.83357,242490.0,23413689.09582,34526729.46418001,0.8383858267716535,48498,1237,0.4106241744843702,0.01047346496426999,45746,169
0.12000000000000001,0.9600000000000001,9899646.690499999,13416062.275670001,243545.0,23559253.966169998,34381164.593830004,0.8326648622047244,48709,1026,0.4124106749754462,0.008686964473194026,45802,113
0.12000000000000001,0.98,10351508.24075,13327377.649549998,245680.0,23924565.8903,34015852.669700004,0.819119094488189,49136,599,0.41602601009245777,0.005071629356182477,45862,53
0.13999999999999999,0.13999999999999999,3267834.7299999995,209273777.09949997,0.0,212541611.82949996,-154601193.26949996,0.9269192913385826,0,44484,0.0,0.3766383310190673,0,40717
0.13999999999999999,0.16,3330511.6787499995,189847140.14472,22230.0,193199881.82347,-135259463.26347,0.9249630905511812,4446,40038,0.03764351271717411,0.3389948183018932,4393,36324
0.13999999999999999,0.18,3407771.6124999993,173830683.86336997,40635.0,177279090.47586998,-119338671.91586998,0.9233021653543307,8127,36357,0.06880990280082636,0.3078284282182409,8029,32688
0.13999999999999999,0.19999999999999998,3507664.6344999997,158564756.6185,56665.0,162129086.253,-104188667.69299999,0.9215305118110236,11333,33151,0.09595455007281471,0.28068378094625257,11187,29530
0.13999999999999999,0.22,3605271.1967499997,145052189.54926,70495.0,148727955.74600998,-90787537.18600997,0.9198695866141732,14099,30385,0.1193737934771565,0.2572645375419108,13908,26809
0.13999999999999999,0.24,3748572.6744999997,134085991.95717998,82235.0,137916799.63167998,-79976381.07167998,0.9182455708661418,16447,28037,0.13925390320723405,0.23738442781183325,16212,24505
0.13999999999999999,0.26,3818960.9754999997,124449231.22703,92605.0,128360797.20253,-70420378.64253,0.9169537401574803,18521,25963,0.15681410234700444,0.21982422867206286,18251,22466
0.13999999999999999,0.28,3913001.80825,115056526.43342999,102330.0,119071858.24167998,-61131439.68167998,0.9153297244094488,20466,24018,0.17328208080739663,0.20335625021167067,20152,20565
0.13999999999999999,0.30000000000000004,4039943.8674999997,107535777.25235999,110860.0,111686581.11986,-53746162.55985999,0.9134842519685039,22172,22312,0.18772648762149896,0.18891184339756834,21808,18909
0.13999999999999999,0.32,4238895.10825,99667692.70274,118890.0,104025477.81099,-46085059.25099,0.9110482283464567,23778,20706,0.20132421173840892,0.17531411928065838,23348,17369
0.13999999999999999,0.34,4348848.477999999,92765874.32512999,126260.0,97240982.80312999,-39300564.24312998,0.9093503937007874,25252,19232,0.2138043146950249,0.1628340163240424,24776,15941
0.13999999999999999,0.36000000000000004,4470152.42125,86813056.63564,132590.0,91415799.05689,-33475380.496889994,0.9076156496062993,26518,17966,0.22452331764148067,0.15211501337758662,25995,14722
0.13999999999999999,0.38,4544121.804249999,81443011.66533,138410.0,86125543.46958,-28185124.909579992,0.906213090551181,27682,16802,0.2343787042368002,0.14225962678226708,27121,13596
0.13999999999999999,0.4,4628467.233999999,76384466.5716,143930.0,81156863.8056,-23216445.2456,0.904441437007874,28786,15698,0.24372608121380432,0.13291224980526298,28177,12540
0.13999999999999999,0.42000000000000004,4750295.063499999,72321142.82161,148805.0,77220242.88511,-19279824.325110003,0.9026328740157481,29761,14723,0.2519812375114302,0.12465709350763708,29103,11614
0.13999999999999999,0.44,4839938.429499999,67979568.36215,153695.0,72973201.79165,-15032783.231649995,0.9006028543307087,30739,13745,0.26026179428997187,0.1163765367290954,30026,10691
0.13999999999999999,0.46,5017924.243749999,63943514.70552,158250.0,69119688.94927,-11179270.389269993,0.8982775590551181,31650,12834,0.26797507366139467,0.10866325735767264,30874,9843
0.13999999999999999,0.48000000000000004,5113868.965,60536067.64097,162320.0,65812256.605969995,-7871838.045969993,0.8962844488188977,32464,12020,0.27486707081654077,0.1017712602025265,31634,9083
0.13999999999999999,0.5,5253739.639749999,57100301.69731,166280.0,62520321.33706,-4579902.777059995,0.8937746062992127,33256,11228,0.28157279777830463,0.0950655332407627,32358,8359
0.13999999999999999,0.52,5387758.70575,53218827.439830005,170135.0,58776721.14558001,-836302.5855800062,0.8917076771653544,34027,10457,0.288100721373658,0.08853760964540928,33073,7644
0.13999999999999999,0.54,5544781.58725,49689389.17099,173795.0,55407965.75824,2532452.801760003,0.8891240157480316,34759,9725,0.29429843871710637,0.08233989230196091,33735,6982
0.13999999999999999,0.56,5740163.784999999,46560797.73144,177285.0,52478246.51644,5462172.043560006,0.8866510826771653,35457,9027,0.30020828394350935,0.07643004707555796,34366,6351
0.13999999999999999,0.5800000000000001,5948391.072249999,43611777.11507,180385.0,49740553.18732,8199865.372680001,0.8841781496062993,36077,8407,0.3054577166661022,0.07118061435296508,34919,5798
0.13999999999999999,0.6,6092978.731749999,40877686.649689995,183210.0,47153875.38143999,10786543.178560011,0.8819266732283464,36642,7842,0.31024147390523926,0.06639685711382802,35423,5294
0.13999999999999999,0.62,6228653.12575,38166534.10314,186105.0,44581292.228889994,13359126.331110008,0.8794537401574803,37221,7263,0.31514376672198324,0.061494564297084026,35935,4782
0.13999999999999999,0.64,6396730.243,35949960.183929995,188740.0,42535430.426929995,15404988.133070007,0.8769438976377952,37748,6736,0.3196057845361872,0.05703254648288007,36394,4323
0.13999999999999999,0.66,6581154.2545,33456366.65079,191420.0,40228940.90529,17711477.654710002,0.8742125984251969,38284,6200,0.32414400379313846,0.05249432722592881,36856,3861
0.13999999999999999,0.68,6714165.7135,30919446.47406,193860.0,37827472.18756,20112946.372440003,0.8721456692913385,38772,5712,0.3282758153554374,0.048362515663629896,37288,3429
0.13999999999999999,0.7000000000000001,6964421.11675,28550677.16019,196470.0,35711568.27694,22228850.28306,0.8691560039370079,39294,5190,0.33269549903478174,0.04394283198428557,37729,2988
0.13999999999999999,0.7200000000000001,7200843.043749999,26307470.14599,198850.0,33707163.18974,24233255.37026,0.8658710629921259,39770,4714,0.33672570867341756,0.03991262234564975,38116,2601
0.13999999999999999,0.74,7447831.117749999,24134294.317509998,200965.0,31783090.435259998,26157328.124740005,0.8629552165354332,40193,4291,0.3403071764825414,0.03633115453652589,38460,2257
0.13999999999999999,0.76,7712952.684249999,22083693.056949995,203190.0,29999835.741199993,27940582.81880001,0.8595964566929133,40638,3846,0.34407491448504757,0.03256341653401971,38814,1903
0.13999999999999999,0.78,7988814.5649999995,20311224.54913,205005.0,28505044.114129998,29435374.445870005,0.856496062992126,41001,3483,0.347148372675856,0.0294899583432113,39093,1624
0.13999999999999999,0.8,8220497.458,18712503.559929997,206925.0,27139926.017929997,30800492.542070005,0.8531742125984253,41385,3099,0.3503996342330748,0.026238696785992482,39387,1330
0.13999999999999999,0.8200000000000001,8461908.606999999,17401243.568079997,208560.0,26071712.175079994,31868706.38492001,0.8501845472440944,41712,2772,0.35316828665289396,0.023470044366173334,39633,1084
0.13999999999999999,0.8400000000000001,8756933.461,16007824.341029998,210225.0,24974982.802029997,32965435.757970005,0.8468996062992127,42045,2439,0.35598774003454464,0.02065059098452264,39877,840
0.13999999999999999,0.86,9038728.98175,14663676.76471,211820.0,23914225.74646,34026192.813540004,0.8428395669291339,42364,2120,0.3586886578385884,0.017949673180478885,40086,631
0.13999999999999999,0.88,9313460.96875,13877071.25171,213020.0,23403552.220459998,34536866.339540005,0.8398129921259843,42604,1880,0.36072069631185016,0.01591763470721712,40244,473
0.13999999999999999,0.9,9645908.491,13219161.453439998,214215.0,23079284.94444,34861133.61556,0.8357529527559056,42843,1641,0.36274426795814,0.013894063060927287,40373,344
0.13999999999999999,0.92,9793015.977249999,12644572.95335,215210.0,22652798.9306,35287619.6294,0.831951279527559,43042,1442,0.3644291665255529,0.01220916449351441,40469,248
0.13999999999999999,0.9400000000000001,10061474.563749999,12280350.481,216235.0,22558060.044749998,35382358.515250005,0.827300688976378,43247,1237,0.3661648660547973,0.01047346496426999,40548,169
0.13999999999999999,0.9600000000000001,10342520.991999999,12143813.923099998,217290.0,22703624.915099997,35236793.64490001,0.8215797244094488,43458,1026,0.3679513665458733,0.008686964473194026,40604,113
0.13999999999999999,0.98,10794382.542249998,12055129.296979997,219425.0,23068936.839229994,34871481.72077001,0.8080339566929133,43885,599,0.3715667016628848,0.005071629356182477,40664,53
0.16,0.16,3685681.0549999997,188674439.0625,0.0,192360120.1175,-134419701.5575,0.9138779527559056,0,40038,0.0,0.3389948183018932,0,36324
0.16,0.18,3762940.9887499996,172657982.78114998,18405.0,176439328.7699,-118498910.20989999,0.9122170275590551,3681,36357,0.03116639008365225,0.3078284282182409,3636,32688
0.16,0.19999999999999998,3862834.01075,157392055.53628,34435.0,161289324.54703,-103348905.98703,0.9104453740157481,6887,33151,0.0583110373556406,0.28068378094625257,6794,29530
0.16,0.22,3960440.573,143879488.46703997,48265.0,147888194.04004,-89947775.48003998,0.9087844488188976,9653,30385,0.08173028075998238,0.2572645375419108,9515,26809
0.16,0.24,4103742.0507499995,132913290.87495998,60005.0,137077037.92570996,-79136619.36570996,0.9071604330708661,12001,28037,0.10161039049005995,0.23738442781183325,11819,24505
0.16,0.26,4174130.3517499994,123276530.14480999,70375.0,127521035.49655999,-69580616.93655999,0.9058686023622047,14075,25963,0.11917058962983032,0.21982422867206286,13858,22466
0.16,0.28,4268171.1844999995,113883825.35120998,80100.0,118232096.53570998,-60291677.975709975,0.9042445866141732,16020,24018,0.1356385680902225,0.20335625021167067,15759,20565
0.16,0.30000000000000004,4395113.243749999,106363076.17014,88630.0,110846819.41389,-52906400.85389,0.9023991141732284,17726,22312,0.15008297490432485,0.18891184339756834,17415,18909
0.16,0.32,4594064.484499999,98494991.62052001,96660.0,103185716.10502002,-45245297.545020014,0.8999630905511811,19332,20706,0.1636806990212348,0.17531411928065838,18955,17369
0.16,0.34,4704017.85425,91593173.24290998,104030.0,96401221.09715998,-38460802.53715998,0.8982652559055119,20806,19232,0.17616080197785078,0.1628340163240424,20383,15941
0.16,0.36000000000000004,4825321.797499999,85640355.55342,110360.0,90576037.35092,-32635618.790920004,0.8965305118110236,22072,17966,0.18687980492430656,0.15211501337758662,21602,14722
0.16,0.38,4899291.1805,80270310.58310999,116180.0,85285781.76360999,-27345363.203609988,0.8951279527559055,23236,16802,0.1967351915196261,0.14225962678226708,22728,13596
0.16,0.4,4983636.61025,75211765.48938,121700.0,80317102.09963,-22376683.539629996,0.8933562992125984,24340,15698,0.2060825684966302,0.13291224980526298,23784,12540
0.16,0.42000000000000004,5105464.43975,71148441.73939002,126575.0,76380481.17914002,-18440062.619140014,0.8915477362204725,25315,14723,0.2143377247942561,0.12465709350763708,24710,11614
0.16,0.44,5195107.805749999,66806867.27993,131465.0,72133440.08568001,-14193021.525680006,0.8895177165354331,26293,13745,0.22261828157279778,0.1163765367290954,25633,10691
0.16,0.46,5373093.62,62770813.6233,136020.0,68279927.2433,-10339508.683300003,0.8871924212598425,27204,12834,0.23033156094422055,0.10866325735767264,26481,9843
0.16,0.48000000000000004,5469038.34125,59363366.55875,140090.0,64972494.900000006,-7032076.340000004,0.885199311023622,28018,12020,0.23722355809936668,0.1017712602025265,27241,9083
0.16,0.5,5608909.015999999,55927600.61509,144050.0,61680559.63109,-3740141.071089998,0.882689468503937,28810,11228,0.24392928506113049,0.0950655332407627,27965,8359
0.16,0.52,5742928.0819999995,52046126.35761,147905.0,57936959.439610004,3459.120389997959,0.8806225393700787,29581,10457,0.2504572086564839,0.08853760964540928,28680,7644
0.16,0.54,5899950.9635,48516688.08877,151565.0,54568204.05227,3372214.5077299997,0.8780388779527559,30313,9725,0.2566549259999323,0.08233989230196091,29342,6982
0.16,0.56,6095333.161249999,45388096.649220005,155055.0,51638484.81047,6301933.7495300025,0.8755659448818898,31011,9027,0.2625647712263352,0.07643004707555796,29973,6351
0.16,0.5800000000000001,6303560.4485,42439076.03285,158155.0,48900791.48135,9039627.078650005,0.8730930118110236,31631,8407,0.2678142039489281,0.07118061435296508,30526,5798
0.16,0.6,6448148.107999999,39704985.56747,160980.0,46314113.675469995,11626304.884530008,0.8708415354330709,32196,7842,0.2725979611880652,0.06639685711382802,31030,5294
0.16,0.62,6583822.501999998,36993833.02092,163875.0,43741530.52292,14198888.037080005,0.8683686023622048,32775,7263,0.27750025400480915,0.061494564297084026,31542,4782
0.16,0.64,6751899.6192499995,34777259.10171,166510.0,41695668.72096,16244749.839040004,0.8658587598425197,33302,6736,0.2819622718190131,0.05703254648288007,32001,4323
0.16,0.66,6936323.6307500005,32283665.56857,169190.0,39389179.19932,18551239.36068,0.8631274606299213,33838,6200,0.28650049107596437,0.05249432722592881,32463,3861
0.16,0.68,7069335.089749999,29746745.39184,171630.0,36987710.48159,20952708.07841,0.861060531496063,34326,5712,0.2906323026382633,0.048362515663629896,32895,3429
0.16,0.7000000000000001,7319590.492999999,27377976.07797,174240.0,34871806.57097,23068611.989030004,0.8580708661417322,34848,5190,0.2950519863176076,0.04394283198428557,33336,2988
0.16,0.7200000000000001,7556012.419999999,25134769.063769996,176620.0,32867401.483769994,25073017.07623001,0.8547859251968504,35324,4714,0.2990821959562434,0.03991262234564975,33723,2601
0.16,0.74,7803000.493999999,22961593.23529,178735.0,30943328.729289997,26997089.830710005,0.8518700787401575,35747,4291,0.3026636637653673,0.03633115453652589,34067,2257
0.16,0.76,8068122.060499999,20910991.97473,180960.0,29160074.03523,28780344.524770003,0.8485113188976378,36192,3846,0.3064314017678735,0.03256341653401971,34421,1903
0.16,0.78,8343983.941249999,19138523.46691,182775.0,27665282.40816,30275136.15184,0.8454109251968503,36555,3483,0.3095048599586819,0.0294899583432113,34700,1624
0.16,0.8,8575666.83425,17539802.47771,184695.0,26300164.31196,31640254.24804,0.8420890748031497,36939,3099,0.3127561215159007,0.026238696785992482,34994,1330
0.16,0.8200000000000001,8817077.98325,16228542.485859998,186330.0,25231950.469109997,32708468.090890005,0.8390994094488189,37266,2772,0.31552477393571987,0.023470044366173334,35240,1084
0.16,0.8400000000000001,9112102.83725,14835123.258809999,187995.0,24135221.09606,33805197.46394,0.835814468503937,37599,2439,0.31834422731737055,0.02065059098452264,35484,840
0.16,0.86,9393898.358,13490975.682489997,189590.0,23074464.040489994,34865954.51951001,0.8317544291338582,37918,2120,0.3210451451214143,0.017949673180478885,35693,631
0.16,0.88,9668630.344999999,12704370.169489998,190790.0,22563790.514489997,35376628.04551001,0.8287278543307086,38158,1880,0.3230771835946761,0.01591763470721712,35851,473
0.16,0.9,10001077.86725,12046460.37122,191985.0,22239523.23847,35700895.32153,0.8246678149606299,38397,1641,0.3251007552409659,0.013894063060927287,35980,344
0.16,0.92,10148185.353499997,11471871.871129997,192980.0,21813037.224629994,36127381.335370004,0.8208661417322834,38596,1442,0.32678565380837876,0.01220916449351441,36076,248
0.16,0.9400000000000001,10416643.94,11107649.39878,194005.0,21718298.33878,36222120.22122,0.8162155511811023,38801,1237,0.32852135333762317,0.01047346496426999,36155,169
0.16,0.9600000000000001,10697690.368249997,10971112.840879997,195060.0,21863863.209129997,36076555.350870006,0.8104945866141732,39012,1026,0.33030785382869915,0.008686964473194026,36211,113
0.16,0.98,11149551.918499999,10882428.21476,197195.0,22229175.133259997,35711243.426740006,0.7969488188976377,39439,599,0.3339231889457107,0.005071629356182477,36271,53
0.18,0.18,4200747.279999999,171691356.20999998,0.0,175892103.48999998,-117951684.92999998,0.9028051181102362,0,36357,0.0,0.3078284282182409,0,32688
0.18,0.19999999999999998,4300640.301999999,156425428.96513,16030.0,160742099.26713,-102801680.70712999,0.9010334645669292,3206,33151,0.02714464727198835,0.28068378094625257,3158,29530
0.18,0.22,4398246.86425,142912861.89589,29860.0,147340968.76014,-89400550.20014,0.8993725393700788,5972,30385,0.05056389067633014,0.2572645375419108,5879,26809
0.18,0.24,4541548.341999999,131946664.30380999,41600.0,136529812.64580998,-78589394.08580998,0.8977485236220472,8320,28037,0.07044400040640769,0.23738442781183325,8183,24505
0.18,0.26,4611936.642999999,122309903.57366,51970.0,126973810.21666,-69033391.65665999,0.8964566929133858,10394,25963,0.08800419954617808,0.21982422867206286,10222,22466
0.18,0.28,4705977.475749999,112917198.78005998,61695.0,117684871.25580998,-59744452.695809975,0.8948326771653543,12339,24018,0.10447217800657026,0.20335625021167067,12123,20565
0.18,0.30000000000000004,4832919.534999999,105396449.59899,70225.0,110299594.13398999,-52359175.57398999,0.8929872047244094,14045,22312,0.1189165848206726,0.18891184339756834,13779,18909
0.18,0.32,5031870.775749999,97528365.04937,78255.0,102638490.82512,-44698072.26512,0.8905511811023622,15651,20706,0.13251430893758256,0.17531411928065838,15319,17369
0.18,0.34,5141824.1455,90626546.67176,85625.0,95853995.81726,-37913577.257259995,0.888853346456693,17125,19232,0.14499441189419854,0.1628340163240424,16747,15941
0.18,0.36000000000000004,5263128.088749999,84673728.98227,91955.0,90028812.07102,-32088393.511020005,0.8871186023622047,18391,17966,0.15571341484065432,0.15211501337758662,17966,14722
0.18,0.38,5337097.471749999,79303684.01195998,97775.0,84738556.48370999,-26798137.92370999,0.8857160433070866,19555,16802,0.16556880143597386,0.14225962678226708,19092,13596
0.18,0.4,5421442.9015,74245138.91823,103295.0,79769876.81973,-21829458.259729996,0.8839443897637795,20659,15698,0.17491617841297796,0.13291224980526298,20148,12540
0.18,0.42000000000000004,5543270.730999999,70181815.16824001,108170.0,75833255.89924002,-17892837.339240015,0.8821358267716536,21634,14723,0.18317133471060384,0.12465709350763708,21074,11614
0.18,0.44,5632914.096999999,65840240.708780006,113060.0,71586214.80578001,-13645796.245780006,0.8801058070866141,22612,13745,0.19145189148914551,0.1163765367290954,21997,10691
0.18,0.46,5810899.911249999,61804187.052149996,117615.0,67732701.96339999,-9792283.403399989,0.8777805118110237,23523,12834,0.19916517086056829,0.10866325735767264,22845,9843
0.18,0.48000000000000004,5906844.632499999,58396739.9876,121685.0,64425269.6201,-6484851.060099997,0.8757874015748031,24337,12020,0.20605716801571444,0.1017712602025265,23605,9083
0.18,0.5,6046715.30725,54960974.04394,125645.0,61133334.35119,-3192915.7911899984,0.8732775590551181,25129,11228,0.21276289497747825,0.0950655332407627,24329,8359
0.18,0.52,6180734.373249999,51079499.786460005,129500.0,57389734.159710005,550684.4002899975,0.8712106299212599,25900,10457,0.21929081857283164,0.08853760964540928,25044,7644
0.18,0.54,6337757.254749998,47550061.517620005,133160.0,54020978.77237,3919439.787629999,0.868626968503937,26632,9725,0.22548853591628001,0.08233989230196091,25706,6982
0.18,0.56,6533139.452499999,44421470.07807,136650.0,51091259.53057,6849159.029430002,0.8661540354330709,27330,9027,0.23139838114268296,0.07643004707555796,26337,6351
0.18,0.5800000000000001,6741366.739749999,41472449.4617,139750.0,48353566.20145,9586852.358550005,0.8636811023622047,27950,8407,0.23664781386527584,0.07118061435296508,26890,5798
0.18,0.6,6885954.399249999,38738358.996319994,142575.0,45766888.395569995,12173530.164430007,0.861429625984252,28515,7842,0.2414315711044129,0.06639685711382802,27394,5294
0.18,0.62,7021628.793249999,36027206.44977,145470.0,43194305.243020006,14746113.316979997,0.8589566929133858,29094,7263,0.24633386392115691,0.061494564297084026,27906,4782
0.18,0.64,7189705.910499999,33810632.53056,148105.0,41148443.44106,16791975.118940003,0.8564468503937007,29621,6736,0.2507958817353609,0.05703254648288007,28365,4323
0.18,0.66,7374129.921999999,31317038.997419998,150785.0,38841953.91942,19098464.640580006,0.8537155511811023,30157,6200,0.25533410099231213,0.05249432722592881,28827,3861
0.18,0.68,7507141.380999999,28780118.82069,153225.0,36440485.201689996,21499933.358310007,0.8516486220472441,30645,5712,0.25946591255461104,0.048362515663629896,29259,3429
0.18,0.7000000000000001,7757396.784249999,26411349.50682,155835.0,34324581.29107,23615837.268930003,0.8486589566929134,31167,5190,0.26388559623395536,0.04394283198428557,29700,2988
0.18,0.7200000000000001,7993818.71125,24168142.49262,158215.0,32320176.20387,25620242.356130004,0.8453740157480315,31643,4714,0.2679158058725912,0.03991262234564975,30087,2601
0.18,0.74,8240806.785249999,21994966.66414,160330.0,30396103.44939,27544315.11061,0.8424581692913385,32066,4291,0.27149727368171506,0.03633115453652589,30431,2257
0.18,0.76,8505928.35175,19944365.40358,162555.0,28612848.755329996,29327569.804670006,0.8390994094488189,32511,3846,0.27526501168422124,0.03256341653401971,30785,1903
0.18,0.78,8781790.232499998,18171896.89576,164370.0,27118057.128259998,30822361.431740005,0.8359990157480315,32874,3483,0.27833846987502964,0.0294899583432113,31064,1624
0.18,0.8,9013473.1255,16573175.90656,166290.0,25752939.032059997,32187479.527940005,0.8326771653543307,33258,3099,0.28158973143224847,0.026238696785992482,31358,1330
0.18,0.8200000000000001,9254884.2745,15261915.91471,167925.0,24684725.189209998,33255693.370790005,0.8296875,33585,2772,0.2843583838520676,0.023470044366173334,31604,1084
0.18,0.8400000000000001,9549909.1285,13868496.687659997,169590.0,23587995.816159997,34352422.74384001,0.8264025590551181,33918,2439,0.2871778372337183,0.02065059098452264,31848,840
0.18,0.86,9831704.64925,12524349.111339998,171185.0,22527238.76059,35413179.79941,0.8223425196850394,34237,2120,0.28987875503776206,0.017949673180478885,32057,631
0.18,0.88,10106436.63625,11737743.59834,172385.0,22016565.23459,35923853.32541,0.8193159448818897,34477,1880,0.29191079351102384,0.01591763470721712,32215,473
0.18,0.9,10438884.158499999,11079833.800069999,173580.0,21692297.958569996,36248120.60143001,0.8152559055118109,34716,1641,0.29393436515731364,0.013894063060927287,32344,344
0.18,0.92,10585991.644749999,10505245.299979998,174575.0,21265811.94473,36674606.61527,0.8114542322834646,34915,1442,0.2956192637247265,0.01220916449351441,32440,248
0.18,0.9400000000000001,10854450.23125,10141022.827629998,175600.0,21171073.058879998,36769345.50112,0.8068036417322835,35120,1237,0.2973549632539709,0.01047346496426999,32519,169
0.18,0.9600000000000001,11135496.6595,10004486.26973,176655.0,21316637.929229997,36623780.630770005,0.8010826771653543,35331,1026,0.2991414637450469,0.008686964473194026,32575,113
0.18,0.98,11587358.20975,9915801.643609999,178790.0,21681949.853359997,36258468.706640005,0.7875369094488188,35758,599,0.3027567988620585,0.005071629356182477,32635,53
0.19999999999999998,0.19999999999999998,4866700.76,155499385.9495,0.0,160366086.70949998,-102425668.14949998,0.890994094488189,0,33151,0.0,0.28068378094625257,0,29530
0.19999999999999998,0.22,4964307.32225,141986818.88026,13830.0,146964956.20251,-89024537.64251,0.8893331692913385,2766,30385,0.02341924340434179,0.2572645375419108,2721,26809
0.19999999999999998,0.24,5107608.8,131020621.28817998,25570.0,136153800.08817998,-78213381.52817997,0.8877091535433072,5114,28037,0.04329935313441934,0.23738442781183325,5025,24505
0.19999999999999998,0.26,5177997.101,121383860.55803,35940.0,126597797.65902999,-68657379.09902999,0.8864173228346457,7188,25963,0.060859552274189724,0.21982422867206286,7064,22466
0.19999999999999998,0.28,5272037.93375,111991155.76442999,45665.0,117308858.69817999,-59368440.13817999,0.8847933070866142,9133,24018,0.07732753073458191,0.20335625021167067,8965,20565
0.19999999999999998,0.30000000000000004,5398979.993,104470406.58335999,54195.0,109923581.57635999,-51983163.016359985,0.8829478346456693,10839,22312,0.09177193754868425,0.18891184339756834,10621,18909
0.19999999999999998,0.32,5597931.23375,96602322.03374,62225.0,102262478.26749,-44322059.70749,0.8805118110236221,12445,20706,0.10536966166559421,0.17531411928065838,12161,17369
0.19999999999999998,0.34,5707884.6035,89700503.65612999,69595.0,95477983.25962998,-37537564.69962998,0.8788139763779528,13919,19232,0.11784976462221018,0.1628340163240424,13589,15941
0.19999999999999998,0.36000000000000004,5829188.54675,83747685.96664,75925.0,89652799.51338999,-31712380.953389987,0.8770792322834645,15185,17966,0.12856876756866598,0.15211501337758662,14808,14722
0.19999999999999998,0.38,5903157.929749999,78377640.99633,81745.0,84362543.92607999,-26422125.366079986,0.8756766732283464,16349,16802,0.1384241541639855,0.14225962678226708,15934,13596
0.19999999999999998,0.4,5987503.3595,73319095.9026,87265.0,79393864.26210001,-21453445.70210001,0.8739050196850394,17453,15698,0.1477715311409896,0.13291224980526298,16990,12540
0.19999999999999998,0.42000000000000004,6109331.188999999,69255772.15261,92140.0,75457243.34161,-17516824.781609997,0.8720964566929134,18428,14723,0.1560266874386155,0.12465709350763708,17916,11614
0.19999999999999998,0.44,6198974.555,64914197.693150006,97030.0,71210202.24815,-13269783.688150004,0.870066437007874,19406,13745,0.16430724421715717,0.1163765367290954,18839,10691
0.19999999999999998,0.46,6376960.3692499995,60878144.03652,101585.0,67356689.40577,-9416270.845770001,0.8677411417322834,20317,12834,0.17202052358857994,0.10866325735767264,19687,9843
0.19999999999999998,0.48000000000000004,6472905.0905,57470696.97197,105655.0,64049257.06247,-6108838.502469994,0.865748031496063,21131,12020,0.17891252074372607,0.1017712602025265,20447,9083
0.19999999999999998,0.5,6612775.765249999,54034931.02831,109615.0,60757321.79356,-2816903.233559996,0.8632381889763779,21923,11228,0.1856182477054899,0.0950655332407627,21171,8359
0.19999999999999998,0.52,6746794.83125,50153456.770830005,113470.0,57013721.60208,926696.95792,0.8611712598425197,22694,10457,0.1921461713008433,0.08853760964540928,21886,7644
0.19999999999999998,0.54,6903817.712749999,46624018.50199,117130.0,53644966.21473999,4295452.345260009,0.8585875984251969,23426,9725,0.19834388864429167,0.08233989230196091,22548,6982
0.19999999999999998,0.56,7099199.910499999,43495427.06244,120620.0,50715246.97294,7225171.5870600045,0.8561146653543307,24124,9027,0.20425373387069462,0.07643004707555796,23179,6351
0.19999999999999998,0.5800000000000001,7307427.19775,40546406.44607,123720.0,47977553.64382,9962864.91618,0.8536417322834645,24744,8407,0.2095031665932875,0.07118061435296508,23732,5798
0.19999999999999998,0.6,7452014.857249999,37812315.980689995,126545.0,45390875.83793999,12549542.72206001,0.8513902559055119,25309,7842,0.21428692383242456,0.06639685711382802,24236,5294
0.19999999999999998,0.62,7587689.251249999,35101163.434140004,129440.0,42818292.68539,15122125.87461,0.8489173228346457,25888,7263,0.21918921664916854,0.061494564297084026,24748,4782
0.19999999999999998,0.64,7755766.3685,32884589.514930002,132075.0,40772430.883430004,17167987.67657,0.8464074803149607,26415,6736,0.2236512344633725,0.05703254648288007,25207,4323
0.19999999999999998,0.66,7940190.38,30390995.98179,134755.0,38465941.36179,19474477.19821,0.8436761811023622,26951,6200,0.22818945372032376,0.05249432722592881,25669,3861
0.19999999999999998,0.68,8073201.839,27854075.80506,137195.0,36064472.64406,21875945.91594,0.841609251968504,27439,5712,0.23232126528262267,0.048362515663629896,26101,3429
0.19999999999999998,0.7000000000000001,8323457.242249999,25485306.49119,139805.0,33948568.73344,23991849.826560006,0.8386195866141731,27961,5190,0.236740948961967,0.04394283198428557,26542,2988
0.19999999999999998,0.7200000000000001,8559879.16925,23242099.47699,142185.0,31944163.64624,25996254.913760003,0.8353346456692914,28437,4714,0.24077115860060283,0.03991262234564975,26929,2601
0.19999999999999998,0.74,8806867.24325,21068923.64851,144300.0,30020090.89176,27920327.668240003,0.8324187992125984,28860,4291,0.2443526264097267,0.03633115453652589,27273,2257
0.19999999999999998,0.76,9071988.809749998,19018322.38795,146525.0,28236836.197699998,29703582.362300005,0.8290600393700788,29305,3846,0.24812036441223287,0.03256341653401971,27627,1903
0.19999999999999998,0.78,9347850.690499999,17245853.88013,148340.0,26742044.57063,31198373.989370003,0.8259596456692913,29668,3483,0.2511938226030413,0.0294899583432113,27906,1624
0.19999999999999998,0.8,9579533.5835,15647132.89093,150260.0,25376926.474430002,32563492.08557,0.8226377952755906,30052,3099,0.2544450841602601,0.026238696785992482,28200,1330
0.19999999999999998,0.8200000000000001,9820944.732499998,14335872.899079997,151895.0,24308712.631579995,33631705.92842001,0.8196481299212599,30379,2772,0.25721373658007923,0.023470044366173334,28446,1084
0.19999999999999998,0.8400000000000001,10115969.5865,12942453.672029998,153560.0,23211983.25853,34728435.301470004,0.8163631889763779,30712,2439,0.2600331899617299,0.02065059098452264,28690,840
0.19999999999999998,0.86,10397765.10725,11598306.09571,155155.0,22151226.20296,35789192.35704,0.8123031496062991,31031,2120,0.2627341077657737,0.017949673180478885,28899,631
0.19999999999999998,0.88,10672497.09425,10811700.58271,156355.0,21640552.67696,36299865.88304,0.8092765748031495,31271,1880,0.26476614623903544,0.01591763470721712,29057,473
0.19999999999999998,0.9,11004944.616499998,10153790.78444,157550.0,21316285.400939997,36624133.15906,0.8052165354330708,31510,1641,0.2667897178853253,0.013894063060927287,29186,344
0.19999999999999998,0.92,11152052.10275,9579202.28435,158545.0,20889799.3871,37050619.172900006,0.8014148622047244,31709,1442,0.2684746164527382,0.01220916449351441,29282,248
0.19999999999999998,0.9400000000000001,11420510.68925,9214979.811999999,159570.0,20795060.50125,37145358.05875,0.7967642716535432,31914,1237,0.2702103159819826,0.01047346496426999,29361,169
0.19999999999999998,0.9600000000000001,11701557.1175,9078443.254099999,160625.0,20940625.3716,36999793.1884,0.7910433070866141,32125,1026,0.27199681647305857,0.008686964473194026,29417,113
0.19999999999999998,0.98,12153418.66775,8989758.62798,162760.0,21305937.29573,36634481.26427001,0.7774975393700787,32552,599,0.27561215159007013,0.005071629356182477,29477,53
0.22,0.22,5517411.175,141165998.00349998,0.0,146683409.1785,-88742990.6185,0.8799212598425197,0,30385,0.0,0.2572645375419108,0,26809
0.22,0.24,5660712.652749999,130199800.41141999,11740.0,135872253.06416997,-77931834.50416997,0.8782972440944882,2348,28037,0.019880109730077557,0.23738442781183325,2304,24505
0.22,0.26,5731100.953749999,120563039.68126999,22110.0,126316250.63501999,-68375832.07501999,0.8770054133858268,4422,25963,0.037440308869847935,0.21982422867206286,4343,22466
0.22,0.28,5825141.786499999,111170334.88766998,31835.0,117027311.67416999,-59086893.114169985,0.8753813976377953,6367,24018,0.05390828733024012,0.20335625021167067,6244,20565
0.22,0.30000000000000004,5952083.845749999,103649585.7066,40365.0,109642034.55235,-51701615.99235,0.8735359251968504,8073,22312,0.06835269414434246,0.18891184339756834,7900,18909
0.22,0.32,6151035.0865,95781501.15698001,48395.0,101980931.24348001,-44040512.68348001,0.8710999015748032,9679,20706,0.08195041826125242,0.17531411928065838,9440,17369
0.22,0.34,6260988.45625,88879682.77937,55765.0,95196436.23561999,-37256017.67561999,0.8694020669291339,11153,19232,0.0944305212178684,0.1628340163240424,10868,15941
0.22,0.36000000000000004,6382292.399499999,82926865.08988,62095.0,89371252.48938,-31430833.92938,0.8676673228346456,12419,17966,0.10514952416432417,0.15211501337758662,12087,14722
0.22,0.38,6456261.7825,77556820.11956999,67915.0,84080996.90206999,-26140578.342069983,0.8662647637795275,13583,16802,0.11500491075964371,0.14225962678226708,13213,13596
0.22,0.4,6540607.21225,72498275.02584,73435.0,79112317.23809,-21171898.67808999,0.8644931102362206,14687,15698,0.12435228773664782,0.13291224980526298,14269,12540
0.22,0.42000000000000004,6662435.04175,68434951.27585001,78310.0,75175696.31760001,-17235277.75760001,0.8626845472440945,15662,14723,0.1326074440342737,0.12465709350763708,15195,11614
0.22,0.44,6752078.407749999,64093376.81639,83200.0,70928655.22414,-12988236.664140001,0.860654527559055,16640,13745,0.14088800081281538,0.1163765367290954,16118,10691
0.22,0.46,6930064.222,60057323.15976,87755.0,67075142.38176,-9134723.821759999,0.8583292322834646,17551,12834,0.14860128018423815,0.10866325735767264,16966,9843
0.22,0.48000000000000004,7026008.94325,56649876.09521,91825.0,63767710.03846,-5827291.478459999,0.8563361220472441,18365,12020,0.15549327733938428,0.1017712602025265,17726,9083
0.22,0.5,7165879.618,53214110.151549995,95785.0,60475774.769549996,-2535356.2095499933,0.853826279527559,19157,11228,0.16219900430114811,0.0950655332407627,18450,8359
0.22,0.52,7299898.683999999,49332635.89407001,99640.0,56732174.57807001,1208243.9819299951,0.8517593503937009,19928,10457,0.1687269278965015,0.08853760964540928,19165,7644
0.22,0.54,7456921.5655,45803197.62523,103300.0,53363419.19073,4576999.369270004,0.849175688976378,20660,9725,0.17492464523994988,0.08233989230196091,19827,6982
0.22,0.56,7652303.763249999,42674606.18568,106790.0,50433699.94893,7506718.61107,0.8467027559055118,21358,9027,0.18083449046635283,0.07643004707555796,20458,6351
0.22,0.5800000000000001,7860531.0505,39725585.56931,109890.0,47696006.61981,10244411.940190002,0.8442298228346456,21978,8407,0.1860839231889457,0.07118061435296508,21011,5798
0.22,0.6,8005118.71,36991495.10393,112715.0,45109328.81393,12831089.746070005,0.841978346456693,22543,7842,0.19086768042808278,0.06639685711382802,21515,5294
0.22,0.62,8140793.104,34280342.55738,115610.0,42536745.66138,15403672.898620002,0.8395054133858267,23122,7263,0.19576997324482676,0.061494564297084026,22027,4782
0.22,0.64,8308870.2212499995,32063768.63817,118245.0,40490883.85942,17449534.70058,0.8369955708661417,23649,6736,0.20023199105903072,0.05703254648288007,22486,4323
0.22,0.66,8493294.232749999,29570175.10503,120925.0,38184394.33778,19756024.222220004,0.8342642716535432,24185,6200,0.20477021031598197,0.05249432722592881,22948,3861
0.22,0.68,8626305.69175,27033254.9283,123365.0,35782925.62005,22157492.939950004,0.8321973425196851,24673,5712,0.20890202187828089,0.048362515663629896,23380,3429
0.22,0.7000000000000001,8876561.094999999,24664485.61443,125975.0,33667021.709429994,24273396.85057001,0.8292076771653543,25195,5190,0.21332170555762522,0.04394283198428557,23821,2988
0.22,0.7200000000000001,9112983.022,22421278.60023,128355.0,31662616.62223,26277801.93777,0.8259227362204725,25671,4714,0.21735191519626104,0.03991262234564975,24208,2601
0.22,0.74,9359971.096,20248102.77175,130470.0,29738543.86775,28201874.692250002,0.8230068897637794,26094,4291,0.2209333830053849,0.03633115453652589,24552,2257
0.22,0.76,9625092.6625,18197501.511189997,132695.0,27955289.17369,29985129.386310004,0.8196481299212599,26539,3846,0.22470112100789108,0.03256341653401971,24906,1903
0.22,0.78,9900954.54325,16425033.00337,134510.0,26460497.54662,31479921.013380002,0.8165477362204724,26902,3483,0.2277745791986995,0.0294899583432113,25185,1624
0.22,0.8,10132637.436250001,14826312.014169998,136430.0,25095379.45042,32845039.109580003,0.8132258858267716,27286,3099,0.2310258407559183,0.026238696785992482,25479,1330
0.22,0.8200000000000001,10374048.58525,13515052.022319999,138065.0,24027165.60757,33913252.95243,0.810236220472441,27613,2772,0.23379449317573747,0.023470044366173334,25725,1084
0.22,0.8400000000000001,10669073.43925,12121632.79527,139730.0,22930436.23452,35009982.32548,0.806951279527559,27946,2439,0.23661394655738816,0.02065059098452264,25969,840
0.22,0.86,10950868.959999999,10777485.21895,141325.0,21869679.178949997,36070739.381050006,0.8028912401574803,28265,2120,0.2393148643614319,0.017949673180478885,26178,631
0.22,0.88,11225600.947,9990879.70595,142525.0,21359005.65295,36581412.90705,0.7998646653543307,28505,1880,0.24134690283469368,0.01591763470721712,26336,473
0.22,0.9,11558048.469250001,9332969.90768,143720.0,21034738.37693,36905680.183070004,0.7958046259842518,28744,1641,0.2433704744809835,0.013894063060927287,26465,344
0.22,0.92,11705155.9555,8758381.40759,144715.0,20608252.36309,37332166.19691,0.7920029527559055,28943,1442,0.2450553730483964,0.01220916449351441,26561,248
0.22,0.9400000000000001,11973614.542,8394158.935239999,145740.0,20513513.477239996,37426905.082760006,0.7873523622047244,29148,1237,0.2467910725776408,0.01047346496426999,26640,169
0.22,0.9600000000000001,12254660.97025,8257622.377340001,146795.0,20659078.34759,37281340.21241,0.7816313976377952,29359,1026,0.24857757306871678,0.008686964473194026,26696,113
0.22,0.98,12706522.5205,8168937.75122,148930.0,21024390.27172,36916028.28828,0.7680856299212598,29786,599,0.2521929081857283,0.005071629356182477,26756,53
0.24,0.24,6472754.36,129535125.67149998,0.0,136007880.03149998,-78067461.47149998,0.8690944881889764,0,28037,0.0,0.23738442781183325,0,24505
0.24,0.26,6543142.661,119898364.94135,10370.0,126451877.60235,-68511459.04235,0.8678026574803149,2074,25963,0.01756019913977038,0.21982422867206286,2039,22466
0.24,0.28,6637183.49375,110505660.14774998,20095.0,117162938.64149998,-59222520.08149998,0.8661786417322835,4019,24018,0.034028177600162565,0.20335625021167067,3940,20565
0.24,0.30000000000000004,6764125.553,102984910.96667999,28625.0,109777661.51968,-51837242.95967999,0.8643331692913386,5725,22312,0.04847258441426491,0.18891184339756834,5596,18909
0.24,0.32,6963076.79375,95116826.41706,36655.0,102116558.21081,-44176139.65081,0.8618971456692913,7331,20706,0.06207030853117486,0.17531411928065838,7136,17369
0.24,0.34,7073030.163500001,88215008.03944999,44025.0,95332063.20294999,-37391644.64294998,0.860199311023622,8805,19232,0.07455041148779083,0.1628340163240424,8564,15941
0.24,0.36000000000000004,7194334.10675,82262190.34996,50355.0,89506879.45671,-31566460.896709993,0.8584645669291339,10071,17966,0.08526941443424663,0.15211501337758662,9783,14722
0.24,0.38,7268303.48975,76892145.37964998,56175.0,84216623.86939998,-26276205.309399977,0.8570620078740158,11235,16802,0.09512480102956616,0.14225962678226708,10909,13596
0.24,0.4,7352648.919500001,71833600.28592001,61695.0,79247944.20542002,-21307525.645420015,0.8552903543307087,12339,15698,0.10447217800657026,0.13291224980526298,11965,12540
0.24,0.42000000000000004,7474476.749,67770276.53593001,66570.0,75311323.28493,-17370904.724930003,0.8534817913385827,13314,14723,0.11272733430419615,0.12465709350763708,12891,11614
0.24,0.44,7564120.115,63428702.07647,71460.0,71064282.19147,-13123863.631469995,0.8514517716535434,14292,13745,0.12100789108273784,0.1163765367290954,13814,10691
0.24,0.46,7742105.92925,59392648.41984,76015.0,67210769.34909,-9270350.789089993,0.8491264763779527,15203,12834,0.1287211704541606,0.10866325735767264,14662,9843
0.24,0.48000000000000004,7838050.6505,55985201.355289996,80085.0,63903337.005789995,-5962918.445789993,0.8471333661417323,16017,12020,0.13561316760930672,0.1017712602025265,15422,9083
0.24,0.5,7977921.325250001,52549435.41163,84045.0,60611401.73688,-2670983.1768799946,0.8446235236220473,16809,11228,0.14231889457107055,0.0950655332407627,16146,8359
0.24,0.52,8111940.39125,48667961.15415001,87900.0,56867801.54540001,1072617.0145999938,0.842556594488189,17580,10457,0.14884681816642395,0.08853760964540928,16861,7644
0.24,0.54,8268963.2727500005,45138522.88531,91560.0,53499046.15806,4441372.401940003,0.8399729330708662,18312,9725,0.15504453550987232,0.08233989230196091,17523,6982
0.24,0.56,8464345.4705,42009931.44576,95050.0,50569326.91626,7371091.643740006,0.8375,19010,9027,0.16095438073627527,0.07643004707555796,18154,6351
0.24,0.5800000000000001,8672572.75775,39060910.829390004,98150.0,47831633.58714001,10108784.972859994,0.8350270669291339,19630,8407,0.16620381345886814,0.07118061435296508,18707,5798
0.24,0.6,8817160.41725,36326820.36401,100975.0,45244955.78126,12695462.778740004,0.8327755905511811,20195,7842,0.17098757069800521,0.06639685711382802,19211,5294
0.24,0.62,8952834.811250001,33615667.81746,103870.0,42672372.62871,15268045.93129,0.830302657480315,20774,7263,0.17588986351474922,0.061494564297084026,19723,4782
0.24,0.64,9120911.9285,31399093.89825,106505.0,40626510.826749995,17313907.733250007,0.82779281496063,21301,6736,0.18035188132895316,0.05703254648288007,20182,4323
0.24,0.66,9305335.940000001,28905500.36511,109185.0,38320021.30511,19620397.254890002,0.8250615157480315,21837,6200,0.18489010058590444,0.05249432722592881,20644,3861
0.24,0.68,9438347.399,26368580.18838,111625.0,35918552.58738,22021865.972620003,0.8229945866141731,22325,5712,0.18902191214820335,0.048362515663629896,21076,3429
0.24,0.7000000000000001,9688602.802250002,23999810.874509998,114235.0,33802648.67676,24137769.88324,0.8200049212598425,22847,5190,0.19344159582754766,0.04394283198428557,21517,2988
0.24,0.7200000000000001,9925024.72925,21756603.86031,116615.0,31798243.589560002,26142174.97044,0.8167199803149605,23323,4714,0.19747180546618348,0.03991262234564975,21904,2601
0.24,0.74,10172012.80325,19583428.031829998,118730.0,29874170.835079998,28066247.724920005,0.8138041338582678,23746,4291,0.20105327327530734,0.03633115453652589,22248,2257
0.24,0.76,10437134.36975,17532826.77127,120955.0,28090916.14102,29849502.418980002,0.8104453740157479,24191,3846,0.20482101127781352,0.03256341653401971,22602,1903
0.24,0.78,10712996.250500001,15760358.26345,122770.0,26596124.51395,31344294.04605,0.8073449803149607,24554,3483,0.20789446946862195,0.0294899583432113,22881,1624
0.24,0.8,10944679.1435,14161637.274249999,124690.0,25231006.41775,32709412.14225,0.8040231299212599,24938,3099,0.21114573102584075,0.026238696785992482,23175,1330
0.24,0.8200000000000001,11186090.2925,12850377.282399999,126325.0,24162792.5749,33777625.9851,0.801033464566929,25265,2772,0.2139143834456599,0.023470044366173334,23421,1084
0.24,0.8400000000000001,11481115.146499999,11456958.055349998,127990.0,23066063.201849997,34874355.358150005,0.7977485236220473,25598,2439,0.2167338368273106,0.02065059098452264,23665,840
0.24,0.86,11762910.66725,10112810.47903,129585.0,22005306.146279998,35935112.413720004,0.7936884842519686,25917,2120,0.21943475463135437,0.017949673180478885,23874,631
0.24,0.88,12037642.65425,9326204.966030002,130785.0,21494632.62028,36445785.939720005,0.7906619094488189,26157,1880,0.22146679310461612,0.01591763470721712,24032,473
0.24,0.9,12370090.1765,8668295.16776,131980.0,21170365.34426,36770053.21574,0.7866018700787402,26396,1641,0.22349036475090595,0.013894063060927287,24161,344
0.24,0.92,12517197.66275,8093706.6676699985,132975.0,20743879.33042,37196539.22958,0.7828001968503937,26595,1442,0.22517526331831883,0.01220916449351441,24257,248
0.24,0.9400000000000001,12785656.24925,7729484.19532,134000.0,20649140.44457,37291278.11543,0.7781496062992126,26800,1237,0.22691096284756324,0.01047346496426999,24336,169
0.24,0.9600000000000001,13066702.677499998,7592947.63742,135055.0,20794705.314919997,37145713.24508001,0.7724286417322835,27011,1026,0.22869746333863922,0.008686964473194026,24392,113
0.24,0.98,13518564.22775,7504263.011299999,137190.0,21160017.23905,36780401.32095,0.758882874015748,27438,599,0.23231279845565075,0.005071629356182477,24452,53
0.26,0.26,6942009.7,119314488.299,0.0,126256497.999,-68316079.439,0.8604822834645669,0,25963,0.0,0.21982422867206286,0,22466
0.26,0.28,7036050.53275,109921783.50539999,9725.0,116967559.03814998,-59027140.47814998,0.8588582677165355,1945,24018,0.016467978460392184,0.20335625021167067,1901,20565
0.26,0.30000000000000004,7162992.592,102401034.32432999,18255.0,109582281.91632998,-51641863.35632998,0.8570127952755906,3651,22312,0.030912385274494532,0.18891184339756834,3557,18909
0.26,0.32,7361943.83275,94532949.77471,26285.0,101921178.60745999,-43980760.04745999,0.8545767716535433,5257,20706,0.04451010939140448,0.17531411928065838,5097,17369
0.26,0.34,7471897.202500001,87631131.39709999,33655.0,95136683.59959999,-37196265.039599985,0.852878937007874,6731,19232,0.05699021234802046,0.1628340163240424,6525,15941
0.26,0.36000000000000004,7593201.14575,81678313.70761,39985.0,89311499.85336,-31371081.293359995,0.8511441929133858,7997,17966,0.06770921529447624,0.15211501337758662,7744,14722
0.26,0.38,7667170.5287500005,76308268.7373,45805.0,84021244.26605,-26080825.706049994,0.8497416338582677,9161,16802,0.07756460188979578,0.14225962678226708,8870,13596
0.26,0.4,7751515.958500001,71249723.64357,51325.0,79052564.60207,-21112146.04207,0.8479699803149606,10265,15698,0.08691197886679988,0.13291224980526298,9926,12540
0.26,0.42000000000000004,7873343.788000001,67186399.89358002,56200.0,75115943.68158002,-17175525.12158002,0.8461614173228347,11240,14723,0.09516713516442578,0.12465709350763708,10852,11614
0.26,0.44,7962987.154,62844825.43412,61090.0,70868902.58812,-12928484.028119996,0.8441313976377953,12218,13745,0.10344769194296745,0.1163765367290954,11775,10691
0.26,0.46,8140972.96825,58808771.77749,65645.0,67015389.74574,-9074971.185739994,0.8418061023622047,13129,12834,0.11116097131439022,0.10866325735767264,12623,9843
0.26,0.48000000000000004,8236917.6895,55401324.71294,69715.0,63707957.40244,-5767538.842439994,0.8398129921259843,13943,12020,0.11805296846953636,0.1017712602025265,13383,9083
0.26,0.5,8376788.364250001,51965558.769279994,73675.0,60416022.13352999,-2475603.5735299885,0.8373031496062993,14735,11228,0.12475869543130017,0.0950655332407627,14107,8359
0.26,0.52,8510807.43025,48084084.511800006,77530.0,56672421.94205001,1267996.6179499924,0.835236220472441,15506,10457,0.13128661902665356,0.08853760964540928,14822,7644
0.26,0.54,8667830.31175,44554646.24296,81190.0,53303666.55471,4636752.005290002,0.8326525590551181,16238,9725,0.13748433637010193,0.08233989230196091,15484,6982
0.26,0.56,8863212.5095,41426054.80341,84680.0,50373947.312910005,7566471.247089997,0.830179625984252,16936,9027,0.14339418159650488,0.07643004707555796,16115,6351
0.26,0.5800000000000001,9071439.79675,38477034.18704,87780.0,47636253.98379,10304164.57621,0.8277066929133858,17556,8407,0.14864361431909778,0.07118061435296508,16668,5798
0.26,0.6,9216027.45625,35742943.721659996,90605.0,45049576.17791,12890842.382090002,0.8254552165354331,18121,7842,0.15342737155823483,0.06639685711382802,17172,5294
0.26,0.62,9351701.85025,33031791.17511,93500.0,42476993.02536,15463425.53464,0.8229822834645669,18700,7263,0.15832966437497883,0.061494564297084026,17684,4782
0.26,0.64,9519778.9675,30815217.2559,96135.0,40431131.2234,17509287.336600006,0.8204724409448819,19227,6736,0.16279168218918277,0.05703254648288007,18143,4323
0.26,0.66,9704202.979,28321623.72276,98815.0,38124641.70176,19815776.85824,0.8177411417322835,19763,6200,0.16732990144613405,0.05249432722592881,18605,3861
0.26,0.68,9837214.438,25784703.54603,101255.0,35723172.98403,22217245.57597,0.8156742125984251,20251,5712,0.17146171300843296,0.048362515663629896,19037,3429
0.26,0.7000000000000001,10087469.84125,23415934.232160002,103865.0,33607269.073410004,24333149.486589998,0.8126845472440944,20773,5190,0.17588139668777727,0.04394283198428557,19478,2988
0.26,0.7200000000000001,10323891.76825,21172727.21796,106245.0,31602863.98621,26337554.573790003,0.8093996062992125,21249,4714,0.17991160632641312,0.03991262234564975,19865,2601
0.26,0.74,10570879.84225,18999551.38948,108360.0,29678791.23173,28261627.328270003,0.8064837598425197,21672,4291,0.18349307413553698,0.03633115453652589,20209,2257
0.26,0.76,10836001.408750001,16948950.128919996,110585.0,27895536.537669998,30044882.022330005,0.8031249999999999,22117,3846,0.18726081213804316,0.03256341653401971,20563,1903
0.26,0.78,11111863.2895,15176481.621100001,112400.0,26400744.9106,31539673.649400003,0.8000246062992127,22480,3483,0.19033427032885156,0.0294899583432113,20842,1624
0.26,0.8,11343546.182500001,13577760.631899998,114320.0,25035626.8144,32904791.745600004,0.7967027559055119,22864,3099,0.1935855318860704,0.026238696785992482,21136,1330
0.26,0.8200000000000001,11584957.331500001,12266500.64005,115955.0,23967412.971550003,33973005.58845,0.793713090551181,23191,2772,0.19635418430588952,0.023470044366173334,21382,1084
0.26,0.8400000000000001,11879982.1855,10873081.412999999,117620.0,22870683.5985,35069734.961500004,0.7904281496062993,23524,2439,0.1991736376875402,0.02065059098452264,21626,840
0.26,0.86,12161777.70625,9528933.836679999,119215.0,21809926.54293,36130492.01707,0.7863681102362206,23843,2120,0.20187455549158398,0.017949673180478885,21835,631
0.26,0.88,12436509.69325,8742328.323679999,120415.0,21299253.01693,36641165.54307,0.7833415354330708,24083,1880,0.20390659396484573,0.01591763470721712,21993,473
0.26,0.9,12768957.215499999,8084418.52541,121610.0,20974985.74091,36965432.81909,0.7792814960629921,24322,1641,0.20593016561113556,0.013894063060927287,22122,344
0.26,0.92,12916064.70175,7509830.025319999,122605.0,20548499.727069996,37391918.832930006,0.7754798228346457,24521,1442,0.20761506417854844,0.01220916449351441,22218,248
0.26,0.9400000000000001,13184523.28825,7145607.55297,123630.0,20453760.84122,37486657.71878,0.7708292322834646,24726,1237,0.20935076370779288,0.01047346496426999,22297,169
0.26,0.9600000000000001,13465569.7165,7009070.995069998,124685.0,20599325.71157,37341092.84843001,0.7651082677165355,24937,1026,0.21113726419886883,0.008686964473194026,22353,113
0.26,0.98,13917431.26675,6920386.36895,126820.0,20964637.635700002,36975780.9243,0.7515625,25364,599,0.2147525993158804,0.005071629356182477,22413,53
0.28,0.28,7568948.585,109351370.85899998,0.0,116920319.44399998,-58979900.88399997,0.8496555118110236,0,24018,0.0,0.20335625021167067,0,20565
0.28,0.30000000000000004,7695890.64425,101830621.67793,8530.0,109535042.32218,-51594623.76218,0.8478100393700787,1706,22312,0.014444406814102346,0.18891184339756834,1656,18909
0.28,0.32,7894841.885,93962537.12831001,16560.0,101873939.01331002,-43933520.45331001,0.8453740157480315,3312,20706,0.028042130931012293,0.17531411928065838,3196,17369
0.28,0.34,8004795.25475,87060718.7507,23930.0,95089444.00545,-37149025.44544999,0.8436761811023622,4786,19232,0.040522233887628274,0.1628340163240424,4624,15941
0.28,0.36000000000000004,8126099.198,81107901.06121,30260.0,89264260.25921,-31323841.699210003,0.841941437007874,6052,17966,0.05124123683408406,0.15211501337758662,5843,14722
0.28,0.38,8200068.581,75737856.09089999,36080.0,83974004.67189999,-26033586.111899987,0.8405388779527558,7216,16802,0.0610966234294036,0.14225962678226708,6969,13596
0.28,0.4,8284414.010749999,70679310.99717,41600.0,79005325.00792,-21064906.447919995,0.8387672244094488,8320,15698,0.07044400040640769,0.13291224980526298,8025,12540
0.28,0.42000000000000004,8406241.84025,66615987.247180015,46475.0,75068704.08743002,-17128285.527430013,0.8369586614173229,9295,14723,0.0786991567040336,0.12465709350763708,8951,11614
0.28,0.44,8495885.20625,62274412.78772,51365.0,70821662.99397,-12881244.433970004,0.8349286417322835,10273,13745,0.08697971348257527,0.1163765367290954,9874,10691
0.28,0.46,8673871.0205,58238359.13109,55920.0,66968150.151590005,-9027731.591590002,0.8326033464566929,11184,12834,0.09469299285399804,0.10866325735767264,10722,9843
0.28,0.48000000000000004,8769815.74175,54830912.06654,59990.0,63660717.808290005,-5720299.248290002,0.8306102362204724,11998,12020,0.10158499000914417,0.1017712602025265,11482,9083
0.28,0.5,8909686.4165,51395146.12288,63950.0,60368782.53938,-2428363.9793799967,0.8281003937007875,12790,11228,0.10829071697090799,0.0950655332407627,12206,8359
0.28,0.52,9043705.4825,47513671.86540001,67805.0,56625182.34790001,1315236.2120999917,0.8260334645669292,13561,10457,0.11481864056626138,0.08853760964540928,12921,7644
0.28,0.54,9200728.364,43984233.59656,71465.0,53256426.96056,4683991.599440001,0.8234498031496063,14293,9725,0.12101635790970976,0.08233989230196091,13583,6982
0.28,0.56,9396110.56175,40855642.157010004,74955.0,50326707.718760006,7613710.841239996,0.8209768700787401,14991,9027,0.12692620313611272,0.07643004707555796,14214,6351
0.28,0.5800000000000001,9604337.849,37906621.54064,78055.0,47589014.389639996,10351404.170360006,0.818503937007874,15611,8407,0.1321756358587056,0.07118061435296508,14767,5798
0.28,0.6,9748925.508499999,35172531.07526,80880.0,45002336.58375999,12938081.97624001,0.8162524606299213,16176,7842,0.13695939309784266,0.06639685711382802,15271,5294
0.28,0.62,9884599.9025,32461378.52871,83775.0,42429753.43121,15510665.128790006,0.813779527559055,16755,7263,0.14186168591458664,0.061494564297084026,15783,4782
0.28,0.64,10052677.019749999,30244804.6095,86410.0,40383891.62925,17556526.930750005,0.81126968503937,17282,6736,0.1463237037287906,0.05703254648288007,16242,4323
0.28,0.66,10237101.03125,27751211.07636,89090.0,38077402.10761,19863016.45239,0.8085383858267716,17818,6200,0.15086192298574186,0.05249432722592881,16704,3861
0.28,0.68,10370112.490249999,25214290.89963,91530.0,35675933.38988,22264485.17012,0.8064714566929134,18306,5712,0.15499373454804077,0.048362515663629896,17136,3429
0.28,0.7000000000000001,10620367.8935,22845521.58576,94140.0,33560029.47926,24380389.080740005,0.8034817913385827,18828,5190,0.1594134182273851,0.04394283198428557,17577,2988
0.28,0.7200000000000001,10856789.8205,20602314.57156,96520.0,31555624.392059997,26384794.167940006,0.8001968503937008,19304,4714,0.16344362786602093,0.03991262234564975,17964,2601
0.28,0.74,11103777.8945,18429138.743079998,98635.0,29631551.63758,28308866.922420003,0.7972810039370077,19727,4291,0.16702509567514479,0.03633115453652589,18308,2257
0.28,0.76,11368899.461,16378537.48252,100860.0,27848296.94352,30092121.616480004,0.7939222440944882,20172,3846,0.17079283367765097,0.03256341653401971,18662,1903
0.28,0.78,11644761.34175,14606068.9747,102675.0,26353505.31645,31586913.243550003,0.7908218503937007,20535,3483,0.17386629186845937,0.0294899583432113,18941,1624
0.28,0.8,11876444.234749999,13007347.9855,104595.0,24988387.22025,32952031.339750003,0.7874999999999999,20919,3099,0.1771175534256782,0.026238696785992482,19235,1330
0.28,0.8200000000000001,12117855.38375,11696087.99365,106230.0,23920173.3774,34020245.18260001,0.7845103346456693,21246,2772,0.17988620584549733,0.023470044366173334,19481,1084
0.28,0.8400000000000001,12412880.237750001,10302668.766599998,107895.0,22823444.00435,35116974.55565,0.7812253937007874,21579,2439,0.18270565922714804,0.02065059098452264,19725,840
0.28,0.86,12694675.7585,8958521.19028,109490.0,21762686.94878,36177731.61122,0.7771653543307085,21898,2120,0.1854065770311918,0.017949673180478885,19934,631
0.28,0.88,12969407.7455,8171915.6772799995,110690.0,21252013.42278,36688405.13722,0.774138779527559,22138,1880,0.18743861550445354,0.01591763470721712,20092,473
0.28,0.9,13301855.26775,7514005.87901,111885.0,20927746.14676,37012672.41324,0.7700787401574803,22377,1641,0.1894621871507434,0.013894063060927287,20221,344
0.28,0.92,13448962.754,6939417.37892,112880.0,20501260.13292,37439158.427080005,0.7662770669291338,22576,1442,0.19114708571815625,0.01220916449351441,20317,248
0.28,0.9400000000000001,13717421.340499999,6575194.90657,113905.0,20406521.24707,37533897.31293,0.7616264763779528,22781,1237,0.19288278524740068,0.01047346496426999,20396,169
0.28,0.9600000000000001,13998467.768749999,6438658.348669999,114960.0,20552086.11742,37388332.44258,0.7559055118110236,22992,1026,0.19466928573847664,0.008686964473194026,20452,113
0.28,0.98,14450329.319,6349973.722549999,117095.0,20917398.04155,37023020.51845001,0.7423597440944881,23419,599,0.1982846208554882,0.005071629356182477,20512,53
0.30000000000000004,0.30000000000000004,8415228.98,101375942.3685,0.0,109791171.3485,-51850752.788499996,0.8373523622047244,0,22312,0.0,0.18891184339756834,0,18909
0.30000000000000004,0.32,8614180.22075,93507857.81888,8030.0,102130068.03963001,-44189649.47963001,0.8349163385826771,1606,20706,0.013597724116909947,0.17531411928065838,1540,17369
0.30000000000000004,0.34,8724133.5905,86606039.44127,15400.0,95345573.03176999,-37405154.47176999,0.8332185039370078,3080,19232,0.026077827073525926,0.1628340163240424,2968,15941
0.30000000000000004,0.36000000000000004,8845437.533750001,80653221.75178,21730.0,89520389.28553,-31579970.72553,0.8314837598425197,4346,17966,0.03679683001998171,0.15211501337758662,4187,14722
0.30000000000000004,0.38,8919406.91675,75283176.78146999,27550.0,84230133.69821998,-26289715.138219982,0.8300812007874016,5510,16802,0.04665221661530125,0.14225962678226708,5313,13596
0.30000000000000004,0.4,9003752.3465,70224631.68774,33070.0,79261454.03423999,-21321035.47423999,0.8283095472440944,6614,15698,0.05599959359230535,0.13291224980526298,6369,12540
0.30000000000000004,0.42000000000000004,9125580.176,66161307.93775001,37945.0,75324833.11375001,-17384414.55375001,0.8265009842519685,7589,14723,0.06425474988993125,0.12465709350763708,7295,11614
0.30000000000000004,0.44,9215223.542000001,61819733.47829001,42835.0,71077792.02029,-13137373.46029,0.8244709645669291,8567,13745,0.07253530666847292,0.1163765367290954,8218,10691
0.30000000000000004,0.46,9393209.356250001,57783679.82166,47390.0,67224279.17791,-9283860.617909998,0.8221456692913386,9478,12834,0.0802485860398957,0.10866325735767264,9066,9843
0.30000000000000004,0.48000000000000004,9489154.0775,54376232.75711,51460.0,63916846.83461,-5976428.274609998,0.8201525590551181,10292,12020,0.08714058319504182,0.1017712602025265,9826,9083
0.30000000000000004,0.5,9629024.75225,50940466.81345,55420.0,60624911.5657,-2684493.0056999996,0.8176427165354331,11084,11228,0.09384631015680564,0.0950655332407627,10550,8359
0.30000000000000004,0.52,9763043.81825,47058992.555970006,59275.0,56881311.374220006,1059107.1857799962,0.8155757874015748,11855,10457,0.10037423375215904,0.08853760964540928,11265,7644
0.30000000000000004,0.54,9920066.69975,43529554.28713,62935.0,53512555.98688,4427862.573120005,0.812992125984252,12587,9725,0.10657195109560741,0.08233989230196091,11927,6982
0.30000000000000004,0.56,10115448.8975,40400962.84758,66425.0,50582836.74508,7357581.814920001,0.8105191929133858,13285,9027,0.11248179632201036,0.07643004707555796,12558,6351
0.30000000000000004,0.5800000000000001,10323676.18475,37451942.23121,69525.0,47845143.41596,10095275.144040003,0.8080462598425197,13905,8407,0.11773122904460324,0.07118061435296508,13111,5798
0.30000000000000004,0.6,10468263.844250001,34717851.765829995,72350.0,45258465.61008,12681952.949920006,0.8057947834645669,14470,7842,0.1225149862837403,0.06639685711382802,13615,5294
0.30000000000000004,0.62,10603938.23825,32006699.21928,75245.0,42685882.45753,15254536.102470003,0.8033218503937007,15049,7263,0.1274172791004843,0.061494564297084026,14127,4782
0.30000000000000004,0.64,10772015.355500001,29790125.30007,77880.0,40640020.65557,17300397.904430002,0.8008120078740157,15576,6736,0.13187929691468825,0.05703254648288007,14586,4323
0.30000000000000004,0.66,10956439.367,27296531.76693,80560.0,38333531.13393,19606887.426070005,0.7980807086614173,16112,6200,0.13641751617163952,0.05249432722592881,15048,3861
0.30000000000000004,0.68,11089450.826000001,24759611.5902,83000.0,35932062.4162,22008356.143800005,0.796013779527559,16600,5712,0.14054932773393844,0.048362515663629896,15480,3429
0.30000000000000004,0.7000000000000001,11339706.229249999,22390842.27633,85610.0,33816158.50558,24124260.05442,0.7930241141732284,17122,5190,0.14496901141328275,0.04394283198428557,15921,2988
0.30000000000000004,0.7200000000000001,11576128.15625,20147635.26213,87990.0,31811753.41838,26128665.141620003,0.7897391732283464,17598,4714,0.1489992210519186,0.03991262234564975,16308,2601
0.30000000000000004,0.74,11823116.230250001,17974459.43365,90105.0,29887680.6639,28052737.896100003,0.7868233267716535,18021,4291,0.15258068886104242,0.03633115453652589,16652,2257
0.30000000000000004,0.76,12088237.79675,15923858.17309,92330.0,28104425.969839998,29835992.590160005,0.7834645669291339,18466,3846,0.1563484268635486,0.03256341653401971,17006,1903
0.30000000000000004,0.78,12364099.6775,14151389.66527,94145.0,26609634.342770003,31330784.21723,0.7803641732283464,18829,3483,0.15942188505435703,0.0294899583432113,17285,1624
0.30000000000000004,0.8,12595782.5705,12552668.676070001,96065.0,25244516.24657,32695902.313430004,0.7770423228346456,19213,3099,0.16267314661157584,0.026238696785992482,17579,1330
0.30000000000000004,0.8200000000000001,12837193.719500002,11241408.68422,97700.0,24176302.40372,33764116.15628,0.7740526574803149,19540,2772,0.165441799031395,0.023470044366173334,17825,1084
0.30000000000000004,0.8400000000000001,13132218.5735,9847989.457169998,99365.0,23079573.03067,34860845.52933,0.770767716535433,19873,2439,0.16826125241304568,0.02065059098452264,18069,840
0.30000000000000004,0.86,13414014.094250001,8503841.880849998,100960.0,22018815.9751,35921602.58490001,0.7667076771653543,20192,2120,0.17096217021708945,0.017949673180478885,18278,631
0.30000000000000004,0.88,13688746.08125,7717236.367849999,102160.0,21508142.4491,36432276.1109,0.7636811023622047,20432,1880,0.1729942086903512,0.01591763470721712,18436,473
0.30000000000000004,0.9,14021193.6035,7059326.56958,103355.0,21183875.173079997,36756543.386920005,0.759621062992126,20671,1641,0.17501778033664103,0.013894063060927287,18565,344
0.30000000000000004,0.92,14168301.08975,6484738.069490001,104350.0,20757389.15924,37183029.40076,0.7558193897637795,20870,1442,0.17670267890405392,0.01220916449351441,18661,248
0.30000000000000004,0.9400000000000001,14436759.67625,6120515.59714,105375.0,20662650.27339,37277768.28661001,0.7511687992125984,21075,1237,0.17843837843329835,0.01047346496426999,18740,169
0.30000000000000004,0.9600000000000001,14717806.1045,5983979.03924,106430.0,20808215.14374,37132203.416260004,0.7454478346456693,21286,1026,0.1802248789243743,0.008686964473194026,18796,113
0.30000000000000004,0.98,15169667.65475,5895294.413120001,108565.0,21173527.067870002,36766891.49213,0.7319020669291338,21713,599,0.18384021404138584,0.005071629356182477,18856,53
0.32,0.32,9741570.585,93029231.1455,0.0,102770801.73050001,-44830383.17050001,0.8211122047244095,0,20706,0.0,0.17531411928065838,0,17369
0.32,0.34,9851523.954750001,86127412.76788999,7370.0,95986306.72264,-38045888.16263999,0.8194143700787402,1474,19232,0.012480102956615979,0.1628340163240424,1428,15941
0.32,0.36000000000000004,9972827.898,80174595.0784,13700.0,90161122.9764,-32220704.4164,0.817679625984252,2740,17966,0.023199105903071764,0.15211501337758662,2647,14722
0.32,0.38,10046797.281000001,74804550.10808998,19520.0,84870867.38908999,-26930448.829089984,0.8162770669291338,3904,16802,0.033054492498391305,0.14225962678226708,3773,13596
0.32,0.4,10131142.71075,69746005.01436001,25040.0,79902187.72511001,-21961769.165110007,0.8145054133858268,5008,15698,0.0424018694753954,0.13291224980526298,4829,12540
0.32,0.42000000000000004,10252970.540250001,65682681.26437001,29915.0,75965566.80462001,-18025148.24462001,0.8126968503937009,5983,14723,0.0506570257730213,0.12465709350763708,5755,11614
0.32,0.44,10342613.90625,61341106.804910004,34805.0,71718525.71116,-13778107.151160002,0.8106668307086614,6961,13745,0.05893758255156298,0.1163765367290954,6678,10691
0.32,0.46,10520599.720500002,57305053.14828,39360.0,67865012.86878,-9924594.30878,0.8083415354330709,7872,12834,0.06665086192298574,0.10866325735767264,7526,9843
0.32,0.48000000000000004,10616544.441750001,53897606.08373,43430.0,64557580.52548,-6617161.96548,0.8063484251968503,8686,12020,0.07354285907813188,0.1017712602025265,8286,9083
0.32,0.5,10756415.116500001,50461840.14007,47390.0,61265645.25657,-3325226.696569994,0.8038385826771653,9478,11228,0.0802485860398957,0.0950655332407627,9010,8359
0.32,0.52,10890434.182500001,46580365.88259001,51245.0,57522045.065090016,418373.49490998685,0.8017716535433072,10249,10457,0.08677650963524909,0.08853760964540928,9725,7644
0.32,0.54,11047457.064000001,43050927.61375,54905.0,54153289.67775001,3787128.882249996,0.7991879921259842,10981,9725,0.09297422697869746,0.08233989230196091,10387,6982
0.32,0.56,11242839.261750001,39922336.1742,58395.0,51223570.435949996,6716848.124050006,0.7967150590551181,11679,9027,0.09888407220510041,0.07643004707555796,11018,6351
0.32,0.5800000000000001,11451066.549,36973315.55783,61495.0,48485877.10683,9454541.453170002,0.794242125984252,12299,8407,0.1041335049276933,0.07118061435296508,11571,5798
0.32,0.6,11595654.208500002,34239225.09245,64320.0,45899199.300950006,12041219.259049997,0.7919906496062993,12864,7842,0.10891726216683036,0.06639685711382802,12075,5294
0.32,0.62,11731328.602500001,31528072.545900002,67215.0,43326616.1484,14613802.411600001,0.789517716535433,13443,7263,0.11381955498357435,0.061494564297084026,12587,4782
0.32,0.64,11899405.719750002,29311498.62669,69850.0,41280754.34644,16659664.21356,0.787007874015748,13970,6736,0.1182815727977783,0.05703254648288007,13046,4323
0.32,0.66,12083829.731250001,26817905.09355,72530.0,38974264.8248,18966153.735200003,0.7842765748031496,14506,6200,0.12281979205472957,0.05249432722592881,13508,3861
0.32,0.68,12216841.190250002,24280984.91682,74970.0,36572796.10707,21367622.452930003,0.7822096456692914,14994,5712,0.12695160361702848,0.048362515663629896,13940,3429
0.32,0.7000000000000001,12467096.593500001,21912215.60295,77580.0,34456892.19645,23483526.36355,0.7792199803149606,15516,5190,0.13137128729637282,0.04394283198428557,14381,2988
0.32,0.7200000000000001,12703518.5205,19669008.588749997,79960.0,32452487.109249998,25487931.450750005,0.7759350393700787,15992,4714,0.13540149693500864,0.03991262234564975,14768,2601
0.32,0.74,12950506.5945,17495832.76027,82075.0,30528414.354769997,27412004.205230005,0.7730191929133858,16415,4291,0.1389829647441325,0.03633115453652589,15112,2257
0.32,0.76,13215628.161,15445231.49971,84300.0,28745159.66071,29195258.899290003,0.7696604330708661,16860,3846,0.14275070274663867,0.03256341653401971,15466,1903
0.32,0.78,13491490.04175,13672762.99189,86115.0,27250368.03364,30690050.52636,0.7665600393700788,17223,3483,0.14582416093744707,0.0294899583432113,15745,1624
0.32,0.8,13723172.93475,12074042.002689999,88035.0,25885249.93744,32055168.622560002,0.763238188976378,17607,3099,0.1490754224946659,0.026238696785992482,16039,1330
0.32,0.8200000000000001,13964584.083750002,10762782.010839999,89670.0,24817036.09459,33123382.46541,0.7602485236220472,17934,2772,0.15184407491448504,0.023470044366173334,16285,1084
0.32,0.8400000000000001,14259608.93775,9369362.78379,91335.0,23720306.72154,34220111.83846,0.7569635826771653,18267,2439,0.15466352829613575,0.02065059098452264,16529,840
0.32,0.86,14541404.458500002,8025215.20747,92930.0,22659549.66597,35280868.894030005,0.7529035433070866,18586,2120,0.1573644461001795,0.017949673180478885,16738,631
0.32,0.88,14816136.445500001,7238609.694469999,94130.0,22148876.13997,35791542.42003,0.749876968503937,18826,1880,0.15939648457344124,0.01591763470721712,16896,473
0.32,0.9,15148583.967750002,6580699.8962,95325.0,21824608.863950003,36115809.69605,0.7458169291338582,19065,1641,0.1614200562197311,0.013894063060927287,17025,344
0.32,0.92,15295691.454,6006111.39611,96320.0,21398122.85011,36542295.70989,0.7420152559055119,19264,1442,0.16310495478714396,0.01220916449351441,17121,248
0.32,0.9400000000000001,15564150.0405,5641888.92376,97345.0,21303383.96426,36637034.595740005,0.7373646653543307,19469,1237,0.1648406543163884,0.01047346496426999,17200,169
0.32,0.9600000000000001,15845196.46875,5505352.365859999,98400.0,21448948.83461,36491469.72539,0.7316437007874016,19680,1026,0.16662715480746434,0.008686964473194026,17256,113
0.32,0.98,16297058.019000001,5416667.73974,100535.0,21814260.75874,36126157.80126,0.7180979330708661,20107,599,0.1702424899244759,0.005071629356182477,17316,53
0.34,0.34,10474593.05,85708746.91399999,0.0,96183339.96399999,-38242921.403999984,0.8097933070866141,0,19232,0.0,0.1628340163240424,0,15941
0.34,0.36000000000000004,10595896.993250001,79755929.22451,6330.0,90358156.21776,-32417737.657759994,0.808058562992126,1266,17966,0.010719002946455787,0.15211501337758662,1219,14722
0.34,0.38,10669866.37625,74385884.25419998,12150.0,85067900.63044998,-27127482.070449978,0.8066560039370079,2430,16802,0.020574389541775324,0.14225962678226708,2345,13596
0.34,0.4,10754211.806,69327339.16047001,17670.0,80099220.96647,-22158802.40647,0.8048843503937009,3534,15698,0.02992176651877942,0.13291224980526298,3401,12540
0.34,0.42000000000000004,10876039.6355,65264015.410480015,22545.0,76162600.04598002,-18222181.48598002,0.8030757874015747,4509,14723,0.03817692281640533,0.12465709350763708,4327,11614
0.34,0.44,10965683.001500001,60922440.95102,27435.0,71915558.95252,-13975140.392519996,0.8010457677165354,5487,13745,0.046457479594947,0.1163765367290954,5250,10691
0.34,0.46,11143668.815750001,56886387.29439,31990.0,68062046.11014,-10121627.550139993,0.7987204724409449,6398,12834,0.05417075896636976,0.10866325735767264,6098,9843
0.34,0.48000000000000004,11239613.537,53478940.22984,36060.0,64754613.76684,-6814195.206840001,0.7967273622047244,7212,12020,0.0610627561215159,0.1017712602025265,6858,9083
0.34,0.5,11379484.21175,50043174.28618,40020.0,61462678.49793,-3522259.9379299954,0.7942175196850393,8004,11228,0.0677684830832797,0.0950655332407627,7582,8359
0.34,0.52,11513503.27775,46161700.02870001,43875.0,57719078.30645001,221340.25354999304,0.7921505905511812,8775,10457,0.07429640667863312,0.08853760964540928,8297,7644
0.34,0.54,11670526.15925,42632261.75986,47535.0,54350322.91911,3590095.6408900023,0.7895669291338583,9507,9725,0.08049412402208149,0.08233989230196091,8959,6982
0.34,0.56,11865908.357,39503670.320310004,51025.0,51420603.677310005,6519814.882689998,0.7870939960629921,10205,9027,0.08640396924848444,0.07643004707555796,9590,6351
0.34,0.5800000000000001,12074135.64425,36554649.703940004,54125.0,48682910.34819,9257508.21181,0.784621062992126,10825,8407,0.09165340197107733,0.07118061435296508,10143,5798
0.34,0.6,12218723.30375,33820559.23856,56950.0,46096232.54231,11844186.017690003,0.7823695866141732,11390,7842,0.09643715921021438,0.06639685711382802,10647,5294
0.34,0.62,12354397.69775,31109406.69201,59845.0,43523649.38976,14416769.17024,0.7798966535433071,11969,7263,0.10133945202695838,0.061494564297084026,11159,4782
0.34,0.64,12522474.815000001,28892832.7728,62480.0,41477787.587799996,16462630.972200006,0.7773868110236221,12496,6736,0.10580146984116233,0.05703254648288007,11618,4323
0.34,0.66,12706898.8265,26399239.23966,65160.0,39171298.06616,18769120.49384,0.7746555118110235,13032,6200,0.11033968909811359,0.05249432722592881,12080,3861
0.34,0.68,12839910.285500001,23862319.062930003,67600.0,36769829.34843001,21170589.211569995,0.7725885826771653,13520,5712,0.1144715006604125,0.048362515663629896,12512,3429
0.34,0.7000000000000001,13090165.68875,21493549.74906,70210.0,34653925.437810004,23286493.12219,0.7695989173228347,14042,5190,0.11889118433975683,0.04394283198428557,12953,2988
0.34,0.7200000000000001,13326587.61575,19250342.73486,72590.0,32649520.35061,25290898.209390003,0.7663139763779528,14518,4714,0.12292139397839266,0.03991262234564975,13340,2601
0.34,0.74,13573575.68975,17077166.906379998,74705.0,30725447.59613,27214970.963870004,0.7633981299212598,14941,4291,0.12650286178751652,0.03633115453652589,13684,2257
0.34,0.76,13838697.256250001,15026565.64582,76930.0,28942192.90207,28998225.65793,0.7600393700787402,15386,3846,0.1302705997900227,0.03256341653401971,14038,1903
0.34,0.78,14114559.137,13254097.138,78745.0,27447401.275,30493017.285000004,0.7569389763779527,15749,3483,0.1333440579808311,0.0294899583432113,14317,1624
0.34,0.8,14346242.03,11655376.148799999,80665.0,26082283.178799998,31858135.381200004,0.7536171259842519,16133,3099,0.13659531953804993,0.026238696785992482,14611,1330
0.34,0.8200000000000001,14587653.179000001,10344116.156949999,82300.0,25014069.335950002,32926349.22405,0.7506274606299213,16460,2772,0.13936397195786906,0.023470044366173334,14857,1084
0.34,0.8400000000000001,14882678.033,8950696.929899998,83965.0,23917339.962899998,34023078.597100005,0.7473425196850393,16793,2439,0.14218342533951975,0.02065059098452264,15101,840
0.34,0.86,15164473.55375,7606549.35358,85560.0,22856582.90733,35083835.65267,0.7432824803149606,17112,2120,0.14488434314356352,0.017949673180478885,15310,631
0.34,0.88,15439205.54075,6819943.84058,86760.0,22345909.38133,35594509.178670004,0.740255905511811,17352,1880,0.14691638161682527,0.01591763470721712,15468,473
0.34,0.9,15771653.063000001,6162034.0423099995,87955.0,22021642.10531,35918776.45469,0.7361958661417322,17591,1641,0.14893995326311513,0.013894063060927287,15597,344
0.34,0.92,15918760.54925,5587445.54222,88950.0,21595156.09147,36345262.46853,0.7323941929133858,17790,1442,0.15062485183052798,0.01220916449351441,15693,248
0.34,0.9400000000000001,16187219.13575,5223223.06987,89975.0,21500417.20562,36440001.354380004,0.7277436023622048,17995,1237,0.15236055135977242,0.01047346496426999,15772,169
0.34,0.9600000000000001,16468265.564000001,5086686.51197,91030.0,21645982.07597,36294436.48403,0.7220226377952756,18206,1026,0.15414705185084837,0.008686964473194026,15828,113
0.34,0.98,16920127.11425,4998001.88585,93165.0,22011294.0001,35929124.5599,0.7084768700787402,18633,599,0.15776238696785994,0.005071629356182477,15888,53
0.36000000000000004,0.36000000000000004,11283286.005,79394636.1805,0.0,90677922.1855,-32737503.625499994,0.7982283464566929,0,17966,0.0,0.15211501337758662,0,14722
0.36000000000000004,0.38,11357255.388,74024591.21018998,5820.0,85387666.59818998,-27447248.038189977,0.7968257874015748,1164,16802,0.009855386595319537,0.14225962678226708,1126,13596
0.36000000000000004,0.4,11441600.817750001,68966046.11646001,11340.0,80418986.93421002,-22478568.374210015,0.7950541338582677,2268,15698,0.019202763572323638,0.13291224980526298,2182,12540
0.36000000000000004,0.42000000000000004,11563428.64725,64902722.36647001,16215.0,76482366.01372,-18541947.453720003,0.7932455708661418,3243,14723,0.027457919869949537,0.12465709350763708,3108,11614
0.36000000000000004,0.44,11653072.01325,60561147.907010004,21105.0,72235324.92026001,-14294906.36026001,0.7912155511811023,4221,13745,0.03573847664849121,0.1163765367290954,4031,10691
0.36000000000000004,0.46,11831057.8275,56525094.25038,25660.0,68381812.07788,-10441393.517879993,0.7888902559055119,5132,12834,0.043451756019913974,0.10866325735767264,4879,9843
0.36000000000000004,0.48000000000000004,11927002.54875,53117647.18583,29730.0,65074379.734579995,-7133961.174579993,0.7868971456692913,5946,12020,0.05034375317506012,0.1017712602025265,5639,9083
0.36000000000000004,0.5,12066873.2235,49681881.24217,33690.0,61782444.46567,-3842025.9056699947,0.7843873031496063,6738,11228,0.05704948013682393,0.0950655332407627,6363,8359
0.36000000000000004,0.52,12200892.2895,45800406.98469001,37545.0,58038844.27419001,-98425.71419000626,0.782320374015748,7509,10457,0.06357740373217732,0.08853760964540928,7078,7644
0.36000000000000004,0.54,12357915.171,42270968.71585,41205.0,54670088.88685,3270329.673150003,0.7797367125984251,8241,9725,0.0697751210756257,0.08233989230196091,7740,6982
0.36000000000000004,0.56,12553297.36875,39142377.2763,44695.0,51740369.64505,6200048.914950006,0.7772637795275591,8939,9027,0.07568496630202866,0.07643004707555796,8371,6351
0.36000000000000004,0.5800000000000001,12761524.656000001,36193356.65993,47795.0,49002676.31593,8937742.244070001,0.7747908464566929,9559,8407,0.08093439902462153,0.07118061435296508,8924,5798
0.36000000000000004,0.6,12906112.3155,33459266.194549996,50620.0,46415998.51005,11524420.049950004,0.7725393700787402,10124,7842,0.08571815626375859,0.06639685711382802,9428,5294
0.36000000000000004,0.62,13041786.7095,30748113.648000002,53515.0,43843415.3575,14097003.2025,0.770066437007874,10703,7263,0.0906204490805026,0.061494564297084026,9940,4782
0.36000000000000004,0.64,13209863.826750001,28531539.72879,56150.0,41797553.55554,16142865.00446,0.7675565944881889,11230,6736,0.09508246689470654,0.05703254648288007,10399,4323
0.36000000000000004,0.66,13394287.83825,26037946.19565,58830.0,39491064.0339,18449354.526100002,0.7648252952755905,11766,6200,0.09962068615165781,0.05249432722592881,10861,3861
0.36000000000000004,0.68,13527299.29725,23501026.01892,61270.0,37089595.31617,20850823.243830003,0.7627583661417323,12254,5712,0.10375249771395671,0.048362515663629896,11293,3429
0.36000000000000004,0.7000000000000001,13777554.7005,21132256.70505,63880.0,34973691.40555,22966727.15445,0.7597687007874016,12776,5190,0.10817218139330105,0.04394283198428557,11734,2988
0.36000000000000004,0.7200000000000001,14013976.627500001,18889049.690849997,66260.0,32969286.31835,24971132.241650004,0.7564837598425197,13252,4714,0.11220239103193687,0.03991262234564975,12121,2601
0.36000000000000004,0.74,14260964.7015,16715873.86237,68375.0,31045213.563869998,26895204.996130005,0.7535679133858267,13675,4291,0.11578385884106072,0.03633115453652589,12465,2257
0.36000000000000004,0.76,14526086.268000001,14665272.601809999,70600.0,29261958.86981,28678459.690190002,0.7502091535433071,14120,3846,0.1195515968435669,0.03256341653401971,12819,1903
0.36000000000000004,0.78,14801948.14875,12892804.09399,72415.0,27767167.242739998,30173251.317260005,0.7471087598425197,14483,3483,0.12262505503437532,0.0294899583432113,13098,1624
0.36000000000000004,0.8,15033631.04175,11294083.104789998,74335.0,26402049.14654,31538369.41346,0.7437869094488189,14867,3099,0.12587631659159412,0.026238696785992482,13392,1330
0.36000000000000004,0.8200000000000001,15275042.190750001,9982823.112939999,75970.0,25333835.30369,32606583.25631,0.7407972440944882,15194,2772,0.12864496901141328,0.023470044366173334,13638,1084
0.36000000000000004,0.8400000000000001,15570067.044750001,8589403.88589,77635.0,24237105.93064,33703312.629360005,0.7375123031496063,15527,2439,0.13146442239306397,0.02065059098452264,13882,840
0.36000000000000004,0.86,15851862.5655,7245256.30957,79230.0,23176348.87507,34764069.684930004,0.7334522637795275,15846,2120,0.13416534019710774,0.017949673180478885,14091,631
0.36000000000000004,0.88,16126594.5525,6458650.796569999,80430.0,22665675.349069998,35274743.210930005,0.7304256889763779,16086,1880,0.1361973786703695,0.01591763470721712,14249,473
0.36000000000000004,0.9,16459042.074750002,5800740.998299999,81625.0,22341408.07305,35599010.48695,0.7263656496062991,16325,1641,0.13822095031665932,0.013894063060927287,14378,344
0.36000000000000004,0.92,16606149.561,5226152.49821,82620.0,21914922.059210002,36025496.50079,0.7225639763779528,16524,1442,0.1399058488840722,0.01220916449351441,14474,248
0.36000000000000004,0.9400000000000001,16874608.1475,4861930.02586,83645.0,21820183.17336,36120235.38664,0.7179133858267717,16729,1237,0.14164154841331664,0.01047346496426999,14553,169
0.36000000000000004,0.9600000000000001,17155654.57575,4725393.46796,84700.0,21965748.04371,35974670.51629,0.7121924212598425,16940,1026,0.1434280489043926,0.008686964473194026,14609,113
0.36000000000000004,0.98,17607516.126000002,4636708.84184,86835.0,22331059.96784,35609358.59216,0.698646653543307,17367,599,0.14704338402140413,0.005071629356182477,14669,53
0.38,0.38,11776415.225,73699071.74399999,0.0,85475486.96899998,-27535068.40899998,0.7888779527559056,0,16802,0.0,0.14225962678226708,0,13596
0.38,0.4,11860760.654749999,68640526.65027,5520.0,80506807.30502,-22566388.745020002,0.7871062992125984,1104,15698,0.009347376977004098,0.13291224980526298,1056,12540
0.38,0.42000000000000004,11982588.48425,64577202.90028001,10395.0,76570186.38453001,-18629767.824530005,0.7852977362204724,2079,14723,0.01760253327463,0.12465709350763708,1982,11614
0.38,0.44,12072231.85025,60235628.44082,15285.0,72323145.29107,-14382726.731069997,0.783267716535433,3057,13745,0.025883090053171673,0.1163765367290954,2905,10691
0.38,0.46,12250217.6645,56199574.78419,19840.0,68469632.44869,-10529213.888689995,0.7809424212598425,3968,12834,0.03359636942459444,0.10866325735767264,3753,9843
0.38,0.48000000000000004,12346162.38575,52792127.71964,23910.0,65162200.10539,-7221781.545389995,0.7789493110236221,4782,12020,0.04048836657974058,0.1017712602025265,4513,9083
0.38,0.5,12486033.0605,49356361.775979996,27870.0,61870264.83647999,-3929846.2764799893,0.776439468503937,5574,11228,0.04719409354150438,0.0950655332407627,5237,8359
0.38,0.52,12620052.1265,45474887.51850001,31725.0,58126664.64500001,-186246.08500000834,0.7743725393700788,6345,10457,0.05372201713685779,0.08853760964540928,5952,7644
0.38,0.54,12777075.008,41945449.24966,35385.0,54757909.25766,3182509.302340001,0.771788877952756,7077,9725,0.05991973448030616,0.08233989230196091,6614,6982
0.38,0.56,12972457.20575,38816857.81011,38875.0,51828190.015860006,6112228.544139996,0.7693159448818898,7775,9027,0.06582957970670911,0.07643004707555796,7245,6351
0.38,0.5800000000000001,13180684.493,35867837.19374,41975.0,49090496.68674,8849921.873259999,0.7668430118110235,8395,8407,0.071079012429302,0.07118061435296508,7798,5798
0.38,0.6,13325272.1525,33133746.728359997,44800.0,46503818.88086,11436599.679140002,0.7645915354330709,8960,7842,0.07586276966843905,0.06639685711382802,8302,5294
0.38,0.62,13460946.5465,30422594.18181,47695.0,43931235.72831,14009182.831690006,0.7621186023622047,9539,7263,0.08076506248518306,0.061494564297084026,8814,4782
0.38,0.64,13629023.66375,28206020.2626,50330.0,41885373.92635,16055044.633650005,0.7596087598425197,10066,6736,0.085227080299387,0.05703254648288007,9273,4323
0.38,0.66,13813447.67525,25712426.72946,53010.0,39578884.40471,18361534.15529,0.7568774606299212,10602,6200,0.08976529955633826,0.05249432722592881,9735,3861
0.38,0.68,13946459.13425,23175506.55273,55450.0,37177415.68698,20763002.87302,0.754810531496063,11090,5712,0.09389711111863717,0.048362515663629896,10167,3429
0.38,0.7000000000000001,14196714.5375,20806737.23886,58060.0,35061511.77636,22878906.783640005,0.7518208661417323,11612,5190,0.09831679479798151,0.04394283198428557,10608,2988
0.38,0.7200000000000001,14433136.464499999,18563530.224659998,60440.0,33057106.689159997,24883311.870840006,0.7485359251968504,12088,4714,0.10234700443661733,0.03991262234564975,10995,2601
0.38,0.74,14680124.5385,16390354.396179998,62555.0,31133033.93468,26807384.625320002,0.7456200787401575,12511,4291,0.10592847224574119,0.03633115453652589,11339,2257
0.38,0.76,14945246.105,14339753.135619998,64780.0,29349779.24062,28590639.319380004,0.7422613188976378,12956,3846,0.10969621024824737,0.03256341653401971,11693,1903
0.38,0.78,15221107.985749999,12567284.627799999,66595.0,27854987.61355,30085430.946450002,0.7391609251968504,13319,3483,0.11276966843905578,0.0294899583432113,11972,1624
0.38,0.8,15452790.87875,10968563.6386,68515.0,26489869.51735,31450549.042650003,0.7358390748031496,13703,3099,0.1160209299962746,0.026238696785992482,12266,1330
0.38,0.8200000000000001,15694202.02775,9657303.64675,70150.0,25421655.6745,32518762.885500003,0.7328494094488189,14030,2772,0.11878958241609375,0.023470044366173334,12512,1084
0.38,0.8400000000000001,15989226.881749999,8263884.419699999,71815.0,24324926.30145,33615492.25855,0.729564468503937,14363,2439,0.12160903579774444,0.02065059098452264,12756,840
0.38,0.86,16271022.4025,6919736.8433799995,73410.0,23264169.24588,34676249.31412,0.7255044291338583,14682,2120,0.12430995360178819,0.017949673180478885,12965,631
0.38,0.88,16545754.3895,6133131.330379998,74610.0,22753495.71988,35186922.84012,0.7224778543307085,14922,1880,0.12634199207504995,0.01591763470721712,13123,473
0.38,0.9,16878201.91175,5475221.532109998,75805.0,22429228.443859998,35511190.11614001,0.7184178149606298,15161,1641,0.12836556372133978,0.013894063060927287,13252,344
0.38,0.92,17025309.398,4900633.03202,76800.0,22002742.430019997,35937676.129980005,0.7146161417322834,15360,1442,0.13005046228875267,0.01220916449351441,13348,248
0.38,0.9400000000000001,17293767.9845,4536410.55967,77825.0,21908003.54417,36032415.01583,0.7099655511811024,15565,1237,0.1317861618179971,0.01047346496426999,13427,169
0.38,0.9600000000000001,17574814.41275,4399874.00177,78880.0,22053568.41452,35886850.14548001,0.7042445866141732,15776,1026,0.13357266230907305,0.008686964473194026,13483,113
0.38,0.98,18026675.963,4311189.37565,81015.0,22418880.33865,35521538.22135,0.6906988188976378,16203,599,0.1371879974260846,0.005071629356182477,13543,53
0.4,0.4,12338718.09,68333817.8145,0.0,80672535.90450001,-22732117.344500005,0.7770669291338582,0,15698,0.0,0.13291224980526298,0,12540
0.4,0.42000000000000004,12460545.9195,64270494.06451001,4875.0,76735914.98401001,-18795496.42401001,0.7752583661417323,975,14723,0.008255156297625901,0.12465709350763708,926,11614
0.4,0.44,12550189.2855,59928919.605050005,9765.0,72488873.89055,-14548455.33055,0.7732283464566929,1953,13745,0.016535713076167576,0.1163765367290954,1849,10691
0.4,0.46,12728175.09975,55892865.94842,14320.0,68635361.04817,-10694942.488169998,0.7709030511811024,2864,12834,0.02424899244759034,0.10866325735767264,2697,9843
0.4,0.48000000000000004,12824119.821,52485418.88387,18390.0,65327928.70487,-7387510.144869998,0.7689099409448819,3678,12020,0.03114098960273648,0.1017712602025265,3457,9083
0.4,0.5,12963990.49575,49049652.94021,22350.0,62035993.43596,-4095574.87596,0.7664000984251969,4470,11228,0.03784671656450029,0.0950655332407627,4181,8359
0.4,0.52,13098009.56175,45168178.682730004,26205.0,58292393.24448001,-351974.684480004,0.7643331692913385,5241,10457,0.04437464015985369,0.08853760964540928,4896,7644
0.4,0.54,13255032.44325,41638740.413890004,29865.0,54923637.857140005,3016780.7028599977,0.7617495078740157,5973,9725,0.050572357503302065,0.08233989230196091,5558,6982
0.4,0.56,13450414.640999999,38510148.97434,33355.0,51993918.615339994,5946499.944660008,0.7592765748031496,6671,9027,0.056482202729705014,0.07643004707555796,6189,6351
0.4,0.5800000000000001,13658641.92825,35561128.35797,36455.0,49256225.28622,8684193.273780003,0.7568036417322835,7291,8407,0.061731635452297894,0.07118061435296508,6742,5798
0.4,0.6,13803229.587749999,32827037.892589998,39280.0,46669547.48034,11270871.079660006,0.7545521653543307,7856,7842,0.06651539269143496,0.06639685711382802,7246,5294
0.4,0.62,13938903.98175,30115885.34604,42175.0,44096964.32779,13843454.232210003,0.7520792322834645,8435,7263,0.07141768550817895,0.061494564297084026,7758,4782
0.4,0.64,14106981.099,27899311.42683,44810.0,42051102.52583,15889316.034170002,0.7495693897637795,8962,6736,0.0758797033223829,0.05703254648288007,8217,4323
0.4,0.66,14291405.1105,25405717.893689997,47490.0,39744613.00419,18195805.555810004,0.7468380905511811,9498,6200,0.08041792257933417,0.05249432722592881,8679,3861
0.4,0.68,14424416.5695,22868797.71696,49930.0,37343144.28646,20597274.273540005,0.7447711614173228,9986,5712,0.08454973414163308,0.048362515663629896,9111,3429
0.4,0.7000000000000001,14674671.97275,20500028.40309,52540.0,35227240.37584,22713178.18416,0.7417814960629922,10508,5190,0.0889694178209774,0.04394283198428557,9552,2988
0.4,0.7200000000000001,14911093.89975,18256821.38889,54920.0,33222835.28864,24717583.271360002,0.7384965551181102,10984,4714,0.09299962745961324,0.03991262234564975,9939,2601
0.4,0.74,15158081.973749999,16083645.560409999,57035.0,31298762.534159996,26641656.025840007,0.7355807086614173,11407,4291,0.0965810952687371,0.03633115453652589,10283,2257
0.4,0.76,15423203.54025,14033044.299849998,59260.0,29515507.840099998,28424910.719900005,0.7322219488188977,11852,3846,0.10034883327124326,0.03256341653401971,10637,1903
0.4,0.78,15699065.421,12260575.79203,61075.0,28020716.21303,29919702.346970003,0.7291215551181102,12215,3483,0.10342229146205169,0.0294899583432113,10916,1624
0.4,0.8,15930748.314,10661854.80283,62995.0,26655598.11683,31284820.443170004,0.7257997047244094,12599,3099,0.10667355301927049,0.026238696785992482,11210,1330
0.4,0.8200000000000001,16172159.463,9350594.81098,64630.0,25587384.27398,32353034.286020003,0.7228100393700787,12926,2772,0.10944220543908964,0.023470044366173334,11456,1084
0.4,0.8400000000000001,16467184.317,7957175.58393,66295.0,24490654.90093,33449763.659070004,0.7195250984251967,13259,2439,0.11226165882074034,0.02065059098452264,11700,840
0.4,0.86,16748979.837749999,6613028.00761,67890.0,23429897.84536,34510520.71464001,0.715465059055118,13578,2120,0.1149625766247841,0.017949673180478885,11909,631
0.4,0.88,17023711.82475,5826422.49461,69090.0,22919224.31936,35021194.24064,0.7124384842519684,13818,1880,0.11699461509804586,0.01591763470721712,12067,473
0.4,0.9,17356159.347,5168512.69634,70285.0,22594957.043339998,35345461.516660005,0.7083784448818897,14057,1641,0.11901818674433569,0.013894063060927287,12196,344
0.4,0.92,17503266.83325,4593924.196249999,71280.0,22168471.0295,35771947.5305,0.7045767716535433,14256,1442,0.12070308531174857,0.01220916449351441,12292,248
0.4,0.9400000000000001,17771725.419749998,4229701.7239,72305.0,22073732.143649995,35866686.41635001,0.6999261811023622,14461,1237,0.12243878484099299,0.01047346496426999,12371,169
0.4,0.9600000000000001,18052771.847999997,4093165.1659999997,73360.0,22219297.014,35721121.546000004,0.6942052165354331,14672,1026,0.12422528533206896,0.008686964473194026,12427,113
0.4,0.98,18504633.39825,4004480.53988,75495.0,22584608.93813,35355809.62187,0.6806594488188976,15099,599,0.1278406204490805,0.005071629356182477,12487,53
0.42000000000000004,0.42000000000000004,13150903.620000001,64025318.50600001,0.0,77176222.12600002,-19235803.566000015,0.7650098425196851,0,14723,0.0,0.12465709350763708,0,11614
0.42000000000000004,0.44,13240546.986000001,59683744.04654,4890.0,72929181.03254,-14988762.472539991,0.7629798228346457,978,13745,0.008280556778541674,0.1163765367290954,923,10691
0.42000000000000004,0.46,13418532.800250001,55647690.38991,9445.0,69075668.19016,-11135249.630160004,0.7606545275590552,1889,12834,0.01599383614996444,0.10866325735767264,1771,9843
0.42000000000000004,0.48000000000000004,13514477.5215,52240243.32536,13515.0,65768235.84686,-7827817.286859997,0.7586614173228347,2703,12020,0.022885833305110577,0.1017712602025265,2531,9083
0.42000000000000004,0.5,13654348.196250001,48804477.3817,17475.0,62476300.57795,-4535882.017949998,0.7561515748031497,3495,11228,0.029591560266874387,0.0950655332407627,3255,8359
0.42000000000000004,0.52,13788367.26225,44923003.124220006,21330.0,58732700.386470005,-792281.8264700025,0.7540846456692913,4266,10457,0.03611948386222779,0.08853760964540928,3970,7644
0.42000000000000004,0.54,13945390.14375,41393564.85538,24990.0,55363944.999129996,2576473.5608700067,0.7515009842519684,4998,9725,0.04231720120567616,0.08233989230196091,4632,6982
0.42000000000000004,0.56,14140772.341500001,38264973.41583,28480.0,52434225.75733,5506192.802670002,0.7490280511811024,5696,9027,0.04822704643207911,0.07643004707555796,5263,6351
0.42000000000000004,0.5800000000000001,14348999.62875,35315952.79946,31580.0,49696532.428210005,8243886.131789997,0.7465551181102362,6316,8407,0.053476479154672,0.07118061435296508,5816,5798
0.42000000000000004,0.6,14493587.288250001,32581862.33408,34405.0,47109854.62233,10830563.93767,0.7443036417322835,6881,7842,0.058260236393809055,0.06639685711382802,6320,5294
0.42000000000000004,0.62,14629261.68225,29870709.78753,37300.0,44537271.46978,13403147.090220004,0.7418307086614173,7460,7263,0.06316252921055306,0.061494564297084026,6832,4782
0.42000000000000004,0.64,14797338.799500002,27654135.86832,39935.0,42491409.66782,15449008.892180003,0.7393208661417323,7987,6736,0.067624547024757,0.05703254648288007,7291,4323
0.42000000000000004,0.66,14981762.811,25160542.33518,42615.0,40184920.146180004,17755498.41382,0.7365895669291339,8523,6200,0.07216276628170827,0.05249432722592881,7753,3861
0.42000000000000004,0.68,15114774.270000001,22623622.15845,45055.0,37783451.42845,20156967.13155,0.7345226377952756,9011,5712,0.07629457784400719,0.048362515663629896,8185,3429
0.42000000000000004,0.7000000000000001,15365029.67325,20254852.844580002,47665.0,35667547.51783,22272871.042170003,0.7315329724409448,9533,5190,0.08071426152335151,0.04394283198428557,8626,2988
0.42000000000000004,0.7200000000000001,15601451.600250002,18011645.83038,50045.0,33663142.43063,24277276.129370004,0.728248031496063,10009,4714,0.08474447116198733,0.03991262234564975,9013,2601
0.42000000000000004,0.74,15848439.674250001,15838470.001899999,52160.0,31739069.67615,26201348.88385,0.72533218503937,10432,4291,0.08832593897111118,0.03633115453652589,9357,2257
0.42000000000000004,0.76,16113561.24075,13787868.74134,54385.0,29955814.98209,27984603.577910002,0.7219734251968504,10877,3846,0.09209367697361737,0.03256341653401971,9711,1903
0.42000000000000004,0.78,16389423.1215,12015400.23352,56200.0,28461023.35502,29479395.20498,0.718873031496063,11240,3483,0.09516713516442578,0.0294899583432113,9990,1624
0.42000000000000004,0.8,16621106.014500001,10416679.24432,58120.0,27095905.25882,30844513.30118,0.7155511811023622,11624,3099,0.0984183967216446,0.026238696785992482,10284,1330
0.42000000000000004,0.8200000000000001,16862517.1635,9105419.25247,59755.0,26027691.415969998,31912727.144030005,0.7125615157480315,11951,2772,0.10118704914146374,0.023470044366173334,10530,1084
0.42000000000000004,0.8400000000000001,17157542.017500002,7712000.025419999,61420.0,24930962.04292,33009456.51708,0.7092765748031497,12284,2439,0.10400650252311444,0.02065059098452264,10774,840
0.42000000000000004,0.86,17439337.53825,6367852.449099999,63015.0,23870204.98735,34070213.57265,0.7052165354330708,12603,2120,0.1067074203271582,0.017949673180478885,10983,631
0.42000000000000004,0.88,17714069.525250003,5581246.9361,64215.0,23359531.46135,34580887.09865,0.7021899606299212,12843,1880,0.10873945880041995,0.01591763470721712,11141,473
0.42000000000000004,0.9,18046517.0475,4923337.13783,65410.0,23035264.18533,34905154.37467,0.6981299212598425,13082,1641,0.11076303044670979,0.013894063060927287,11270,344
0.42000000000000004,0.92,18193624.53375,4348748.637739999,66405.0,22608778.17149,35331640.38851,0.6943282480314961,13281,1442,0.11244792901412266,0.01220916449351441,11366,248
0.42000000000000004,0.9400000000000001,18462083.12025,3984526.16539,67430.0,22514039.28564,35426379.27436,0.689677657480315,13486,1237,0.11418362854336708,0.01047346496426999,11445,169
0.42000000000000004,0.9600000000000001,18743129.5485,3847989.6074899994,68485.0,22659604.15599,35280814.40401,0.6839566929133858,13697,1026,0.11597012903444305,0.008686964473194026,11501,113
0.42000000000000004,0.98,19194991.098750003,3759304.9813699992,70620.0,23024916.08012,34915502.479880005,0.6704109251968503,14124,599,0.1195854641514546,0.005071629356182477,11561,53
0.44,0.44,13748526.06,59420761.847,0.0,73169287.907,-15228869.347000003,0.7514763779527559,0,13745,0.0,0.1163765367290954,0,10691
0.44,0.46,13926511.87425,55384708.19037,4555.0,69315775.06462,-11375356.50462,0.7491510826771653,911,12834,0.007713279371422766,0.10866325735767264,848,9843
0.44,0.48000000000000004,14022456.5955,51977261.12582,8625.0,66008342.72132,-8067924.161320001,0.7471579724409448,1725,12020,0.014605276526568903,0.1017712602025265,1608,9083
0.44,0.5,14162327.27025,48541495.18216,12585.0,62716407.45241,-4775988.892409995,0.7446481299212598,2517,11228,0.021311003488332713,0.0950655332407627,2332,8359
0.44,0.52,14296346.33625,44660020.92468001,16440.0,58972807.26093001,-1032388.7009300068,0.7425812007874015,3288,10457,0.027838927083686116,0.08853760964540928,3047,7644
0.44,0.54,14453369.21775,41130582.65584,20100.0,55604051.87359,2336366.6864100024,0.7399975393700787,4020,9725,0.034036644427134485,0.08233989230196091,3709,6982
0.44,0.56,14648751.4155,38001991.21629,23590.0,52674332.63179,5266085.928210005,0.7375246062992127,4718,9027,0.03994648965353744,0.07643004707555796,4340,6351
0.44,0.5800000000000001,14856978.702750001,35052970.59992,26690.0,49936639.30267,8003779.25733,0.7350516732283464,5338,8407,0.04519592237613032,0.07118061435296508,4893,5798
0.44,0.6,15001566.36225,32318880.13454,29515.0,47349961.49679,10590457.063210003,0.7328001968503937,5903,7842,0.049979679615267385,0.06639685711382802,5397,5294
0.44,0.62,15137240.75625,29607727.58799,32410.0,44777378.34424,13163040.21576,0.7303272637795276,6482,7263,0.05488197243201138,0.061494564297084026,5909,4782
0.44,0.64,15305317.8735,27391153.66878,35045.0,42731516.54228,15208902.017719999,0.7278174212598425,7009,6736,0.059343990246215325,0.05703254648288007,6368,4323
0.44,0.66,15489741.885,24897560.13564,37725.0,40425027.02064,17515391.53936,0.7250861220472441,7545,6200,0.06388220950316659,0.05249432722592881,6830,3861
0.44,0.68,15622753.344,22360639.958910003,40165.0,38023558.30291,19916860.257090002,0.7230191929133858,8033,5712,0.0680140210654655,0.048362515663629896,7262,3429
0.44,0.7000000000000001,15873008.74725,19991870.64504,42775.0,35907654.39229,22032764.16771,0.720029527559055,8555,5190,0.07243370474480984,0.04394283198428557,7703,2988
0.44,0.7200000000000001,16109430.674250001,17748663.63084,45155.0,33903249.30509,24037169.25491,0.7167445866141732,9031,4714,0.07646391438344566,0.03991262234564975,8090,2601
0.44,0.74,16356418.74825,15575487.802359998,47270.0,31979176.55061,25961242.009390004,0.7138287401574803,9454,4291,0.08004538219256951,0.03633115453652589,8434,2257
0.44,0.76,16621540.31475,13524886.5418,49495.0,30195921.85655,27744496.70345,0.7104699803149606,9899,3846,0.0838131201950757,0.03256341653401971,8788,1903
0.44,0.78,16897402.1955,11752418.03398,51310.0,28701130.229480002,29239288.33052,0.7073695866141733,10262,3483,0.08688657838588411,0.0294899583432113,9067,1624
0.44,0.8,17129085.0885,10153697.044780001,53230.0,27336012.13328,30604406.42672,0.7040477362204725,10646,3099,0.09013783994310293,0.026238696785992482,9361,1330
0.44,0.8200000000000001,17370496.2375,8842437.05293,54865.0,26267798.290430002,31672620.26957,0.7010580708661417,10973,2772,0.09290649236292207,0.023470044366173334,9607,1084
0.44,0.8400000000000001,17665521.0915,7449017.8258799985,56530.0,25171068.917379998,32769349.642620005,0.6977731299212598,11306,2439,0.09572594574457276,0.02065059098452264,9851,840
0.44,0.86,17947316.61225,6104870.249559999,58125.0,24110311.86181,33830106.69819,0.6937130905511811,11625,2120,0.09842686354861652,0.017949673180478885,10060,631
0.44,0.88,18222048.59925,5318264.73656,59325.0,23599638.33581,34340780.224190004,0.6906865157480314,11865,1880,0.10045890202187828,0.01591763470721712,10218,473
0.44,0.9,18554496.1215,4660354.93829,60520.0,23275371.05979,34665047.50021,0.6866264763779527,12104,1641,0.10248247366816812,0.013894063060927287,10347,344
0.44,0.92,18701603.60775,4085766.4382,61515.0,22848885.04595,35091533.51405001,0.6828248031496063,12303,1442,0.104167372235581,0.01220916449351441,10443,248
0.44,0.9400000000000001,18970062.19425,3721543.96585,62540.0,22754146.160099998,35186272.399900004,0.6781742125984251,12508,1237,0.10590307176482541,0.01047346496426999,10522,169
0.44,0.9600000000000001,19251108.622500002,3585007.4079499994,63595.0,22899711.03045,35040707.52955,0.6724532480314961,12719,1026,0.10768957225590138,0.008686964473194026,10578,113
0.44,0.98,19702970.17275,3496322.7818299998,65730.0,23265022.95458,34675395.60542,0.6589074803149606,13146,599,0.11130490737291293,0.005071629356182477,10638,53
0.46,0.46,14935098.155,55140078.3825,0.0,70075176.5375,-12134757.977499992,0.7359744094488189,0,12834,0.0,0.10866325735767264,0,9843
0.46,0.48000000000000004,15031042.876249999,51732631.31795,4070.0,66767744.1942,-8827325.6342,0.7339812992125985,814,12020,0.006891997155146138,0.1017712602025265,760,9083
0.46,0.5,15170913.550999999,48296865.37429,8030.0,63475808.925289996,-5535390.365289994,0.7314714566929134,1606,11228,0.013597724116909947,0.0950655332407627,1484,8359
0.46,0.52,15304932.616999999,44415391.11681001,11885.0,59732208.73381001,-1791790.1738100052,0.7294045275590552,2377,10457,0.020125647712263352,0.08853760964540928,2199,7644
0.46,0.54,15461955.498499999,40885952.84797,15545.0,56363453.34647,1576965.213530004,0.7268208661417324,3109,9725,0.02632336505571172,0.08233989230196091,2861,6982
0.46,0.56,15657337.69625,37757361.408420004,19035.0,53433734.10467,4506684.455329999,0.7243479330708661,3807,9027,0.03223321028211468,0.07643004707555796,3492,6351
0.46,0.5800000000000001,15865564.9835,34808340.792050004,22135.0,50696040.77555001,7244377.784449995,0.7218749999999999,4427,8407,0.03748264300470756,0.07118061435296508,4045,5798
0.46,0.6,16010152.643,32074250.32667,24960.0,48109362.96967,9831055.590330005,0.7196235236220473,4992,7842,0.042266400243844614,0.06639685711382802,4549,5294
0.46,0.62,16145827.036999999,29363097.78012,27855.0,45536779.81712,12403638.742880002,0.7171505905511811,5571,7263,0.047168693060588615,0.061494564297084026,5061,4782
0.46,0.64,16313904.15425,27146523.86091,30490.0,43490918.015159994,14449500.544840008,0.7146407480314961,6098,6736,0.05163071087479256,0.05703254648288007,5520,4323
0.46,0.66,16498328.165749999,24652930.32777,33170.0,41184428.49352,16755990.066480003,0.7119094488188976,6634,6200,0.05616893013174383,0.05249432722592881,5982,3861
0.46,0.68,16631339.62475,22116010.151040003,35610.0,38782959.775790006,19157458.784209996,0.7098425196850394,7122,5712,0.06030074169404274,0.048362515663629896,6414,3429
0.46,0.7000000000000001,16881595.028,19747240.83717,38220.0,36667055.86517,21273362.69483,0.7068528543307087,7644,5190,0.06472042537338707,0.04394283198428557,6855,2988
0.46,0.7200000000000001,17118016.955,17504033.82297,40600.0,34662650.77797,23277767.78203,0.7035679133858268,8120,4714,0.0687506350120229,0.03991262234564975,7242,2601
0.46,0.74,17365005.029,15330857.994489998,42715.0,32738578.023489997,25201840.536510006,0.7006520669291338,8543,4291,0.07233210282114674,0.03633115453652589,7586,2257
0.46,0.76,17630126.5955,13280256.73393,44940.0,30955323.32943,26985095.230570003,0.6972933070866142,8988,3846,0.07609984082365293,0.03256341653401971,7940,1903
0.46,0.78,17905988.47625,11507788.22611,46755.0,29460531.70236,28479886.857640002,0.6941929133858268,9351,3483,0.07917329901446134,0.0294899583432113,8219,1624
0.46,0.8,18137671.36925,9909067.23691,48675.0,28095413.60616,29845004.953840002,0.690871062992126,9735,3099,0.08242456057168016,0.026238696785992482,8513,1330
0.46,0.8200000000000001,18379082.51825,8597807.245059999,50310.0,27027199.76331,30913218.796690002,0.6878813976377953,10062,2772,0.0851932129914993,0.023470044366173334,8759,1084
0.46,0.8400000000000001,18674107.37225,7204388.018009999,51975.0,25930470.390259996,32009948.169740006,0.6845964566929134,10395,2439,0.08801266637315,0.02065059098452264,9003,840
0.46,0.86,18955902.893,5860240.44169,53570.0,24869713.334689997,33070705.225310005,0.6805364173228347,10714,2120,0.09071358417719376,0.017949673180478885,9212,631
0.46,0.88,19230634.88,5073634.9286899995,54770.0,24359039.808689997,33581378.751310006,0.6775098425196849,10954,1880,0.09274562265045551,0.01591763470721712,9370,473
0.46,0.9,19563082.40225,4415725.130419999,55965.0,24034772.53267,33905646.02733,0.6734498031496062,11193,1641,0.09476919429674535,0.013894063060927287,9499,344
0.46,0.92,19710189.888499998,3841136.63033,56960.0,23608286.518829998,34332132.04117,0.6696481299212598,11392,1442,0.09645409286415822,0.01220916449351441,9595,248
0.46,0.9400000000000001,19978648.474999998,3476914.1579799997,57985.0,23513547.632979997,34426870.927020006,0.6649975393700788,11597,1237,0.09818979239340264,0.01047346496426999,9674,169
0.46,0.9600000000000001,20259694.90325,3340377.60008,59040.0,23659112.50333,34281306.05667,0.6592765748031496,11808,1026,0.09997629288447861,0.008686964473194026,9730,113
0.46,0.98,20711556.4535,3251692.97396,61175.0,24024424.42746,33915994.13254,0.6457308070866141,12235,599,0.10359162800149016,0.005071629356182477,9790,53
0.48000000000000004,0.48000000000000004,15574729.63,51526777.25,0.0,67101506.88,-9161088.32,0.7226870078740157,0,12020,0.0,0.1017712602025265,0,9083
0.48000000000000004,0.5,15714600.304750001,48091011.30634,3960.0,63809571.611090004,-5869153.051090002,0.7201771653543307,792,11228,0.00670572696176381,0.0950655332407627,724,8359
0.48000000000000004,0.52,15848619.37075,44209537.048860006,7815.0,60065971.41961001,-2125552.859610006,0.7181102362204724,1563,10457,0.013233650557117215,0.08853760964540928,1439,7644
0.48000000000000004,0.54,16005642.25225,40680098.78002,11475.0,56697216.03227,1243202.527730003,0.7155265748031496,2295,9725,0.019431367900565585,0.08233989230196091,2101,6982
0.48000000000000004,0.56,16201024.450000001,37551507.34047,14965.0,53767496.790470004,4172921.7695299983,0.7130536417322835,2993,9027,0.025341213126968538,0.07643004707555796,2732,6351
0.48000000000000004,0.5800000000000001,16409251.73725,34602486.7241,18065.0,51029803.46135,6910615.098650001,0.7105807086614173,3613,8407,0.030590645849561417,0.07118061435296508,3285,5798
0.48000000000000004,0.6,16553839.396750001,31868396.25872,20890.0,48443125.65547,9497292.904530004,0.7083292322834646,4178,7842,0.03537440308869848,0.06639685711382802,3789,5294
0.48000000000000004,0.62,16689513.79075,29157243.71217,23785.0,45870542.50292,12069876.05708,0.7058562992125984,4757,7263,0.04027669590544248,0.061494564297084026,4301,4782
0.48000000000000004,0.64,16857590.908,26940669.79296,26420.0,43824680.700959995,14115737.859040007,0.7033464566929134,5284,6736,0.044738713719646425,0.05703254648288007,4760,4323
0.48000000000000004,0.66,17042014.9195,24447076.25982,29100.0,41518191.17932,16422227.380680002,0.700615157480315,5820,6200,0.04927693297659769,0.05249432722592881,5222,3861
0.48000000000000004,0.68,17175026.3785,21910156.08309,31540.0,39116722.46159,18823696.098410003,0.6985482283464567,6308,5712,0.0534087445388966,0.048362515663629896,5654,3429
0.48000000000000004,0.7000000000000001,17425281.78175,19541386.769220002,34150.0,37000818.55097,20939600.00903,0.695558562992126,6830,5190,0.05782842821824093,0.04394283198428557,6095,2988
0.48000000000000004,0.7200000000000001,17661703.708750002,17298179.75502,36530.0,34996413.46377,22944005.09623,0.6922736220472441,7306,4714,0.06185863785687676,0.03991262234564975,6482,2601
0.48000000000000004,0.74,17908691.78275,15125003.926539999,38645.0,33072340.709289998,24868077.850710005,0.6893577755905512,7729,4291,0.06544010566600061,0.03633115453652589,6826,2257
0.48000000000000004,0.76,18173813.34925,13074402.665979998,40870.0,31289086.01523,26651332.544770002,0.6859990157480316,8174,3846,0.0692078436685068,0.03256341653401971,7180,1903
0.48000000000000004,0.78,18449675.23,11301934.158160001,42685.0,29794294.38816,28146124.17184,0.6828986220472442,8537,3483,0.07228130185931521,0.0294899583432113,7459,1624
0.48000000000000004,0.8,18681358.123,9703213.16896,44605.0,28429176.29196,29511242.26804,0.6795767716535434,8921,3099,0.07553256341653403,0.026238696785992482,7753,1330
0.48000000000000004,0.8200000000000001,18922769.272,8391953.17711,46240.0,27360962.44911,30579456.11089,0.6765871062992125,9248,2772,0.07830121583635317,0.023470044366173334,7999,1084
0.48000000000000004,0.8400000000000001,19217794.126000002,6998533.950059999,47905.0,26264233.07606,31676185.48394,0.6733021653543307,9581,2439,0.08112066921800386,0.02065059098452264,8243,840
0.48000000000000004,0.86,19499589.64675,5654386.37374,49500.0,25203476.02049,32736942.539510004,0.669242125984252,9900,2120,0.08382158702204762,0.017949673180478885,8452,631
0.48000000000000004,0.88,19774321.63375,4867780.86074,50700.0,24692802.494489998,33247616.065510005,0.6662155511811023,10140,1880,0.08585362549530938,0.01591763470721712,8610,473
0.48000000000000004,0.9,20106769.156,4209871.06247,51895.0,24368535.21847,33571883.34153,0.6621555118110236,10379,1641,0.08787719714159921,0.013894063060927287,8739,344
0.48000000000000004,0.92,20253876.64225,3635282.56238,52890.0,23942049.204630002,33998369.35537,0.6583538385826773,10578,1442,0.0895620957090121,0.01220916449351441,8835,248
0.48000000000000004,0.9400000000000001,20522335.22875,3271060.09003,53915.0,23847310.31878,34093108.24122,0.6537032480314959,10783,1237,0.09129779523825651,0.01047346496426999,8914,169
0.48000000000000004,0.9600000000000001,20803381.657,3134523.5321299997,54970.0,23992875.18913,33947543.37087,0.6479822834645669,10994,1026,0.09308429572933248,0.008686964473194026,8970,113
0.48000000000000004,0.98,21255243.20725,3045838.9060099996,57105.0,24358187.113259997,33582231.44674,0.6344365157480315,11421,599,0.09669963084634402,0.005071629356182477,9030,53
0.5,0.5,16507200.795,47882798.161,0.0,64389998.956,-6449580.395999998,0.7059547244094488,0,11228,0.0,0.0950655332407627,0,8359
0.5,0.52,16641219.861,44001323.90352001,3855.0,60646398.76452001,-2705980.2045200095,0.7038877952755905,771,10457,0.006527923595353405,0.08853760964540928,715,7644
0.5,0.54,16798242.7425,40471885.63468,7515.0,57277643.37718,662775.1828199998,0.7013041338582677,1503,9725,0.012725640938801774,0.08233989230196091,1377,6982
0.5,0.56,16993624.940249998,37343294.19513,11005.0,54347924.13538,3592494.4246200025,0.6988312007874016,2201,9027,0.018635486165204728,0.07643004707555796,2008,6351
0.5,0.5800000000000001,17201852.2275,34394273.57876,14105.0,51610230.80626,6330187.753740005,0.6963582677165354,2821,8407,0.023884918887797608,0.07118061435296508,2561,5798
0.5,0.6,17346439.887,31660183.113379996,16930.0,49023553.000379995,8916865.559620008,0.6941067913385827,3386,7842,0.02866867612693467,0.06639685711382802,3065,5294
0.5,0.62,17482114.281,28949030.56683,19825.0,46450969.84783,11489448.712170005,0.6916338582677166,3965,7263,0.03357096894367867,0.061494564297084026,3577,4782
0.5,0.64,17650191.39825,26732456.64762,22460.0,44405108.04587,13535310.514130004,0.6891240157480315,4492,6736,0.038032986757882616,0.05703254648288007,4036,4323
0.5,0.66,17834615.40975,24238863.11448,25140.0,42098618.52423,15841800.035769999,0.6863927165354331,5028,6200,0.04257120601483388,0.05249432722592881,4498,3861
0.5,0.68,17967626.86875,21701942.93775,27580.0,39697149.8065,18243268.7535,0.6843257874015748,5516,5712,0.04670301757713279,0.048362515663629896,4930,3429
0.5,0.7000000000000001,18217882.272,19333173.62388,30190.0,37581245.89588,20359172.664120004,0.681336122047244,6038,5190,0.051122701256477124,0.04394283198428557,5371,2988
0.5,0.7200000000000001,18454304.199,17089966.60968,32570.0,35576840.80868,22363577.751320004,0.6780511811023622,6514,4714,0.05515291089511295,0.03991262234564975,5758,2601
0.5,0.74,18701292.273,14916790.7812,34685.0,33652768.05419999,24287650.50580001,0.6751353346456693,6937,4291,0.0587343787042368,0.03633115453652589,6102,2257
0.5,0.76,18966413.8395,12866189.520639999,36910.0,31869513.360139996,26070905.199860007,0.6717765748031496,7382,3846,0.06250211670674298,0.03256341653401971,6456,1903
0.5,0.78,19242275.72025,11093721.01282,38725.0,30374721.73307,27565696.82693,0.6686761811023622,7745,3483,0.06557557489755139,0.0294899583432113,6735,1624
0.5,0.8,19473958.61325,9495000.02362,40645.0,29009603.636869997,28930814.923130006,0.6653543307086615,8129,3099,0.06882683645477021,0.026238696785992482,7029,1330
0.5,0.8200000000000001,19715369.76225,8183740.03177,42280.0,27941389.794019997,29999028.765980005,0.6623646653543307,8456,2772,0.07159548887458936,0.023470044366173334,7275,1084
0.5,0.8400000000000001,20010394.61625,6790320.804719999,43945.0,26844660.42097,31095758.139030002,0.6590797244094488,8789,2439,0.07441494225624005,0.02065059098452264,7519,840
0.5,0.86,20292190.137000002,5446173.228399999,45540.0,25783903.3654,32156515.1946,0.65501968503937,9108,2120,0.07711586006028381,0.017949673180478885,7728,631
0.5,0.88,20566922.123999998,4659567.7154,46740.0,25273229.839399997,32667188.720600005,0.6519931102362204,9348,1880,0.07914789853354556,0.01591763470721712,7886,473
0.5,0.9,20899369.646250002,4001657.91713,47935.0,24948962.563380003,32991455.99662,0.6479330708661417,9587,1641,0.0811714701798354,0.013894063060927287,8015,344
0.5,0.92,21046477.1325,3427069.41704,48930.0,24522476.549540002,33417942.01046,0.6441313976377953,9786,1442,0.08285636874724828,0.01220916449351441,8111,248
0.5,0.9400000000000001,21314935.719,3062846.94469,49955.0,24427737.66369,33512680.89631,0.6394808070866141,9991,1237,0.0845920682764927,0.01047346496426999,8190,169
0.5,0.9600000000000001,21595982.14725,2926310.3867899994,51010.0,24573302.53404,33367116.025960002,0.633759842519685,10202,1026,0.08637856876756866,0.008686964473194026,8246,113
0.5,0.98,22047843.697499998,2837625.7606699998,53145.0,24938614.458169997,33001804.101830006,0.6202140748031496,10629,599,0.08999390388458021,0.005071629356182477,8306,53
0.52,0.52,17400661.235,43764523.41900001,0.0,61165184.65400001,-3224766.094000004,0.6921751968503937,0,10457,0.0,0.08853760964540928,0,7644
0.52,0.54,17557684.116499998,40235085.15016,3660.0,57796429.26666,143989.29334000498,0.6895915354330708,732,9725,0.006197717343448369,0.08233989230196091,662,6982
0.52,0.56,17753066.31425,37106493.71061,7150.0,54866710.02486,3073708.5351400003,0.6871186023622047,1430,9027,0.012107562569851323,0.07643004707555796,1293,6351
0.52,0.5800000000000001,17961293.6015,34157473.09424,10250.0,52129016.69574,5811401.864260003,0.6846456692913386,2050,8407,0.017356995292444204,0.07118061435296508,1846,5798
0.52,0.6,18105881.261,31423382.628859997,13075.0,49542338.88986,8398079.670140006,0.6823941929133859,2615,7842,0.022140752531581265,0.06639685711382802,2350,5294
0.52,0.62,18241555.655,28712230.082310002,15970.0,46969755.73731001,10970662.822689995,0.6799212598425196,3194,7263,0.027043045348325263,0.061494564297084026,2862,4782
0.52,0.64,18409632.77225,26495656.1631,18605.0,44923893.93535,13016524.624650002,0.6774114173228346,3721,6736,0.03150506316252921,0.05703254648288007,3321,4323
0.52,0.66,18594056.783749998,24002062.62996,21285.0,42617404.41371,15323014.146290004,0.6746801181102362,4257,6200,0.036043282419480474,0.05249432722592881,3783,3861
0.52,0.68,18727068.24275,21465142.45323,23725.0,40215935.69598,17724482.864020005,0.672613188976378,4745,5712,0.04017509398177939,0.048362515663629896,4215,3429
0.52,0.7000000000000001,18977323.645999998,19096373.13936,26335.0,38100031.78535999,19840386.77464001,0.6696235236220472,5267,5190,0.04459477766112372,0.04394283198428557,4656,2988
0.52,0.7200000000000001,19213745.573,16853166.12516,28715.0,36095626.69816,21844791.861840002,0.6663385826771654,5743,4714,0.048624987299759545,0.03991262234564975,5043,2601
0.52,0.74,19460733.647,14679990.296679998,30830.0,34171553.943679996,23768864.616320007,0.6634227362204724,6166,4291,0.052206455108883394,0.03633115453652589,5387,2257
0.52,0.76,19725855.2135,12629389.03612,33055.0,32388299.249619998,25552119.310380004,0.6600639763779528,6611,3846,0.05597419311138958,0.03256341653401971,5741,1903
0.52,0.78,20001717.09425,10856920.5283,34870.0,30893507.622550003,27046910.93745,0.6569635826771654,6974,3483,0.05904765130219799,0.0294899583432113,6020,1624
0.52,0.8,20233399.98725,9258199.539099999,36790.0,29528389.52635,28412029.033650003,0.6536417322834646,7358,3099,0.062298912859416807,0.026238696785992482,6314,1330
0.52,0.8200000000000001,20474811.13625,7946939.547249999,38425.0,28460175.6835,29480242.876500003,0.6506520669291339,7685,2772,0.06506756527923595,0.023470044366173334,6560,1084
0.52,0.8400000000000001,20769835.99025,6553520.3202,40090.0,27363446.31045,30576972.249550004,0.6473671259842518,8018,2439,0.06788701866088664,0.02065059098452264,6804,840
0.52,0.86,21051631.511,5209372.74388,41685.0,26302689.25488,31637729.305120002,0.6433070866141731,8337,2120,0.0705879364649304,0.017949673180478885,7013,631
0.52,0.88,21326363.498,4422767.23088,42885.0,25792015.72888,32148402.831120003,0.6402805118110236,8577,1880,0.07261997493819217,0.01591763470721712,7171,473
0.52,0.9,21658811.02025,3764857.43261,44080.0,25467748.45286,32472670.10714,0.6362204724409448,8816,1641,0.074643546584482,0.013894063060927287,7300,344
0.52,0.92,21805918.5065,3190268.93252,45075.0,25041262.439019997,32899156.120980006,0.6324187992125984,9015,1442,0.07632844515189488,0.01220916449351441,7396,248
0.52,0.9400000000000001,22074377.093,2826046.46017,46100.0,24946523.55317,32993895.006830003,0.6277682086614174,9220,1237,0.0780641446811393,0.01047346496426999,7475,169
0.52,0.9600000000000001,22355423.52125,2689509.9022699995,47155.0,25092088.42352,32848330.136480004,0.6220472440944882,9431,1026,0.07985064517221525,0.008686964473194026,7531,113
0.52,0.98,22807285.0715,2600825.27615,49290.0,25457400.34765,32483018.212350003,0.6085014763779527,9858,599,0.0834659802892268,0.005071629356182477,7591,53
0.54,0.54,18447480.445,40019943.133,0.0,58467423.578,-527005.0179999992,0.6749507874015748,0,9725,0.0,0.08233989230196091,0,6982
0.54,0.56,18642862.64275,36891351.693450004,3490.0,55537704.3362,2402714.2238000035,0.6724778543307086,698,9027,0.005909845226402953,0.07643004707555796,631,6351
0.54,0.5800000000000001,18851089.93,33942331.077080004,6590.0,52800011.00708,5140407.552919999,0.6700049212598426,1318,8407,0.011159277948995834,0.07118061435296508,1184,5798
0.54,0.6,18995677.5895,31208240.6117,9415.0,50213333.20119999,7727085.358800009,0.6677534448818898,1883,7842,0.015943035188132896,0.06639685711382802,1688,5294
0.54,0.62,19131351.9835,28497088.06515,12310.0,47640750.04865,10299668.511350006,0.6652805118110235,2462,7263,0.020845328004876894,0.061494564297084026,2200,4782
0.54,0.64,19299429.10075,26280514.145940002,14945.0,45594888.246690005,12345530.313309997,0.6627706692913385,2989,6736,0.02530734581908084,0.05703254648288007,2659,4323
0.54,0.66,19483853.11225,23786920.6128,17625.0,43288398.72505,14652019.83495,0.6600393700787401,3525,6200,0.029845565076032105,0.05249432722592881,3121,3861
0.54,0.68,19616864.57125,21250000.436070003,20065.0,40886930.00732,17053488.55268,0.6579724409448819,4013,5712,0.03397737663833102,0.048362515663629896,3553,3429
0.54,0.7000000000000001,19867119.9745,18881231.1222,22675.0,38771026.0967,19169392.463300005,0.6549827755905512,4535,5190,0.03839706031767535,0.04394283198428557,3994,2988
0.54,0.7200000000000001,20103541.9015,16638024.108,25055.0,36766621.0095,21173797.550500005,0.6516978346456693,5011,4714,0.04242726995631117,0.03991262234564975,4381,2601
0.54,0.74,20350529.9755,14464848.279519998,27170.0,34842548.25501999,23097870.30498001,0.6487819881889764,5434,4291,0.04600873776543503,0.03633115453652589,4725,2257
0.54,0.76,20615651.542,12414247.01896,29395.0,33059293.56096,24881124.999040004,0.6454232283464567,5879,3846,0.049776475767941204,0.03256341653401971,5079,1903
0.54,0.78,20891513.42275,10641778.51114,31210.0,31564501.93389,26375916.626110002,0.6423228346456693,6242,3483,0.052849933958749616,0.0294899583432113,5358,1624
0.54,0.8,21123196.31575,9043057.52194,33130.0,30199383.83769,27741034.722310003,0.6390009842519685,6626,3099,0.056101195515968434,0.026238696785992482,5652,1330
0.54,0.8200000000000001,21364607.46475,7731797.53009,34765.0,29131169.99484,28809248.565160003,0.6360113188976378,6953,2772,0.05886984793578758,0.023470044366173334,5898,1084
0.54,0.8400000000000001,21659632.31875,6338378.303039999,36430.0,28034440.62179,29905977.938210003,0.6327263779527559,7286,2439,0.06168930131743828,0.02065059098452264,6142,840
0.54,0.86,21941427.839500003,4994230.72672,38025.0,26973683.56622,30966734.993780002,0.6286663385826771,7605,2120,0.06439021912148203,0.017949673180478885,6351,631
0.54,0.88,22216159.8265,4207625.213719999,39225.0,26463010.04022,31477408.519780003,0.6256397637795276,7845,1880,0.0664222575947438,0.01591763470721712,6509,473
0.54,0.9,22548607.34875,3549715.41545,40420.0,26138742.7642,31801675.795800004,0.6215797244094488,8084,1641,0.06844582924103362,0.013894063060927287,6638,344
0.54,0.92,22695714.835,2975126.91536,41415.0,25712256.75036,32228161.80964,0.6177780511811023,8283,1442,0.07013072780844651,0.01220916449351441,6734,248
0.54,0.9400000000000001,22964173.4215,2610904.44301,42440.0,25617517.86451,32322900.695490003,0.6131274606299213,8488,1237,0.07186642733769093,0.01047346496426999,6813,169
0.54,0.9600000000000001,23245219.84975,2474367.8851099997,43495.0,25763082.73486,32177335.825140003,0.6074064960629921,8699,1026,0.0736529278287669,0.008686964473194026,6869,113
0.54,0.98,23697081.4,2385683.25899,45630.0,26128394.65899,31812023.901010003,0.5938607283464566,9126,599,0.07726826294577845,0.005071629356182477,6929,53
0.56,0.56,19750028.43,36701320.7505,0.0,56451349.1805,1489069.3795000017,0.6584645669291339,0,9027,0.0,0.07643004707555796,0,6351
0.56,0.5800000000000001,19958255.71725,33752300.13413,3100.0,53713655.851380005,4226762.708619997,0.6559916338582676,620,8407,0.005249432722592881,0.07118061435296508,553,5798
0.56,0.6,20102843.37675,31018209.66875,5925.0,51126978.045499995,6813440.514500007,0.653740157480315,1185,7842,0.010033189961729942,0.06639685711382802,1057,5294
0.56,0.62,20238517.77075,28307057.1222,8820.0,48554394.89295,9386023.667050004,0.6512672244094488,1764,7263,0.01493548277847394,0.061494564297084026,1569,4782
0.56,0.64,20406594.888,26090483.20299,11455.0,46508533.09099,11431885.469010003,0.6487573818897638,2291,6736,0.019397500592677887,0.05703254648288007,2028,4323
0.56,0.66,20591018.8995,23596889.66985,14135.0,44202043.569350004,13738374.990649998,0.6460260826771653,2827,6200,0.023935719849629153,0.05249432722592881,2490,3861
0.56,0.68,20724030.3585,21059969.49312,16575.0,41800574.85162,16139843.708379999,0.6439591535433071,3315,5712,0.028067531411928064,0.048362515663629896,2922,3429
0.56,0.7000000000000001,20974285.761749998,18691200.179250002,19185.0,39684670.941,18255747.619000003,0.6409694881889764,3837,5190,0.03248721509127239,0.04394283198428557,3363,2988
0.56,0.7200000000000001,21210707.68875,16447993.16505,21565.0,37680265.8538,20260152.706200004,0.6376845472440945,4313,4714,0.03651742472990822,0.03991262234564975,3750,2601
0.56,0.74,21457695.76275,14274817.336569998,23680.0,35756193.099319994,22184225.460680008,0.6347687007874016,4736,4291,0.04009889253903207,0.03633115453652589,4094,2257
0.56,0.76,21722817.32925,12224216.07601,25905.0,33972938.40526,23967480.154740006,0.6314099409448819,5181,3846,0.043866630541538255,0.03256341653401971,4448,1903
0.56,0.78,21998679.21,10451747.568190001,27720.0,32478146.77819,25462271.78181,0.6283095472440945,5544,3483,0.04694008873234667,0.0294899583432113,4727,1624
0.56,0.8,22230362.103,8853026.57899,29640.0,31113028.681989998,26827389.878010005,0.6249876968503937,5928,3099,0.050191350289565485,0.026238696785992482,5021,1330
0.56,0.8200000000000001,22471773.252,7541766.5871399995,31275.0,30044814.839139998,27895603.720860004,0.621998031496063,6255,2772,0.05296000270938463,0.023470044366173334,5267,1084
0.56,0.8400000000000001,22766798.106,6148347.360089999,32940.0,28948085.466089997,28992333.093910005,0.6187130905511811,6588,2439,0.05577945609103532,0.02065059098452264,5511,840
0.56,0.86,23048593.62675,4804199.78377,34535.0,27887328.41052,30053090.149480004,0.6146530511811024,6907,2120,0.05848037389507908,0.017949673180478885,5720,631
0.56,0.88,23323325.61375,4017594.27077,35735.0,27376654.884519998,30563763.675480004,0.6116264763779526,7147,1880,0.06051241236834084,0.01591763470721712,5878,473
0.56,0.9,23655773.136,3359684.4725,36930.0,27052387.6085,30888030.951500002,0.6075664370078739,7386,1641,0.06253598401463067,0.013894063060927287,6007,344
0.56,0.92,23802880.62225,2785095.97241,37925.0,26625901.59466,31314516.965340003,0.6037647637795275,7585,1442,0.06422088258204356,0.01220916449351441,6103,248
0.56,0.9400000000000001,24071339.208750002,2420873.5000599995,38950.0,26531162.70881,31409255.85119,0.5991141732283465,7790,1237,0.06595658211128798,0.01047346496426999,6182,169
0.56,0.9600000000000001,24352385.637,2284336.94216,40005.0,26676727.579159997,31263690.980840005,0.5933932086614173,8001,1026,0.06774308260236393,0.008686964473194026,6238,113
0.56,0.98,24804247.18725,2195652.31604,42140.0,27042039.503289998,30898379.056710005,0.5798474409448819,8428,599,0.07135841771937548,0.005071629356182477,6298,53
0.5800000000000001,0.5800000000000001,21138210.345,33572536.265,0.0,54710746.61,3229671.950000003,0.6419783464566929,0,8407,0.0,0.07118061435296508,0,5798
0.5800000000000001,0.6,21282798.004499998,30838445.79962,2825.0,52124068.80412,5816349.755880006,0.6397268700787402,565,7842,0.004783757239137061,0.06639685711382802,504,5294
0.5800000000000001,0.62,21418472.3985,28127293.25307,5720.0,49551485.65157,8388932.908430003,0.637253937007874,1144,7263,0.009686050055881058,0.061494564297084026,1016,4782
0.5800000000000001,0.64,21586549.51575,25910719.33386,8355.0,47505623.84961,10434794.710390002,0.6347440944881889,1671,6736,0.014148067870085008,0.05703254648288007,1475,4323
0.5800000000000001,0.66,21770973.52725,23417125.80072,11035.0,45199134.32797,12741284.232030004,0.6320127952755905,2207,6200,0.018686287127036273,0.05249432722592881,1937,3861
0.5800000000000001,0.68,21903984.98625,20880205.623990003,13475.0,42797665.61024,15142752.949760005,0.6299458661417323,2695,5712,0.022818098689335185,0.048362515663629896,2369,3429
0.5800000000000001,0.7000000000000001,22154240.3895,18511436.31012,16085.0,40681761.69962,17258656.86038,0.6269562007874016,3217,5190,0.027237782368679513,0.04394283198428557,2810,2988
0.5800000000000001,0.7200000000000001,22390662.3165,16268229.29592,18465.0,38677356.61242,19263061.947580002,0.6236712598425197,3693,4714,0.03126799200731534,0.03991262234564975,3197,2601
0.5800000000000001,0.74,22637650.390499998,14095053.467439998,20580.0,36753283.857939996,21187134.702060007,0.6207554133858267,4116,4291,0.03484945981643919,0.03633115453652589,3541,2257
0.5800000000000001,0.76,22902771.957,12044452.20688,22805.0,34970029.16388,22970389.396120004,0.6173966535433071,4561,3846,0.03861719781894537,0.03256341653401971,3895,1903
0.5800000000000001,0.78,23178633.83775,10271983.69906,24620.0,33475237.53681,24465181.023190003,0.6142962598425197,4924,3483,0.04169065600975379,0.0294899583432113,4174,1624
0.5800000000000001,0.8,23410316.73075,8673262.709859999,26540.0,32110119.44061,25830299.119390003,0.6109744094488189,5308,3099,0.0449419175669726,0.026238696785992482,4468,1330
0.5800000000000001,0.8200000000000001,23651727.87975,7362002.718009999,28175.0,31041905.59776,26898512.962240003,0.6079847440944882,5635,2772,0.04771056998679175,0.023470044366173334,4714,1084
0.5800000000000001,0.8400000000000001,23946752.733749997,5968583.490959999,29840.0,29945176.224709995,27995242.335290007,0.6046998031496063,5968,2439,0.050530023368442444,0.02065059098452264,4958,840
0.5800000000000001,0.86,24228548.254499998,4624435.91464,31435.0,28884419.169139996,29055999.390860006,0.6006397637795275,6287,2120,0.053230941172486196,0.017949673180478885,5167,631
0.5800000000000001,0.88,24503280.241499998,3837830.40164,32635.0,28373745.643139996,29566672.916860007,0.5976131889763779,6527,1880,0.05526297964574796,0.01591763470721712,5325,473
0.5800000000000001,0.9,24835727.763749998,3179920.6033699997,33830.0,28049478.367119998,29890940.192880005,0.5935531496062991,6766,1641,0.057286551292037795,0.013894063060927287,5454,344
0.5800000000000001,0.92,24982835.25,2605332.10328,34825.0,27622992.35328,30317426.206720002,0.5897514763779528,6965,1442,0.05897144985945067,0.01220916449351441,5550,248
0.5800000000000001,0.9400000000000001,25251293.836499996,2241109.6309299995,35850.0,27528253.467429996,30412165.092570007,0.5851008858267717,7170,1237,0.06070714938869509,0.01047346496426999,5629,169
0.5800000000000001,0.9600000000000001,25532340.26475,2104573.07303,36905.0,27673818.33778,30266600.222220004,0.5793799212598425,7381,1026,0.06249364987977106,0.008686964473194026,5685,113
0.5800000000000001,0.98,25984201.814999998,2015888.4469100002,39040.0,28039130.26191,29901288.298090003,0.5658341535433071,7808,599,0.06610898499678261,0.005071629356182477,5745,53
0.6,0.6,22102128.075,30671650.237999998,0.0,52773778.31299999,5166640.247000009,0.6269685039370079,0,7842,0.0,0.06639685711382802,0,5294
0.6,0.62,22237802.469,27960497.69145,2895.0,50201195.16045,7739223.399550006,0.6244955708661417,579,7263,0.004902292816743997,0.061494564297084026,512,4782
0.6,0.64,22405879.58625,25743923.77224,5530.0,48155333.358490005,9785085.201509997,0.6219857283464567,1106,6736,0.009364310630947946,0.05703254648288007,971,4323
0.6,0.66,22590303.59775,23250330.239099998,8210.0,45848843.83685,12091574.72315,0.6192544291338583,1642,6200,0.013902529887899211,0.05249432722592881,1433,3861
0.6,0.68,22723315.05675,20713410.062370002,10650.0,43447375.11912,14493043.44088,0.6171875,2130,5712,0.018034341450198124,0.048362515663629896,1865,3429
0.6,0.7000000000000001,22973570.46,18344640.7485,13260.0,41331471.2085,16608947.351500005,0.6141978346456692,2652,5190,0.022454025129542452,0.04394283198428557,2306,2988
0.6,0.7200000000000001,23209992.387,16101433.734299999,15640.0,39327066.1213,18613352.438700005,0.6109128937007874,3128,4714,0.026484234768178277,0.03991262234564975,2693,2601
0.6,0.74,23456980.461,13928257.905819999,17755.0,37402993.36682,20537425.193180002,0.6079970472440945,3551,4291,0.03006570257730213,0.03633115453652589,3037,2257
0.6,0.76,23722102.0275,11877656.645259999,19980.0,35619738.672759995,22320679.887240008,0.6046382874015748,3996,3846,0.03383344057980831,0.03256341653401971,3391,1903
0.6,0.78,23997963.90825,10105188.13744,21795.0,34124947.04569,23815471.514310002,0.6015378937007875,4359,3483,0.036906898770616724,0.0294899583432113,3670,1624
0.6,0.8,24229646.80125,8506467.14824,23715.0,32759828.94949,25180589.610510003,0.5982160433070867,4743,3099,0.04015816032783554,0.026238696785992482,3964,1330
0.6,0.8200000000000001,24471057.95025,7195207.15639,25350.0,31691615.10664,26248803.453360002,0.5952263779527559,5070,2772,0.04292681274765469,0.023470044366173334,4210,1084
0.6,0.8400000000000001,24766082.80425,5801787.929339999,27015.0,30594885.73359,27345532.826410003,0.591941437007874,5403,2439,0.04574626612930538,0.02065059098452264,4454,840
0.6,0.86,25047878.325,4457640.353019999,28610.0,29534128.67802,28406289.881980002,0.5878813976377953,5722,2120,0.04844718393334914,0.017949673180478885,4663,631
0.6,0.88,25322610.312,3671034.84002,29810.0,29023455.15202,28916963.407980002,0.5848548228346456,5962,1880,0.0504792224066109,0.01591763470721712,4821,473
0.6,0.9,25655057.83425,3013125.04175,31005.0,28699187.876,29241230.684000004,0.5807947834645669,6201,1641,0.05250279405290074,0.013894063060927287,4950,344
0.6,0.92,25802165.320499998,2438536.54166,32000.0,28272701.862159997,29667716.697840005,0.5769931102362204,6400,1442,0.05418769262031361,0.01220916449351441,5046,248
0.6,0.9400000000000001,26070623.906999998,2074314.0693099997,33025.0,28177962.976309996,29762455.583690006,0.5723425196850394,6605,1237,0.055923392149558035,0.01047346496426999,5125,169
0.6,0.9600000000000001,26351670.335249998,1937777.5114099996,34080.0,28323527.846659996,29616890.713340007,0.5666215551181102,6816,1026,0.057709892640633996,0.008686964473194026,5181,113
0.6,0.98,26803531.8855,1849092.88529,36215.0,28688839.77079,29251578.789210003,0.5530757874015747,7243,599,0.061325227757645547,0.005071629356182477,5241,53
0.62,0.62,23006624.035,27795288.8055,0.0,50801912.8405,7138505.719500005,0.6104822834645669,0,7263,0.0,0.061494564297084026,0,4782
0.62,0.64,23174701.15225,25578714.88629,2635.0,48756051.03854,9184367.521460004,0.6079724409448819,527,6736,0.004462017814203949,0.05703254648288007,459,4323
0.62,0.66,23359125.16375,23085121.35315,5315.0,46449561.5169,11490857.0431,0.6052411417322834,1063,6200,0.009000237071155213,0.05249432722592881,921,3861
0.62,0.68,23492136.62275,20548201.176420003,7755.0,44048092.79917,13892325.76083,0.6031742125984253,1551,5712,0.013132048633454126,0.048362515663629896,1353,3429
0.62,0.7000000000000001,23742392.026,18179431.86255,10365.0,41932188.88855,16008229.671450004,0.6001845472440945,2073,5190,0.017551732312798454,0.04394283198428557,1794,2988
0.62,0.7200000000000001,23978813.953,15936224.84835,12745.0,39927783.80135,18012634.758650005,0.5968996062992127,2549,4714,0.02158194195143428,0.03991262234564975,2181,2601
0.62,0.74,24225802.027,13763049.019869998,14860.0,38003711.04686999,19936707.51313001,0.5939837598425196,2972,4291,0.02516340976055813,0.03633115453652589,2525,2257
0.62,0.76,24490923.5935,11712447.75931,17085.0,36220456.352809995,21719962.207190007,0.5906250000000001,3417,3846,0.028931147763064314,0.03256341653401971,2879,1903
0.62,0.78,24766785.47425,9939979.25149,18900.0,34725664.72574,23214753.83426,0.5875246062992125,3780,3483,0.03200460595387273,0.0294899583432113,3158,1624
0.62,0.8,24998468.36725,8341258.26229,20820.0,33360546.62954,24579871.930460002,0.5842027559055117,4164,3099,0.03525586751109154,0.026238696785992482,3452,1330
0.62,0.8200000000000001,25239879.51625,7029998.270439999,22455.0,32292332.786689997,25648085.773310006,0.5812130905511812,4491,2772,0.03802451993091069,0.023470044366173334,3698,1084
0.62,0.8400000000000001,25534904.37025,5636579.043389999,24120.0,31195603.41364,26744815.146360002,0.5779281496062991,4824,2439,0.040843973312561385,0.02065059098452264,3942,840
0.62,0.86,25816699.891,4292431.46707,25715.0,30134846.35807,27805572.20193,0.5738681102362204,5143,2120,0.043544891116605144,0.017949673180478885,4151,631
0.62,0.88,26091431.878,3505825.95407,26915.0,29624172.83207,28316245.727930002,0.5708415354330709,5383,1880,0.0455769295898669,0.01591763470721712,4309,473
0.62,0.9,26423879.40025,2847916.1558,28110.0,29299905.55605,28640513.003950004,0.5667814960629921,5622,1641,0.047600501236156736,0.013894063060927287,4438,344
0.62,0.92,26570986.8865,2273327.6557099996,29105.0,28873419.54221,29066999.01779,0.5629798228346456,5821,1442,0.049285399803569614,0.01220916449351441,4534,248
0.62,0.9400000000000001,26839445.473,1909105.1833599997,30130.0,28778680.65636,29161737.903640002,0.5583292322834646,6026,1237,0.051021099332814034,0.01047346496426999,4613,169
0.62,0.9600000000000001,27120491.90125,1772568.6254599998,31185.0,28924245.52671,29016173.033290002,0.5526082677165355,6237,1026,0.05280759982389,0.008686964473194026,4669,113
0.62,0.98,27572353.4515,1683883.99934,33320.0,29289557.45084,28650861.109160002,0.5390625,6664,599,0.056422934940901545,0.005071629356182477,4729,53
0.64,0.64,24127138.15,25444262.934,0.0,49571401.084,8369017.4760000035,0.59375,0,6736,0.0,0.05703254648288007,0,4323
0.64,0.66,24311562.1615,22950669.40086,2680.0,47264911.56236,10675506.997639999,0.5910187007874016,536,6200,0.0045382192569512645,0.05249432722592881,462,3861
0.64,0.68,24444573.6205,20413749.22413,5120.0,44863442.84463,13076975.71537,0.5889517716535433,1024,5712,0.008670030819250179,0.048362515663629896,894,3429
0.64,0.7000000000000001,24694829.02375,18044979.91026,7730.0,42747538.93401,15192879.625990003,0.5859621062992125,1546,5190,0.013089714498594507,0.04394283198428557,1335,2988
0.64,0.7200000000000001,24931250.950749997,15801772.89606,10110.0,40743133.84681,17197284.713190004,0.5826771653543307,2022,4714,0.017119924137230333,0.03991262234564975,1722,2601
0.64,0.74,25178239.024749998,13628597.067579998,12225.0,38819061.092329994,19121357.46767001,0.5797613188976378,2445,4291,0.020701391946354186,0.03633115453652589,2066,2257
0.64,0.76,25443360.59125,11577995.80702,14450.0,37035806.398269996,20904612.161730006,0.5764025590551181,2890,3846,0.024469129948860364,0.03256341653401971,2420,1903
0.64,0.78,25719222.472,9805527.2992,16265.0,35541014.7712,22399403.7888,0.5733021653543308,3253,3483,0.027542588139668776,0.0294899583432113,2699,1624
0.64,0.8,25950905.365,8206806.31,18185.0,34175896.675,23764521.885000005,0.56998031496063,3637,3099,0.030793849696887594,0.026238696785992482,2993,1330
0.64,0.8200000000000001,26192316.514,6895546.31815,19820.0,33107682.832149997,24832735.727850005,0.5669906496062992,3964,2772,0.03356250211670674,0.023470044366173334,3239,1084
0.64,0.8400000000000001,26487341.367999997,5502127.091099999,21485.0,32010953.459099997,25929465.100900006,0.5637057086614173,4297,2439,0.03638195549835743,0.02065059098452264,3483,840
0.64,0.86,26769136.888749998,4157979.51478,23080.0,30950196.403529998,26990222.156470004,0.5596456692913386,4616,2120,0.03908287330240119,0.017949673180478885,3692,631
0.64,0.88,27043868.875749998,3371374.0017799996,24280.0,30439522.877529997,27500895.682470005,0.5566190944881889,4856,1880,0.041114911775662955,0.01591763470721712,3850,473
0.64,0.9,27376316.398,2713464.2035099994,25475.0,30115255.601509996,27825162.958490007,0.5525590551181102,5095,1641,0.04313848342195279,0.013894063060927287,3979,344
0.64,0.92,27523423.88425,2138875.70342,26470.0,29688769.58767,28251648.972330004,0.5487573818897636,5294,1442,0.04482338198936567,0.01220916449351441,4075,248
0.64,0.9400000000000001,27791882.470749997,1774653.2310699997,27495.0,29594030.701819997,28346387.858180005,0.5441067913385826,5499,1237,0.04655908151861009,0.01047346496426999,4154,169
0.64,0.9600000000000001,28072928.898999996,1638116.6731699998,28550.0,29739595.572169997,28200822.987830006,0.5383858267716536,5710,1026,0.04834558200968605,0.008686964473194026,4210,113
0.64,0.98,28524790.449249998,1549432.0470500002,30685.0,30104907.496299997,27835511.063700005,0.5248400590551181,6137,599,0.0519609171266976,0.005071629356182477,4270,53
0.66,0.66,25356631.560000002,22798581.303,0.0,48155212.863000005,9785205.696999997,0.5755413385826772,0,6200,0.0,0.05249432722592881,0,3861
0.66,0.68,25489643.019,20261661.12627,2440.0,45753744.145270005,12186674.414729998,0.5734744094488189,488,5712,0.004131811562298913,0.048362515663629896,432,3429
0.66,0.7000000000000001,25739898.422250003,17892891.812400002,5050.0,43637840.23465,14302578.325350001,0.5704847440944881,1010,5190,0.008551495241643241,0.04394283198428557,873,2988
0.66,0.7200000000000001,25976320.349250004,15649684.7982,7430.0,41633435.14745,16306983.412550002,0.5671998031496063,1486,4714,0.012581704880279066,0.03991262234564975,1260,2601
0.66,0.74,26223308.42325,13476508.969719999,9545.0,39709362.392969996,18231056.167030007,0.5642839566929134,1909,4291,0.01616317268940292,0.03633115453652589,1604,2257
0.66,0.76,26488429.98975,11425907.709159998,11770.0,37926107.69891,20014310.861090004,0.5609251968503937,2354,3846,0.0199309106919091,0.03256341653401971,1958,1903
0.66,0.78,26764291.870500002,9653439.201340001,13585.0,36431316.07184,21509102.48816,0.5578248031496063,2717,3483,0.023004368882717514,0.0294899583432113,2237,1624
0.66,0.8,26995974.7635,8054718.2121399995,15505.0,35066197.97564,22874220.584360003,0.5545029527559056,3101,3099,0.02625563043993633,0.026238696785992482,2531,1330
0.66,0.8200000000000001,27237385.9125,6743458.22029,17140.0,33997984.13279,23942434.427210003,0.5515132874015748,3428,2772,0.029024282859755477,0.023470044366173334,2777,1084
0.66,0.8400000000000001,27532410.766500004,5350038.993239999,18805.0,32901254.759740002,25039163.80026,0.5482283464566929,3761,2439,0.03184373624140617,0.02065059098452264,3021,840
0.66,0.86,27814206.28725,4005891.4169199998,20400.0,31840497.70417,26099920.855830003,0.5441683070866141,4080,2120,0.03454465404544993,0.017949673180478885,3230,631
0.66,0.88,28088938.27425,3219285.90392,21600.0,31329824.17817,26610594.381830003,0.5411417322834645,4320,1880,0.036576692518711686,0.01591763470721712,3388,473
0.66,0.9,28421385.7965,2561376.10565,22795.0,31005556.90215,26934861.65785,0.5370816929133858,4559,1641,0.03860026416500152,0.013894063060927287,3517,344
0.66,0.92,28568493.282750003,1986787.60556,23790.0,30579070.888310004,27361347.67169,0.5332800196850394,4758,1442,0.0402851627324144,0.01220916449351441,3613,248
0.66,0.9400000000000001,28836951.869250003,1622565.1332099997,24815.0,30484332.002460003,27456086.55754,0.5286294291338582,4963,1237,0.04202086226165882,0.01047346496426999,3692,169
0.66,0.9600000000000001,29117998.297500003,1486028.57531,25870.0,30629896.872810002,27310521.68719,0.5229084645669291,5174,1026,0.04380736275273479,0.008686964473194026,3748,113
0.66,0.98,29569859.84775,1397343.9491900003,28005.0,30995208.796940003,26945209.76306,0.5093626968503937,5601,599,0.04742269786974634,0.005071629356182477,3808,53
0.68,0.68,26243374.619999997,20106347.9235,0.0,46349722.5435,11590696.016500004,0.561761811023622,0,5712,0.0,0.048362515663629896,0,3429
0.68,0.7000000000000001,26493630.02325,17737578.60963,2610.0,44233818.63288,13706599.92712,0.5587721456692913,522,5190,0.004419683679344329,0.04394283198428557,441,2988
0.68,0.7200000000000001,26730051.950249996,15494371.59543,4990.0,42229413.545679994,15711005.014320008,0.5554872047244095,998,4714,0.008449893317980154,0.03991262234564975,828,2601
0.68,0.74,26977040.024249997,13321195.766949998,7105.0,40305340.7912,17635077.768800005,0.5525713582677165,1421,4291,0.012031361127104007,0.03633115453652589,1172,2257
0.68,0.76,27242161.590749998,11270594.50639,9330.0,38522086.09714,19418332.462860003,0.5492125984251969,1866,3846,0.015799099129610188,0.03256341653401971,1526,1903
0.68,0.78,27518023.471499998,9498125.99857,11145.0,37027294.47007,20913124.089930005,0.5461122047244095,2229,3483,0.0188725573204186,0.0294899583432113,1805,1624
0.68,0.8,27749706.364499997,7899405.00937,13065.0,35662176.37387,22278242.186130002,0.5427903543307087,2613,3099,0.022123818877637418,0.026238696785992482,2099,1330
0.68,0.8200000000000001,27991117.513499998,6588145.017519999,14700.0,34593962.53102,23346456.02898,0.539800688976378,2940,2772,0.024892471297456566,0.023470044366173334,2345,1084
0.68,0.8400000000000001,28286142.367499996,5194725.790469999,16365.0,33497233.157969996,24443185.402030006,0.536515748031496,3273,2439,0.02771192467910726,0.02065059098452264,2589,840
0.68,0.86,28567937.888249997,3850578.2141499994,17960.0,32436476.102399997,25503942.457600005,0.5324557086614173,3592,2120,0.030412842483151015,0.017949673180478885,2798,631
0.68,0.88,28842669.875249997,3063972.70115,19160.0,31925802.576399997,26014615.983600006,0.5294291338582677,3832,1880,0.03244488095641278,0.01591763470721712,2956,473
0.68,0.9,29175117.397499997,2406062.90288,20355.0,31601535.30038,26338883.259620003,0.5253690944881889,4071,1641,0.034468452602702614,0.013894063060927287,3085,344
0.68,0.92,29322224.88375,1831474.40279,21350.0,31175049.286539998,26765369.273460004,0.5215674212598426,4270,1442,0.036153351170115484,0.01220916449351441,3181,248
0.68,0.9400000000000001,29590683.470249996,1467251.9304399998,22375.0,31080310.400689997,26860108.159310006,0.5169168307086615,4475,1237,0.03788905069935991,0.01047346496426999,3260,169
0.68,0.9600000000000001,29871729.898499995,1330715.37254,23430.0,31225875.271039996,26714543.288960006,0.5111958661417323,4686,1026,0.03967555119043587,0.008686964473194026,3316,113
0.68,0.98,30323591.448749997,1242030.74642,25565.0,31591187.195169996,26349231.364830006,0.49765009842519686,5113,599,0.04329088630744742,0.005071629356182477,3376,53
0.7000000000000001,0.7000000000000001,27911743.974999998,17593136.313,0.0,45504880.288,12435538.272,0.5418307086614174,0,5190,0.0,0.04394283198428557,0,2988
0.7000000000000001,0.7200000000000001,28148165.902,15349929.298799999,2380.0,43500475.2008,14439943.3592,0.5385457677165355,476,4714,0.004030209638635825,0.03991262234564975,387,2601
0.7000000000000001,0.74,28395153.975999996,13176753.47032,4495.0,41576402.44632,16364016.113680005,0.5356299212598425,899,4291,0.007611677447759677,0.03633115453652589,731,2257
0.7000000000000001,0.76,28660275.542499997,11126152.209759999,6720.0,39793147.75226,18147270.807740003,0.5322711614173229,1344,3846,0.011379415450265858,0.03256341653401971,1085,1903
0.7000000000000001,0.78,28936137.423249997,9353683.70194,8535.0,38298356.12519,19642062.434810005,0.5291707677165355,1707,3483,0.014452873641074272,0.0294899583432113,1364,1624
0.7000000000000001,0.8,29167820.316249996,7754962.712739999,10455.0,36933238.02898999,21007180.53101001,0.5258489173228347,2091,3099,0.017704135198293086,0.026238696785992482,1658,1330
0.7000000000000001,0.8200000000000001,29409231.465249997,6443702.7208899995,12090.0,35865024.18613999,22075394.37386001,0.5228592519685039,2418,2772,0.020472787618112238,0.023470044366173334,1904,1084
0.7000000000000001,0.8400000000000001,29704256.31925,5050283.49384,13755.0,34768294.81309,23172123.746910006,0.5195743110236221,2751,2439,0.023292240999762927,0.02065059098452264,2148,840
0.7000000000000001,0.86,29986051.839999996,3706135.9175199997,15350.0,33707537.75752,24232880.802480005,0.5155142716535434,3070,2120,0.025993158803806687,0.017949673180478885,2357,631
0.7000000000000001,0.88,30260783.827,2919530.40452,16550.0,33196864.23152,24743554.32848,0.5124876968503937,3310,1880,0.028025197277068446,0.01591763470721712,2515,473
0.7000000000000001,0.9,30593231.349249996,2261620.6062499997,17745.0,32872596.955499995,25067821.604500007,0.5084276574803149,3549,1641,0.030048768923358282,0.013894063060927287,2644,344
0.7000000000000001,0.92,30740338.8355,1687032.10616,18740.0,32446110.94166,25494307.618340004,0.5046259842519686,3748,1442,0.03173366749077116,0.01220916449351441,2740,248
0.7000000000000001,0.9400000000000001,31008797.422,1322809.63381,19765.0,32351372.055809997,25589046.504190005,0.4999753937007874,3953,1237,0.03346936702001558,0.01047346496426999,2819,169
0.7000000000000001,0.9600000000000001,31289843.85025,1186273.0759100001,20820.0,32496936.92616,25443481.633840002,0.49425442913385825,4164,1026,0.03525586751109154,0.008686964473194026,2875,113
0.7000000000000001,0.98,31741705.4005,1097588.4497900002,22955.0,32862248.85029,25078169.709710002,0.4807086614173228,4591,599,0.03887120262810309,0.005071629356182477,2935,53
0.7200000000000001,0.7200000000000001,29487890.155,15212674.383,0.0,44700564.538,13239854.022,0.5199311023622047,0,4714,0.0,0.03991262234564975,0,2601
0.7200000000000001,0.74,29734878.229000002,13039498.554519998,2115.0,42776491.78352,15163926.776480004,0.5170152559055118,423,4291,0.0035814678091238526,0.03633115453652589,344,2257
0.7200000000000001,0.76,29999999.795500003,10988897.29396,4340.0,40993237.08946,16947181.470540002,0.5136564960629921,868,3846,0.007349205811630033,0.03256341653401971,698,1903
0.7200000000000001,0.78,30275861.67625,9216428.78614,6155.0,39498445.46239,18441973.097610004,0.5105561023622047,1231,3483,0.010422664002438447,0.0294899583432113,977,1624
0.7200000000000001,0.8,30507544.569250003,7617707.79694,8075.0,38133327.36619,19807091.19381,0.5072342519685039,1615,3099,0.013673925559657263,0.026238696785992482,1271,1330
0.7200000000000001,0.8200000000000001,30748955.718250003,6306447.80509,9710.0,37065113.52334,20875305.03666,0.5042445866141733,1942,2772,0.016442577979476413,0.023470044366173334,1517,1084
0.7200000000000001,0.8400000000000001,31043980.57225,4913028.578039999,11375.0,35968384.15029,21972034.409710005,0.5009596456692914,2275,2439,0.019262031361127103,0.02065059098452264,1761,840
0.7200000000000001,0.86,31325776.093000002,3568881.00172,12970.0,34907627.094720006,23032791.465279996,0.49689960629921265,2594,2120,0.021962949165170862,0.017949673180478885,1970,631
0.7200000000000001,0.88,31600508.080000002,2782275.48872,14170.0,34396953.56872,23543464.991280004,0.493873031496063,2834,1880,0.02399498763843262,0.01591763470721712,2128,473
0.7200000000000001,0.9,31932955.602250002,2124365.69045,15365.0,34072686.2927,23867732.267300002,0.4898129921259842,3073,1641,0.026018559284722458,0.013894063060927287,2257,344
0.7200000000000001,0.92,32080063.0885,1549777.19036,16360.0,33646200.27886,24294218.28114,0.4860113188976378,3272,1442,0.027703457852135335,0.01220916449351441,2353,248
0.7200000000000001,0.9400000000000001,32348521.675,1185554.71801,17385.0,33551461.39301,24388957.16699,0.4813607283464567,3477,1237,0.029439157381379755,0.01047346496426999,2432,169
0.7200000000000001,0.9600000000000001,32629568.10325,1049018.1601099998,18440.0,33697026.26336,24243392.29664,0.47563976377952755,3688,1026,0.03122565787245572,0.008686964473194026,2488,113
0.7200000000000001,0.98,33081429.653500002,960333.53399,20575.0,34062338.18749,23878080.37251,0.4620939960629921,4115,599,0.034840992989467266,0.005071629356182477,2548,53
0.74,0.74,31134477.315,12906054.990999999,0.0,44040532.306,13899886.254,0.500492125984252,0,4291,0.0,0.03633115453652589,0,2257
0.74,0.76,31399598.881500002,10855453.730439998,2225.0,42257277.61194,15683140.948060006,0.49713336614173226,445,3846,0.0037677380025061807,0.03256341653401971,354,1903
0.74,0.78,31675460.762250002,9082985.222620001,4040.0,40762485.98487,17177932.57513,0.4940329724409449,808,3483,0.006841196193314593,0.0294899583432113,633,1624
0.74,0.8,31907143.65525,7484264.2334199995,5960.0,39397367.88867,18543050.671330005,0.4907111220472441,1192,3099,0.01009245775053341,0.026238696785992482,927,1330
0.74,0.8200000000000001,32148554.804250002,6173004.24157,7595.0,38329154.04582,19611264.514180005,0.4877214566929134,1519,2772,0.012861110170352559,0.023470044366173334,1173,1084
0.74,0.8400000000000001,32443579.65825,4779585.014519999,9260.0,37232424.67277,20707993.88723,0.4844365157480315,1852,2439,0.01568056355200325,0.02065059098452264,1417,840
0.74,0.86,32725375.179,3435437.4381999997,10855.0,36171667.6172,21768750.9428,0.4803764763779528,2171,2120,0.01838148135604701,0.017949673180478885,1626,631
0.74,0.88,33000107.166,2648831.9252000004,12055.0,35660994.0912,22279424.4688,0.4773499015748031,2411,1880,0.02041351982930877,0.01591763470721712,1784,473
0.74,0.9,33332554.68825,1990922.1269299998,13250.0,35336726.81518,22603691.74482,0.47328986220472435,2650,1641,0.022437091475598605,0.013894063060927287,1913,344
0.74,0.92,33479662.1745,1416333.62684,14245.0,34910240.80134,23030177.758660004,0.46948818897637795,2849,1442,0.024121990043011483,0.01220916449351441,2009,248
0.74,0.9400000000000001,33748120.761,1052111.15449,15270.0,34815501.91549,23124916.64451,0.46483759842519684,3054,1237,0.025857689572255902,0.01047346496426999,2088,169
0.74,0.9600000000000001,34029167.18925,915574.5965899999,16325.0,34961066.78584,22979351.774160005,0.4591166338582677,3265,1026,0.027644190063331867,0.008686964473194026,2144,113
0.74,0.98,34481028.7395,826889.97047,18460.0,35326378.70997,22614039.850030005,0.44557086614173225,3692,599,0.03125952518034342,0.005071629356182477,2204,53
0.76,0.76,32901954.424999997,10729987.266999999,0.0,43631941.691999994,14308476.868000008,0.4781003937007874,0,3846,0.0,0.03256341653401971,0,1903
0.76,0.78,33177816.305749997,8957518.75918,1815.0,42137150.06493,15803268.495070003,0.47500000000000003,363,3483,0.0030734581908084127,0.0294899583432113,279,1624
0.76,0.8,33409499.198749997,7358797.769979999,3735.0,40772031.968729995,17168386.591270007,0.4716781496062992,747,3099,0.006324719748027229,0.026238696785992482,573,1330
0.76,0.8200000000000001,33650910.34774999,6047537.7781299995,5370.0,39703818.125879996,18236600.434120007,0.4686884842519685,1074,2772,0.009093372167846378,0.023470044366173334,819,1084
0.76,0.8400000000000001,33945935.201749995,4654118.55108,7035.0,38607088.75283,19333329.807170004,0.4654035433070866,1407,2439,0.011912825549497071,0.02065059098452264,1063,840
0.76,0.86,34227730.7225,3309970.9747599997,8630.0,37546331.69725999,20394086.86274001,0.4613435039370079,1726,2120,0.014613743353540827,0.017949673180478885,1272,631
0.76,0.88,34502462.7095,2523365.4617600003,9830.0,37035658.17126,20904760.388740003,0.45831692913385824,1966,1880,0.016645781826802587,0.01591763470721712,1430,473
0.76,0.9,34834910.23175,1865455.6634899997,11025.0,36711390.895239994,21229027.66476001,0.4542568897637795,2205,1641,0.018669353473092423,0.013894063060927287,1559,344
0.76,0.92,34982017.717999995,1290867.1634,12020.0,36284904.8814,21655513.678600006,0.4504552165354331,2404,1442,0.0203542520405053,0.01220916449351441,1655,248
0.76,0.9400000000000001,35250476.3045,926644.69105,13045.0,36190165.99555,21750252.564450003,0.44580462598425197,2609,1237,0.02208995156974972,0.01047346496426999,1734,169
0.76,0.9600000000000001,35531522.73275,790108.1331499999,14100.0,36335730.865899995,21604687.694100007,0.44008366141732286,2820,1026,0.023876452060825684,0.008686964473194026,1790,113
0.76,0.98,35983384.283,701423.50703,16235.0,36701042.79003,21239375.76997,0.42653789370078743,3247,599,0.027491787177837235,0.005071629356182477,1850,53
0.78,0.78,34741033.629999995,8848656.514,0.0,43589690.143999994,14350728.416000009,0.45743110236220474,0,3483,0.0,0.0294899583432113,0,1624
0.78,0.8,34972716.522999994,7249935.5248,1920.0,42224572.0478,15715846.512200005,0.45410925196850394,384,3099,0.0032512615572188167,0.026238696785992482,294,1330
0.78,0.8200000000000001,35214127.672,5938675.53295,3555.0,41156358.20495,16784060.355050005,0.45111958661417323,711,2772,0.006019913977037965,0.023470044366173334,540,1084
0.78,0.8400000000000001,35509152.52599999,4545256.305899999,5220.0,40059628.83189999,17880789.72810001,0.4478346456692913,1044,2439,0.008839367358688658,0.02065059098452264,784,840
0.78,0.86,35790948.046749994,3201108.7295799996,6815.0,38998871.776329994,18941546.78367001,0.4437746062992126,1363,2120,0.011540285162732415,0.017949673180478885,993,631
0.78,0.88,36065680.03375,2414503.2165800002,8015.0,38488198.25033,19452220.30967,0.440748031496063,1603,1880,0.013572323635994175,0.01591763470721712,1151,473
0.78,0.9,36398127.555999994,1756593.4183099999,9210.0,38163930.974309996,19776487.585690007,0.43668799212598425,1842,1641,0.01559589528228401,0.013894063060927287,1280,344
0.78,0.92,36545235.04224999,1182004.91822,10205.0,37737444.96046999,20202973.59953001,0.4328863188976378,2041,1442,0.01728079384969689,0.01220916449351441,1376,248
0.78,0.9400000000000001,36813693.62875,817782.4458699999,11230.0,37642706.07461999,20297712.48538001,0.4282357283464567,2246,1237,0.019016493378941308,0.01047346496426999,1455,169
0.78,0.9600000000000001,37094740.057,681245.8879699999,12285.0,37788270.94497,20152147.615030006,0.4225147637795275,2457,1026,0.020802993870017272,0.008686964473194026,1511,113
0.78,0.98,37546601.60725,592561.26185,14420.0,38153582.8691,19786835.690900005,0.40896899606299214,2884,599,0.02441832898702882,0.005071629356182477,1571,53
0.8,0.8,36285586.25,7152393.334,0.0,43437979.584,14502438.976000004,0.43528543307086615,0,3099,0.0,0.026238696785992482,0,1330
0.8,0.8200000000000001,36526997.399,5841133.34215,1635.0,42369765.74115,15570652.818850003,0.4322957677165354,327,2772,0.0027686524198191485,0.023470044366173334,246,1084
0.8,0.8400000000000001,36822022.253,4447714.115099999,3300.0,41273036.368099995,16667382.191900007,0.42901082677165353,660,2439,0.005588105801469841,0.02065059098452264,490,840
0.8,0.86,37103817.77375,3103566.5387799996,4895.0,40212279.312529996,17728139.247470006,0.4249507874015748,979,2120,0.008289023605513597,0.017949673180478885,699,631
0.8,0.88,37378549.76075,2316961.0257800003,6095.0,39701605.78653,18238812.77347,0.4219242125984252,1219,1880,0.010321062078775358,0.01591763470721712,857,473
0.8,0.9,37710997.283,1659051.2275099999,7290.0,39377338.51051,18563080.049490005,0.41786417322834646,1458,1641,0.012344633725065194,0.013894063060927287,986,344
0.8,0.92,37858104.76925,1084462.72742,8285.0,38950852.49667,18989566.063330002,0.4140625,1657,1442,0.01402953229247807,0.01220916449351441,1082,248
0.8,0.9400000000000001,38126563.35575,720240.25507,9310.0,38856113.61082,19084304.94918,0.4094119094488189,1862,1237,0.01576523182172249,0.01047346496426999,1161,169
0.8,0.9600000000000001,38407609.784,583703.6971699999,10365.0,39001678.48117,18938740.078830004,0.4036909448818897,2073,1026,0.017551732312798454,0.008686964473194026,1217,113
0.8,0.98,38859471.33425,495019.07105,12500.0,39366990.405300006,18573428.154699996,0.3901451771653543,2500,599,0.021167067429810005,0.005071629356182477,1277,53
0.8200000000000001,0.8200000000000001,37894993.910000004,5761204.4065,0.0,43656198.3165,14284220.243500002,0.4153543307086614,0,2772,0.0,0.023470044366173334,0,1084
0.8200000000000001,0.8400000000000001,38190018.764000006,4367785.17945,1665.0,42559468.943450004,15380949.616549999,0.41206938976377955,333,2439,0.002819453381650693,0.02065059098452264,244,840
0.8200000000000001,0.86,38471814.28475001,3023637.6031299997,3260.0,41498711.887880005,16441706.672119997,0.4080093503937008,652,2120,0.005520371185694449,0.017949673180478885,453,631
0.8200000000000001,0.88,38746546.27175,2237032.09013,4460.0,40988038.361880004,16952380.198119998,0.4049827755905512,892,1880,0.007552409658956209,0.01591763470721712,611,473
0.8200000000000001,0.9,39078993.79400001,1579122.2918599998,5655.0,40663771.08586001,17276647.474139996,0.4009227362204724,1131,1641,0.009575981305246046,0.013894063060927287,740,344
0.8200000000000001,0.92,39226101.280250005,1004533.79177,6650.0,40237285.07202001,17703133.487979993,0.397121062992126,1330,1442,0.011260879872658922,0.01220916449351441,836,248
0.8200000000000001,0.9400000000000001,39494559.86675,640311.3194200001,7675.0,40142546.186170004,17797872.373829998,0.3924704724409449,1535,1237,0.012996579401903343,0.01047346496426999,915,169
0.8200000000000001,0.9600000000000001,39775606.295,503774.76151999994,8730.0,40288111.05652,17652307.503480002,0.38674950787401574,1746,1026,0.014783079892979308,0.008686964473194026,971,113
0.8200000000000001,0.98,40227467.84525,415090.13539999997,10865.0,40653422.98065,17286995.579350002,0.37320374015748026,2173,599,0.018398415009990857,0.005071629356182477,1031,53
0.8400000000000001,0.8400000000000001,39861826.269999996,4282581.398999999,0.0,44144407.66899999,13796010.89100001,0.39345472440944884,0,2439,0.0,0.02065059098452264,0,840
0.8400000000000001,0.86,40143621.79075,2938433.8226799998,1595.0,43083650.61342999,14856767.946570009,0.3893946850393701,319,2120,0.0027009178040437566,0.017949673180478885,209,631
0.8400000000000001,0.88,40418353.77774999,2151828.30968,2795.0,42572977.08742999,15367441.47257001,0.3863681102362205,559,1880,0.004732956277305517,0.01591763470721712,367,473
0.8400000000000001,0.9,40750801.3,1493918.5114099998,3990.0,42248709.811409995,15691708.748590007,0.38230807086614177,798,1641,0.006756527923595353,0.013894063060927287,496,344
0.8400000000000001,0.92,40897908.786249995,919330.01132,4985.0,41822223.79757,16118194.762430005,0.37850639763779526,997,1442,0.008441426491008229,0.01220916449351441,592,248
0.8400000000000001,0.9400000000000001,41166367.37275,555107.53897,6010.0,41727484.91172,16212933.648280002,0.37385580708661414,1202,1237,0.01017712602025265,0.01047346496426999,671,169
0.8400000000000001,0.9600000000000001,41447413.801,418570.98107,7065.0,41873049.782069996,16067368.777930006,0.36813484251968503,1413,1026,0.011963626511328615,0.008686964473194026,727,113
0.8400000000000001,0.98,41899275.35124999,329886.35494999995,9200.0,42238361.706199996,15702056.853800006,0.3545890748031496,1840,599,0.015578961628340163,0.005071629356182477,787,53
0.86,0.86,41740463.075,2855838.871,0.0,44596301.946,13344116.614,0.36638779527559057,0,2120,0.0,0.017949673180478885,0,631
0.86,0.88,42015195.06200001,2069233.358,1200.0,44085628.42000001,13854790.139999993,0.36336122047244096,240,1880,0.0020320384732617604,0.01591763470721712,158,473
0.86,0.9,42347642.58425,1411323.5597299999,2395.0,43761361.143980004,14179057.416019998,0.3593011811023622,479,1641,0.004055610119551597,0.013894063060927287,287,344
0.86,0.92,42494750.0705,836735.0596400001,3390.0,43334875.13014,14605543.429860003,0.35549950787401574,678,1442,0.005740508686964473,0.01220916449351441,383,248
0.86,0.9400000000000001,42763208.657000005,472512.58729,4415.0,43240136.24429,14700282.31571,0.35084891732283463,883,1237,0.0074762082162088935,0.01047346496426999,462,169
0.86,0.9600000000000001,43044255.085250005,335976.02939,5470.0,43385701.114640005,14554717.445359997,0.34512795275590546,1094,1026,0.009262708707284857,0.008686964473194026,518,113
0.86,0.98,43496116.63550001,247291.40327,7605.0,43751013.038770005,14189405.521229997,0.3315821850393701,1521,599,0.012878043824296406,0.005071629356182477,578,53
0.88,0.88,43572009.655,2021444.921,0.0,45593454.576000005,12346963.983999997,0.34621062992125984,0,1880,0.0,0.01591763470721712,0,473
0.88,0.9,43904457.17725,1363535.12273,1195.0,45269187.29998,12671231.260020003,0.3421505905511811,239,1641,0.0020235716462898364,0.013894063060927287,129,344
0.88,0.92,44051564.6635,788946.6226400001,2190.0,44842701.28614,13097717.27386,0.3383489173228346,438,1442,0.003708470213702713,0.01220916449351441,225,248
0.88,0.9400000000000001,44320023.25,424724.15029,3215.0,44747962.40029,13192456.159710005,0.33369832677165356,643,1237,0.005444169742947133,0.01047346496426999,304,169
0.88,0.9600000000000001,44601069.67825,288187.59239,4270.0,44893527.27064,13046891.289360002,0.32797736220472445,854,1026,0.007230670234023098,0.008686964473194026,360,113
0.88,0.98,45052931.2285,199502.96626999998,6405.0,45258839.19477,12681579.365230002,0.31443159448818897,1281,599,0.010846005351034646,0.005071629356182477,420,53
0.9,0.9,45788326.47,1323517.0505,0.0,47111843.5205,10828575.039500006,0.31914370078740156,0,1641,0.0,0.013894063060927287,0,344
0.9,0.92,45935433.95625,748928.55041,995.0,46685357.50666,11255061.053340003,0.3153420275590551,199,1442,0.0016848985674128764,0.01220916449351441,96,248
0.9,0.9400000000000001,46203892.54275,384706.07805999997,2020.0,46590618.62081,11349799.93919,0.31069143700787405,404,1237,0.0034205980966572967,0.01047346496426999,175,169
0.9,0.9600000000000001,46484938.971,248169.52016,3075.0,46736183.49116,11204235.068840005,0.3049704724409449,615,1026,0.005207098587733261,0.008686964473194026,231,113
0.9,0.98,46936800.52125,159484.89403999998,5210.0,47101495.415290006,10838923.144709997,0.2914247047244094,1042,599,0.00882243370474481,0.005071629356182477,291,53
0.92,0.92,46769043.045,713723.327,0.0,47482766.372,10457652.188000001,0.2937992125984252,0,1442,0.0,0.01220916449351441,0,248
0.92,0.9400000000000001,47037501.6315,349500.85465,1025.0,47388027.48615,10552391.073850006,0.28914862204724406,205,1237,0.0017356995292444203,0.01047346496426999,79,169
0.92,0.9600000000000001,47318548.05975,212964.29674999998,2080.0,47533592.3565,10406826.203500003,0.28342765748031495,416,1026,0.0035222000203203848,0.008686964473194026,135,113
0.92,0.98,47770409.61,124279.67063000001,4215.0,47898904.28063,10041514.279370002,0.2698818897637795,843,599,0.0071375351373319336,0.005071629356182477,195,53
0.9400000000000001,0.9400000000000001,48558766.955,327462.8245,0.0,48886229.7795,9054188.780500002,0.26279527559055116,0,1237,0.0,0.01047346496426999,0,169
0.9400000000000001,0.9600000000000001,48839813.38325,190926.26659999997,1055.0,49031794.649849996,8908623.910150006,0.25707431102362205,211,1026,0.0017865004910759643,0.008686964473194026,56,113
0.9400000000000001,0.98,49291674.9335,102241.64047999999,3190.0,49397106.573979996,8543311.986020006,0.24352854330708662,638,599,0.005401835608087513,0.005071629356182477,116,53
0.9600000000000001,0.9600000000000001,50432409.81,183069.03949999998,0.0,50615478.8495,7324939.710500002,0.2246555118110236,0,1026,0.0,0.008686964473194026,0,113
0.9600000000000001,0.98,50884271.36025,94384.41338,2135.0,50980790.77363,6959627.786370002,0.2111097440944882,427,599,0.003615335117011549,0.005071629356182477,60,53
0.98,0.98,53444820.144999996,89642.8415,0.0,53534462.986499995,4405955.573500007,0.1343503937007874,0,599,0.0,0.005071629356182477,0,53
